"15657","8BE7D27107DFADFEEED1460CDCD27D86F29E66BE","0000-00-00",448,37997845604,3638107236,1265827212,3
"8BE7D27107DFADFEEED1460CDCD27D86F29E66BE","agcp.dll",14437416,14437416,12708253,0
"8BE7D27107DFADFEEED1460CDCD27D86F29E66BE","amd_ags_x64.dll",175656,175656,87547,0
"8BE7D27107DFADFEEED1460CDCD27D86F29E66BE","api-ms-win-core-console-l1-1-0.dll",12224,12224,6163,0
"8BE7D27107DFADFEEED1460CDCD27D86F29E66BE","api-ms-win-core-datetime-l1-1-0.dll",11712,11712,6002,0
"8BE7D27107DFADFEEED1460CDCD27D86F29E66BE","api-ms-win-core-debug-l1-1-0.dll",11720,11720,6031,0
"8BE7D27107DFADFEEED1460CDCD27D86F29E66BE","api-ms-win-core-errorhandling-l1-1-0.dll",11720,11720,6067,0
"8BE7D27107DFADFEEED1460CDCD27D86F29E66BE","api-ms-win-core-file-l1-1-0.dll",15304,15304,7017,0
"8BE7D27107DFADFEEED1460CDCD27D86F29E66BE","api-ms-win-core-file-l1-2-0.dll",11712,11712,6036,0
"8BE7D27107DFADFEEED1460CDCD27D86F29E66BE","api-ms-win-core-file-l2-1-0.dll",11720,11720,6165,0
"8BE7D27107DFADFEEED1460CDCD27D86F29E66BE","api-ms-win-core-handle-l1-1-0.dll",11720,11720,6045,0
"8BE7D27107DFADFEEED1460CDCD27D86F29E66BE","api-ms-win-core-heap-l1-1-0.dll",12232,12232,6195,0
"8BE7D27107DFADFEEED1460CDCD27D86F29E66BE","api-ms-win-core-interlocked-l1-1-0.dll",11712,11712,6058,0
"8BE7D27107DFADFEEED1460CDCD27D86F29E66BE","api-ms-win-core-libraryloader-l1-1-0.dll",12736,12736,6331,0
"8BE7D27107DFADFEEED1460CDCD27D86F29E66BE","api-ms-win-core-localization-l1-2-0.dll",14280,14280,6826,0
"8BE7D27107DFADFEEED1460CDCD27D86F29E66BE","api-ms-win-core-memory-l1-1-0.dll",12224,12224,6181,0
"8BE7D27107DFADFEEED1460CDCD27D86F29E66BE","api-ms-win-core-namedpipe-l1-1-0.dll",11720,11720,6138,0
"8BE7D27107DFADFEEED1460CDCD27D86F29E66BE","api-ms-win-core-processenvironment-l1-1-0.dll",12744,12744,6262,0
"8BE7D27107DFADFEEED1460CDCD27D86F29E66BE","api-ms-win-core-processthreads-l1-1-0.dll",14272,14272,6727,0
"8BE7D27107DFADFEEED1460CDCD27D86F29E66BE","api-ms-win-core-processthreads-l1-1-1.dll",12232,12232,6228,0
"8BE7D27107DFADFEEED1460CDCD27D86F29E66BE","api-ms-win-core-profile-l1-1-0.dll",11200,11200,5996,0
"8BE7D27107DFADFEEED1460CDCD27D86F29E66BE","api-ms-win-core-rtlsupport-l1-1-0.dll",12224,12224,6203,0
"8BE7D27107DFADFEEED1460CDCD27D86F29E66BE","api-ms-win-core-string-l1-1-0.dll",11720,11720,6087,0
"8BE7D27107DFADFEEED1460CDCD27D86F29E66BE","api-ms-win-core-synch-l1-1-0.dll",13760,13760,6560,0
"8BE7D27107DFADFEEED1460CDCD27D86F29E66BE","api-ms-win-core-synch-l1-2-0.dll",12232,12232,6262,0
"8BE7D27107DFADFEEED1460CDCD27D86F29E66BE","api-ms-win-core-sysinfo-l1-1-0.dll",12744,12744,6304,0
"8BE7D27107DFADFEEED1460CDCD27D86F29E66BE","api-ms-win-core-timezone-l1-1-0.dll",12232,12232,6192,0
"8BE7D27107DFADFEEED1460CDCD27D86F29E66BE","api-ms-win-core-util-l1-1-0.dll",11720,11720,6027,0
"8BE7D27107DFADFEEED1460CDCD27D86F29E66BE","api-ms-win-crt-conio-l1-1-0.dll",12744,12744,6307,0
"8BE7D27107DFADFEEED1460CDCD27D86F29E66BE","api-ms-win-crt-convert-l1-1-0.dll",15816,15816,7195,0
"8BE7D27107DFADFEEED1460CDCD27D86F29E66BE","api-ms-win-crt-environment-l1-1-0.dll",12232,12232,6166,0
"8BE7D27107DFADFEEED1460CDCD27D86F29E66BE","api-ms-win-crt-filesystem-l1-1-0.dll",13768,13768,6712,0
"8BE7D27107DFADFEEED1460CDCD27D86F29E66BE","api-ms-win-crt-heap-l1-1-0.dll",12744,12744,6302,0
"8BE7D27107DFADFEEED1460CDCD27D86F29E66BE","api-ms-win-crt-locale-l1-1-0.dll",12232,12232,6271,0
"8BE7D27107DFADFEEED1460CDCD27D86F29E66BE","api-ms-win-crt-math-l1-1-0.dll",20928,20928,8777,0
"8BE7D27107DFADFEEED1460CDCD27D86F29E66BE","api-ms-win-crt-multibyte-l1-1-0.dll",19904,19904,8013,0
"8BE7D27107DFADFEEED1460CDCD27D86F29E66BE","api-ms-win-crt-private-l1-1-0.dll",64456,64456,18942,0
"8BE7D27107DFADFEEED1460CDCD27D86F29E66BE","api-ms-win-crt-process-l1-1-0.dll",12736,12736,6334,0
"8BE7D27107DFADFEEED1460CDCD27D86F29E66BE","api-ms-win-crt-runtime-l1-1-0.dll",16328,16328,7465,0
"8BE7D27107DFADFEEED1460CDCD27D86F29E66BE","api-ms-win-crt-stdio-l1-1-0.dll",17864,17864,7810,0
"8BE7D27107DFADFEEED1460CDCD27D86F29E66BE","api-ms-win-crt-string-l1-1-0.dll",18368,18368,7825,0
"8BE7D27107DFADFEEED1460CDCD27D86F29E66BE","api-ms-win-crt-time-l1-1-0.dll",14280,14280,6788,0
"8BE7D27107DFADFEEED1460CDCD27D86F29E66BE","api-ms-win-crt-utility-l1-1-0.dll",12224,12224,6295,0
"8BE7D27107DFADFEEED1460CDCD27D86F29E66BE","bink2w64.dll",414928,414928,199671,0
"8BE7D27107DFADFEEED1460CDCD27D86F29E66BE","d3d12_dl.dll",1771344,1771344,508657,0
"8BE7D27107DFADFEEED1460CDCD27D86F29E66BE","d3dcompiler_47.dll",4481984,4481984,1643613,0
"8BE7D27107DFADFEEED1460CDCD27D86F29E66BE","dbgcore.dll",166552,166552,73220,0
"8BE7D27107DFADFEEED1460CDCD27D86F29E66BE","dbghelp.dll",1938072,1938072,713683,0
"8BE7D27107DFADFEEED1460CDCD27D86F29E66BE","dxcompiler.dll",18934608,18934608,6504395,0
"8BE7D27107DFADFEEED1460CDCD27D86F29E66BE","dxil.dll",1119176,1119176,431339,0
"8BE7D27107DFADFEEED1460CDCD27D86F29E66BE","dxilconv7.dll",1274704,1274704,496828,0
"8BE7D27107DFADFEEED1460CDCD27D86F29E66BE","launcherbe.exe",330280,330280,198311,0
"8BE7D27107DFADFEEED1460CDCD27D86F29E66BE","ucrtbase.dll",1011656,1011656,413990,0
"8BE7D27107DFADFEEED1460CDCD27D86F29E66BE","upc_r2_loader64.dll",750912,750912,204819,0
"8BE7D27107DFADFEEED1460CDCD27D86F29E66BE","uplay_env",7,7,16,0
"8BE7D27107DFADFEEED1460CDCD27D86F29E66BE","uplay_manifest.xml",30857,30857,1937,0
"8BE7D27107DFADFEEED1460CDCD27D86F29E66BE","version.txt",43,43,52,0
"8BE7D27107DFADFEEED1460CDCD27D86F29E66BE","XDefiant.exe",74328144,74328144,68125696,0
"8BE7D27107DFADFEEED1460CDCD27D86F29E66BE","XDefiant_BE.exe",1447176,1447176,966597,0
"8BE7D27107DFADFEEED1460CDCD27D86F29E66BE","xinput1_3.dll",107368,107368,46283,0
"8BE7D27107DFADFEEED1460CDCD27D86F29E66BE","BattlEye\BEClient_x64.cfg",27,27,36,0
"8BE7D27107DFADFEEED1460CDCD27D86F29E66BE","BattlEye\BEClient_x64.dll",6111496,6111496,5645036,0
"8BE7D27107DFADFEEED1460CDCD27D86F29E66BE","BattlEye\BELauncher.ini",91,91,100,0
"8BE7D27107DFADFEEED1460CDCD27D86F29E66BE","BattlEye\BEService_x64.exe",14226728,14226728,13397510,0
"8BE7D27107DFADFEEED1460CDCD27D86F29E66BE","BattlEye\Install_BattlEye.bat",62,62,71,0
"8BE7D27107DFADFEEED1460CDCD27D86F29E66BE","BattlEye\Licenses.txt",1128,1128,706,0
"8BE7D27107DFADFEEED1460CDCD27D86F29E66BE","BattlEye\Uninstall_BattlEye.bat",62,62,71,0
"8BE7D27107DFADFEEED1460CDCD27D86F29E66BE","BattlEye\Privacy\cs.txt",1545,1545,815,0
"8BE7D27107DFADFEEED1460CDCD27D86F29E66BE","BattlEye\Privacy\de.txt",1445,1445,738,0
"8BE7D27107DFADFEEED1460CDCD27D86F29E66BE","BattlEye\Privacy\en.txt",1302,1302,631,0
"8BE7D27107DFADFEEED1460CDCD27D86F29E66BE","BattlEye\Privacy\es-MX.txt",1540,1540,726,0
"8BE7D27107DFADFEEED1460CDCD27D86F29E66BE","BattlEye\Privacy\es.txt",1532,1532,724,0
"8BE7D27107DFADFEEED1460CDCD27D86F29E66BE","BattlEye\Privacy\fr.txt",1677,1677,807,0
"8BE7D27107DFADFEEED1460CDCD27D86F29E66BE","BattlEye\Privacy\it.txt",1376,1376,661,0
"8BE7D27107DFADFEEED1460CDCD27D86F29E66BE","BattlEye\Privacy\ja.txt",1601,1601,795,0
"8BE7D27107DFADFEEED1460CDCD27D86F29E66BE","BattlEye\Privacy\ko.txt",1407,1407,761,0
"8BE7D27107DFADFEEED1460CDCD27D86F29E66BE","BattlEye\Privacy\nl.txt",1394,1394,676,0
"8BE7D27107DFADFEEED1460CDCD27D86F29E66BE","BattlEye\Privacy\pl.txt",1610,1610,835,0
"8BE7D27107DFADFEEED1460CDCD27D86F29E66BE","BattlEye\Privacy\pt.txt",1512,1512,726,0
"8BE7D27107DFADFEEED1460CDCD27D86F29E66BE","BattlEye\Privacy\ru.txt",2012,2012,839,0
"8BE7D27107DFADFEEED1460CDCD27D86F29E66BE","BattlEye\Privacy\tr.txt",1376,1376,681,0
"8BE7D27107DFADFEEED1460CDCD27D86F29E66BE","BattlEye\Privacy\zh-TW.txt",1067,1067,660,0
"8BE7D27107DFADFEEED1460CDCD27D86F29E66BE","BattlEye\Privacy\zh.txt",1052,1052,649,0
"8BE7D27107DFADFEEED1460CDCD27D86F29E66BE","BattlEye\Text\cs.ini",3192,3192,1455,0
"8BE7D27107DFADFEEED1460CDCD27D86F29E66BE","BattlEye\Text\de.ini",3283,3283,1418,0
"8BE7D27107DFADFEEED1460CDCD27D86F29E66BE","BattlEye\Text\en.ini",2748,2748,1172,0
"8BE7D27107DFADFEEED1460CDCD27D86F29E66BE","BattlEye\Text\es.ini",3137,3137,1339,0
"8BE7D27107DFADFEEED1460CDCD27D86F29E66BE","BattlEye\Text\fr.ini",3246,3246,1408,0
"8BE7D27107DFADFEEED1460CDCD27D86F29E66BE","BattlEye\Text\it.ini",3024,3024,1302,0
"8BE7D27107DFADFEEED1460CDCD27D86F29E66BE","BattlEye\Text\ja.ini",4125,4125,1552,0
"8BE7D27107DFADFEEED1460CDCD27D86F29E66BE","BattlEye\Text\ko.ini",3362,3362,1431,0
"8BE7D27107DFADFEEED1460CDCD27D86F29E66BE","BattlEye\Text\nl.ini",3004,3004,1309,0
"8BE7D27107DFADFEEED1460CDCD27D86F29E66BE","BattlEye\Text\pl.ini",3165,3165,1436,0
"8BE7D27107DFADFEEED1460CDCD27D86F29E66BE","BattlEye\Text\pt.ini",3054,3054,1324,0
"8BE7D27107DFADFEEED1460CDCD27D86F29E66BE","BattlEye\Text\ru.ini",4901,4901,1718,0
"8BE7D27107DFADFEEED1460CDCD27D86F29E66BE","BattlEye\Text\tr.ini",2990,2990,1347,0
"8BE7D27107DFADFEEED1460CDCD27D86F29E66BE","BattlEye\Text\zh-TW.ini",2628,2628,1371,0
"8BE7D27107DFADFEEED1460CDCD27D86F29E66BE","BattlEye\Text\zh.ini",2628,2628,1363,0
"8BE7D27107DFADFEEED1460CDCD27D86F29E66BE","certs\dev\ssl_remote_cert.pem",912,912,593,0
"8BE7D27107DFADFEEED1460CDCD27D86F29E66BE","hunter\sdf\pc\data\sdf-A-0000.sdfdata",239405278,239405278,212943693,0
"8BE7D27107DFADFEEED1460CDCD27D86F29E66BE","hunter\sdf\pc\data\sdf-A-0002.sdfdata",39395033,39395033,31575951,0
"8BE7D27107DFADFEEED1460CDCD27D86F29E66BE","hunter\sdf\pc\data\sdf-A-0003.sdfdata",60354,60354,51781,0
"8BE7D27107DFADFEEED1460CDCD27D86F29E66BE","hunter\sdf\pc\data\sdf-A-0004.sdfdata",2630990,2630990,2163306,0
"8BE7D27107DFADFEEED1460CDCD27D86F29E66BE","hunter\sdf\pc\data\sdf-A-0005.sdfdata",489159,489159,429173,0
"8BE7D27107DFADFEEED1460CDCD27D86F29E66BE","hunter\sdf\pc\data\sdf-A-0016.sdfdata",160776,160776,81491,0
"8BE7D27107DFADFEEED1460CDCD27D86F29E66BE","hunter\sdf\pc\data\sdf-A-0017.sdfdata",1821,1821,1507,0
"8BE7D27107DFADFEEED1460CDCD27D86F29E66BE","hunter\sdf\pc\data\sdf-A-0020.sdfdata",133988248,133988248,125659823,0
"8BE7D27107DFADFEEED1460CDCD27D86F29E66BE","hunter\sdf\pc\data\sdf-A-0021.sdfdata",85932691,85932691,80409998,0
"8BE7D27107DFADFEEED1460CDCD27D86F29E66BE","hunter\sdf\pc\data\sdf-A-0022.sdfdata",21813819,21813819,19974646,0
"8BE7D27107DFADFEEED1460CDCD27D86F29E66BE","hunter\sdf\pc\data\sdf-A-0023.sdfdata",24307310,24307310,22333862,0
"8BE7D27107DFADFEEED1460CDCD27D86F29E66BE","hunter\sdf\pc\data\sdf-A-0024.sdfdata",22472341,22472341,20830875,0
"8BE7D27107DFADFEEED1460CDCD27D86F29E66BE","hunter\sdf\pc\data\sdf-A-0060.sdfdata",87486508,87486508,67237175,0
"8BE7D27107DFADFEEED1460CDCD27D86F29E66BE","hunter\sdf\pc\data\sdf-A-0061.sdfdata",5169917,5169917,4089401,0
"8BE7D27107DFADFEEED1460CDCD27D86F29E66BE","hunter\sdf\pc\data\sdf-A-0100.sdfdata",134146672,134146672,110660278,0
"8BE7D27107DFADFEEED1460CDCD27D86F29E66BE","hunter\sdf\pc\data\sdf-A-0101.sdfdata",134210933,134210933,125998653,0
"8BE7D27107DFADFEEED1460CDCD27D86F29E66BE","hunter\sdf\pc\data\sdf-A-0102.sdfdata",134196311,134196311,124029750,0
"8BE7D27107DFADFEEED1460CDCD27D86F29E66BE","hunter\sdf\pc\data\sdf-A-0103.sdfdata",133359709,133359709,119169020,0
"8BE7D27107DFADFEEED1460CDCD27D86F29E66BE","hunter\sdf\pc\data\sdf-A-0104.sdfdata",133548235,133548235,125962892,0
"8BE7D27107DFADFEEED1460CDCD27D86F29E66BE","hunter\sdf\pc\data\sdf-A-0105.sdfdata",128178342,128178342,106857944,0
"8BE7D27107DFADFEEED1460CDCD27D86F29E66BE","hunter\sdf\pc\data\sdf-A-0106.sdfdata",134075921,134075921,124337591,0
"8BE7D27107DFADFEEED1460CDCD27D86F29E66BE","hunter\sdf\pc\data\sdf-A-0107.sdfdata",133951429,133951429,124208010,0
"8BE7D27107DFADFEEED1460CDCD27D86F29E66BE","hunter\sdf\pc\data\sdf-A-0108.sdfdata",133598855,133598855,124659158,0
"8BE7D27107DFADFEEED1460CDCD27D86F29E66BE","hunter\sdf\pc\data\sdf-A-0109.sdfdata",134172637,134172637,127092865,0
"8BE7D27107DFADFEEED1460CDCD27D86F29E66BE","hunter\sdf\pc\data\sdf-A-0110.sdfdata",133896791,133896791,127994009,0
"8BE7D27107DFADFEEED1460CDCD27D86F29E66BE","hunter\sdf\pc\data\sdf-A-0111.sdfdata",133376938,133376938,127577191,0
"8BE7D27107DFADFEEED1460CDCD27D86F29E66BE","hunter\sdf\pc\data\sdf-A-0112.sdfdata",133590120,133590120,127719071,0
"8BE7D27107DFADFEEED1460CDCD27D86F29E66BE","hunter\sdf\pc\data\sdf-A-0113.sdfdata",134085606,134085606,128217928,0
"8BE7D27107DFADFEEED1460CDCD27D86F29E66BE","hunter\sdf\pc\data\sdf-A-0114.sdfdata",133777763,133777763,127797148,0
"8BE7D27107DFADFEEED1460CDCD27D86F29E66BE","hunter\sdf\pc\data\sdf-A-0115.sdfdata",134213501,134213501,127542236,0
"8BE7D27107DFADFEEED1460CDCD27D86F29E66BE","hunter\sdf\pc\data\sdf-A-0116.sdfdata",133433602,133433602,126856402,0
"8BE7D27107DFADFEEED1460CDCD27D86F29E66BE","hunter\sdf\pc\data\sdf-A-0117.sdfdata",132344260,132344260,126492052,0
"8BE7D27107DFADFEEED1460CDCD27D86F29E66BE","hunter\sdf\pc\data\sdf-A-0118.sdfdata",133515211,133515211,128438257,0
"8BE7D27107DFADFEEED1460CDCD27D86F29E66BE","hunter\sdf\pc\data\sdf-A-0119.sdfdata",134203875,134203875,128413227,0
"8BE7D27107DFADFEEED1460CDCD27D86F29E66BE","hunter\sdf\pc\data\sdf-A-0120.sdfdata",133486033,133486033,127065941,0
"8BE7D27107DFADFEEED1460CDCD27D86F29E66BE","hunter\sdf\pc\data\sdf-A-0121.sdfdata",132657078,132657078,131226631,0
"8BE7D27107DFADFEEED1460CDCD27D86F29E66BE","hunter\sdf\pc\data\sdf-A-0122.sdfdata",128344632,128344632,126905793,0
"8BE7D27107DFADFEEED1460CDCD27D86F29E66BE","hunter\sdf\pc\data\sdf-A-0123.sdfdata",134205950,134205950,126518446,0
"8BE7D27107DFADFEEED1460CDCD27D86F29E66BE","hunter\sdf\pc\data\sdf-A-0124.sdfdata",134095385,134095385,117534787,0
"8BE7D27107DFADFEEED1460CDCD27D86F29E66BE","hunter\sdf\pc\data\sdf-A-0125.sdfdata",126318575,126318575,115758432,0
"8BE7D27107DFADFEEED1460CDCD27D86F29E66BE","hunter\sdf\pc\data\sdf-A-0126.sdfdata",125017606,125017606,113947609,0
"8BE7D27107DFADFEEED1460CDCD27D86F29E66BE","hunter\sdf\pc\data\sdf-A-0127.sdfdata",134123916,134123916,126385789,0
"8BE7D27107DFADFEEED1460CDCD27D86F29E66BE","hunter\sdf\pc\data\sdf-A-0128.sdfdata",132401348,132401348,129615139,0
"8BE7D27107DFADFEEED1460CDCD27D86F29E66BE","hunter\sdf\pc\data\sdf-A-0129.sdfdata",132290746,132290746,129990537,0
"8BE7D27107DFADFEEED1460CDCD27D86F29E66BE","hunter\sdf\pc\data\sdf-A-0130.sdfdata",134104576,134104576,131294985,0
"8BE7D27107DFADFEEED1460CDCD27D86F29E66BE","hunter\sdf\pc\data\sdf-A-0131.sdfdata",133876677,133876677,131221318,0
"8BE7D27107DFADFEEED1460CDCD27D86F29E66BE","hunter\sdf\pc\data\sdf-A-0132.sdfdata",133080263,133080263,130421313,0
"8BE7D27107DFADFEEED1460CDCD27D86F29E66BE","hunter\sdf\pc\data\sdf-A-0133.sdfdata",132587105,132587105,130159950,0
"8BE7D27107DFADFEEED1460CDCD27D86F29E66BE","hunter\sdf\pc\data\sdf-A-0134.sdfdata",132985742,132985742,130430933,0
"8BE7D27107DFADFEEED1460CDCD27D86F29E66BE","hunter\sdf\pc\data\sdf-A-0135.sdfdata",133584233,133584233,130743145,0
"8BE7D27107DFADFEEED1460CDCD27D86F29E66BE","hunter\sdf\pc\data\sdf-A-0136.sdfdata",133004293,133004293,130209190,0
"8BE7D27107DFADFEEED1460CDCD27D86F29E66BE","hunter\sdf\pc\data\sdf-A-0137.sdfdata",132608056,132608056,129750556,0
"8BE7D27107DFADFEEED1460CDCD27D86F29E66BE","hunter\sdf\pc\data\sdf-A-0138.sdfdata",133149567,133149567,130265980,0
"8BE7D27107DFADFEEED1460CDCD27D86F29E66BE","hunter\sdf\pc\data\sdf-A-0139.sdfdata",132641568,132641568,129412714,0
"8BE7D27107DFADFEEED1460CDCD27D86F29E66BE","hunter\sdf\pc\data\sdf-A-0140.sdfdata",133731072,133731072,130507175,0
"8BE7D27107DFADFEEED1460CDCD27D86F29E66BE","hunter\sdf\pc\data\sdf-A-0141.sdfdata",133918524,133918524,130865344,0
"8BE7D27107DFADFEEED1460CDCD27D86F29E66BE","hunter\sdf\pc\data\sdf-A-0142.sdfdata",134049240,134049240,130382365,0
"8BE7D27107DFADFEEED1460CDCD27D86F29E66BE","hunter\sdf\pc\data\sdf-A-0143.sdfdata",134170330,134170330,102899908,0
"8BE7D27107DFADFEEED1460CDCD27D86F29E66BE","hunter\sdf\pc\data\sdf-A-0144.sdfdata",133572768,133572768,118098047,0
"8BE7D27107DFADFEEED1460CDCD27D86F29E66BE","hunter\sdf\pc\data\sdf-A-0145.sdfdata",134083100,134083100,126127836,0
"8BE7D27107DFADFEEED1460CDCD27D86F29E66BE","hunter\sdf\pc\data\sdf-A-0146.sdfdata",131798291,131798291,123337112,0
"8BE7D27107DFADFEEED1460CDCD27D86F29E66BE","hunter\sdf\pc\data\sdf-A-0147.sdfdata",132442973,132442973,124896045,0
"8BE7D27107DFADFEEED1460CDCD27D86F29E66BE","hunter\sdf\pc\data\sdf-A-0148.sdfdata",131347827,131347827,124949537,0
"8BE7D27107DFADFEEED1460CDCD27D86F29E66BE","hunter\sdf\pc\data\sdf-A-0149.sdfdata",130534641,130534641,122892624,0
"8BE7D27107DFADFEEED1460CDCD27D86F29E66BE","hunter\sdf\pc\data\sdf-A-0150.sdfdata",133792611,133792611,126297799,0
"8BE7D27107DFADFEEED1460CDCD27D86F29E66BE","hunter\sdf\pc\data\sdf-A-0151.sdfdata",133670328,133670328,125320447,0
"8BE7D27107DFADFEEED1460CDCD27D86F29E66BE","hunter\sdf\pc\data\sdf-A-0152.sdfdata",134186116,134186116,126678074,0
"8BE7D27107DFADFEEED1460CDCD27D86F29E66BE","hunter\sdf\pc\data\sdf-A-0153.sdfdata",133896397,133896397,126779590,0
"8BE7D27107DFADFEEED1460CDCD27D86F29E66BE","hunter\sdf\pc\data\sdf-A-0154.sdfdata",132666084,132666084,126277048,0
"8BE7D27107DFADFEEED1460CDCD27D86F29E66BE","hunter\sdf\pc\data\sdf-A-0155.sdfdata",130933653,130933653,123646372,0
"8BE7D27107DFADFEEED1460CDCD27D86F29E66BE","hunter\sdf\pc\data\sdf-A-0156.sdfdata",132879883,132879883,124553454,0
"8BE7D27107DFADFEEED1460CDCD27D86F29E66BE","hunter\sdf\pc\data\sdf-A-0157.sdfdata",130350863,130350863,122652993,0
"8BE7D27107DFADFEEED1460CDCD27D86F29E66BE","hunter\sdf\pc\data\sdf-A-0158.sdfdata",134123444,134123444,127030976,0
"8BE7D27107DFADFEEED1460CDCD27D86F29E66BE","hunter\sdf\pc\data\sdf-A-0159.sdfdata",133443815,133443815,126996700,0
"8BE7D27107DFADFEEED1460CDCD27D86F29E66BE","hunter\sdf\pc\data\sdf-A-0160.sdfdata",132711169,132711169,124784620,0
"8BE7D27107DFADFEEED1460CDCD27D86F29E66BE","hunter\sdf\pc\data\sdf-A-0161.sdfdata",130012974,130012974,122971154,0
"8BE7D27107DFADFEEED1460CDCD27D86F29E66BE","hunter\sdf\pc\data\sdf-A-0162.sdfdata",132300550,132300550,125159618,0
"8BE7D27107DFADFEEED1460CDCD27D86F29E66BE","hunter\sdf\pc\data\sdf-A-0163.sdfdata",130075169,130075169,122989322,0
"8BE7D27107DFADFEEED1460CDCD27D86F29E66BE","hunter\sdf\pc\data\sdf-A-0164.sdfdata",132615669,132615669,125031597,0
"8BE7D27107DFADFEEED1460CDCD27D86F29E66BE","hunter\sdf\pc\data\sdf-A-0165.sdfdata",133387517,133387517,125721989,0
"8BE7D27107DFADFEEED1460CDCD27D86F29E66BE","hunter\sdf\pc\data\sdf-A-0166.sdfdata",133557191,133557191,126414733,0
"8BE7D27107DFADFEEED1460CDCD27D86F29E66BE","hunter\sdf\pc\data\sdf-A-0167.sdfdata",133440253,133440253,125182709,0
"8BE7D27107DFADFEEED1460CDCD27D86F29E66BE","hunter\sdf\pc\data\sdf-A-0168.sdfdata",133255147,133255147,127554824,0
"8BE7D27107DFADFEEED1460CDCD27D86F29E66BE","hunter\sdf\pc\data\sdf-A-0169.sdfdata",129518049,129518049,117646317,0
"8BE7D27107DFADFEEED1460CDCD27D86F29E66BE","hunter\sdf\pc\data\sdf-A-0170.sdfdata",130909441,130909441,124275178,0
"8BE7D27107DFADFEEED1460CDCD27D86F29E66BE","hunter\sdf\pc\data\sdf-A-0171.sdfdata",122051501,122051501,119475318,0
"8BE7D27107DFADFEEED1460CDCD27D86F29E66BE","hunter\sdf\pc\data\sdf-A-0172.sdfdata",126106124,126106124,125572091,0
"8BE7D27107DFADFEEED1460CDCD27D86F29E66BE","hunter\sdf\pc\data\sdf-A-0173.sdfdata",115365976,115365976,114909556,0
"8BE7D27107DFADFEEED1460CDCD27D86F29E66BE","hunter\sdf\pc\data\sdf-A-0174.sdfdata",134216341,134216341,123874269,0
"8BE7D27107DFADFEEED1460CDCD27D86F29E66BE","hunter\sdf\pc\data\sdf-A-0175.sdfdata",134205174,134205174,104327690,0
"8BE7D27107DFADFEEED1460CDCD27D86F29E66BE","hunter\sdf\pc\data\sdf-A-0176.sdfdata",133990902,133990902,117376674,0
"8BE7D27107DFADFEEED1460CDCD27D86F29E66BE","hunter\sdf\pc\data\sdf-A-0177.sdfdata",134211138,134211138,114333800,0
"8BE7D27107DFADFEEED1460CDCD27D86F29E66BE","hunter\sdf\pc\data\sdf-A-0178.sdfdata",111567849,111567849,95661842,0
"8BE7D27107DFADFEEED1460CDCD27D86F29E66BE","hunter\sdf\pc\data\sdf-A-0179.sdfdata",132706288,132706288,127089645,0
"8BE7D27107DFADFEEED1460CDCD27D86F29E66BE","hunter\sdf\pc\data\sdf-A-0180.sdfdata",133688432,133688432,133177717,0
"8BE7D27107DFADFEEED1460CDCD27D86F29E66BE","hunter\sdf\pc\data\sdf-A-0181.sdfdata",132278422,132278422,131725939,0
"8BE7D27107DFADFEEED1460CDCD27D86F29E66BE","hunter\sdf\pc\data\sdf-A-0182.sdfdata",132777731,132777731,132208451,0
"8BE7D27107DFADFEEED1460CDCD27D86F29E66BE","hunter\sdf\pc\data\sdf-A-0183.sdfdata",129620571,129620571,129128200,0
"8BE7D27107DFADFEEED1460CDCD27D86F29E66BE","hunter\sdf\pc\data\sdf-A-0184.sdfdata",133050107,133050107,132635593,0
"8BE7D27107DFADFEEED1460CDCD27D86F29E66BE","hunter\sdf\pc\data\sdf-A-0185.sdfdata",134216816,134216816,133759747,0
"8BE7D27107DFADFEEED1460CDCD27D86F29E66BE","hunter\sdf\pc\data\sdf-A-0186.sdfdata",132891199,132891199,132372621,0
"8BE7D27107DFADFEEED1460CDCD27D86F29E66BE","hunter\sdf\pc\data\sdf-A-0187.sdfdata",131309939,131309939,130835452,0
"8BE7D27107DFADFEEED1460CDCD27D86F29E66BE","hunter\sdf\pc\data\sdf-A-0188.sdfdata",133162082,133162082,132743648,0
"8BE7D27107DFADFEEED1460CDCD27D86F29E66BE","hunter\sdf\pc\data\sdf-A-0189.sdfdata",128648066,128648066,128018945,0
"8BE7D27107DFADFEEED1460CDCD27D86F29E66BE","hunter\sdf\pc\data\sdf-A-0190.sdfdata",129899228,129899228,129236834,0
"8BE7D27107DFADFEEED1460CDCD27D86F29E66BE","hunter\sdf\pc\data\sdf-A-0191.sdfdata",132385256,132385256,131994434,0
"8BE7D27107DFADFEEED1460CDCD27D86F29E66BE","hunter\sdf\pc\data\sdf-A-0192.sdfdata",133103905,133103905,132761396,0
"8BE7D27107DFADFEEED1460CDCD27D86F29E66BE","hunter\sdf\pc\data\sdf-A-0193.sdfdata",129523509,129523509,129171450,0
"8BE7D27107DFADFEEED1460CDCD27D86F29E66BE","hunter\sdf\pc\data\sdf-A-0194.sdfdata",131436088,131436088,130735397,0
"8BE7D27107DFADFEEED1460CDCD27D86F29E66BE","hunter\sdf\pc\data\sdf-A-0195.sdfdata",134020614,134020614,133490560,0
"8BE7D27107DFADFEEED1460CDCD27D86F29E66BE","hunter\sdf\pc\data\sdf-A-0196.sdfdata",133425866,133425866,132948745,0
"8BE7D27107DFADFEEED1460CDCD27D86F29E66BE","hunter\sdf\pc\data\sdf-A-0197.sdfdata",133669564,133669564,133224603,0
"8BE7D27107DFADFEEED1460CDCD27D86F29E66BE","hunter\sdf\pc\data\sdf-A-0198.sdfdata",128176377,128176377,127485299,0
"8BE7D27107DFADFEEED1460CDCD27D86F29E66BE","hunter\sdf\pc\data\sdf-A-0199.sdfdata",129227541,129227541,128751091,0
"8BE7D27107DFADFEEED1460CDCD27D86F29E66BE","hunter\sdf\pc\data\sdf-A-0200.sdfdata",132495335,132495335,132010740,0
"8BE7D27107DFADFEEED1460CDCD27D86F29E66BE","hunter\sdf\pc\data\sdf-A-0201.sdfdata",132119042,132119042,131664592,0
"8BE7D27107DFADFEEED1460CDCD27D86F29E66BE","hunter\sdf\pc\data\sdf-A-0202.sdfdata",131275896,131275896,130878106,0
"8BE7D27107DFADFEEED1460CDCD27D86F29E66BE","hunter\sdf\pc\data\sdf-A-0203.sdfdata",130888622,130888622,130310523,0
"8BE7D27107DFADFEEED1460CDCD27D86F29E66BE","hunter\sdf\pc\data\sdf-A-0204.sdfdata",131563103,131563103,130988403,0
"8BE7D27107DFADFEEED1460CDCD27D86F29E66BE","hunter\sdf\pc\data\sdf-A-0205.sdfdata",131095454,131095454,130669403,0
"8BE7D27107DFADFEEED1460CDCD27D86F29E66BE","hunter\sdf\pc\data\sdf-A-0206.sdfdata",133239632,133239632,132863676,0
"8BE7D27107DFADFEEED1460CDCD27D86F29E66BE","hunter\sdf\pc\data\sdf-A-0207.sdfdata",133903128,133903128,132116895,0
"8BE7D27107DFADFEEED1460CDCD27D86F29E66BE","hunter\sdf\pc\data\sdf-A-0208.sdfdata",133160691,133160691,127709166,0
"8BE7D27107DFADFEEED1460CDCD27D86F29E66BE","hunter\sdf\pc\data\sdf-A-0209.sdfdata",133821873,133821873,128194096,0
"8BE7D27107DFADFEEED1460CDCD27D86F29E66BE","hunter\sdf\pc\data\sdf-A-0210.sdfdata",129160858,129160858,126405298,0
"8BE7D27107DFADFEEED1460CDCD27D86F29E66BE","hunter\sdf\pc\data\sdf-A-0211.sdfdata",129014733,129014733,126643923,0
"8BE7D27107DFADFEEED1460CDCD27D86F29E66BE","hunter\sdf\pc\data\sdf-A-0212.sdfdata",130565529,130565529,127454226,0
"8BE7D27107DFADFEEED1460CDCD27D86F29E66BE","hunter\sdf\pc\data\sdf-A-0213.sdfdata",112717193,112717193,108685660,0
"8BE7D27107DFADFEEED1460CDCD27D86F29E66BE","hunter\sdf\pc\data\sdf-A-0214.sdfdata",112831923,112831923,110993810,0
"8BE7D27107DFADFEEED1460CDCD27D86F29E66BE","hunter\sdf\pc\data\sdf-A-0215.sdfdata",132134318,132134318,128245156,0
"8BE7D27107DFADFEEED1460CDCD27D86F29E66BE","hunter\sdf\pc\data\sdf-A-0216.sdfdata",134181055,134181055,124045604,0
"8BE7D27107DFADFEEED1460CDCD27D86F29E66BE","hunter\sdf\pc\data\sdf-A-0217.sdfdata",134211295,134211295,108817282,0
"8BE7D27107DFADFEEED1460CDCD27D86F29E66BE","hunter\sdf\pc\data\sdf-A-0218.sdfdata",134207415,134207415,94083940,0
"8BE7D27107DFADFEEED1460CDCD27D86F29E66BE","hunter\sdf\pc\data\sdf-A-0219.sdfdata",134117643,134117643,124079821,0
"8BE7D27107DFADFEEED1460CDCD27D86F29E66BE","hunter\sdf\pc\data\sdf-A-0220.sdfdata",134074923,134074923,129135279,0
"8BE7D27107DFADFEEED1460CDCD27D86F29E66BE","hunter\sdf\pc\data\sdf-A-0221.sdfdata",133982894,133982894,92633574,0
"8BE7D27107DFADFEEED1460CDCD27D86F29E66BE","hunter\sdf\pc\data\sdf-A-0222.sdfdata",134130788,134130788,128086373,0
"8BE7D27107DFADFEEED1460CDCD27D86F29E66BE","hunter\sdf\pc\data\sdf-A-0223.sdfdata",134013765,134013765,123958115,0
"8BE7D27107DFADFEEED1460CDCD27D86F29E66BE","hunter\sdf\pc\data\sdf-A-0224.sdfdata",134183087,134183087,121580602,0
"8BE7D27107DFADFEEED1460CDCD27D86F29E66BE","hunter\sdf\pc\data\sdf-A-0225.sdfdata",134204549,134204549,123851951,0
"8BE7D27107DFADFEEED1460CDCD27D86F29E66BE","hunter\sdf\pc\data\sdf-A-0226.sdfdata",134188394,134188394,125785631,0
"8BE7D27107DFADFEEED1460CDCD27D86F29E66BE","hunter\sdf\pc\data\sdf-A-0227.sdfdata",35879755,35879755,33529836,0
"8BE7D27107DFADFEEED1460CDCD27D86F29E66BE","hunter\sdf\pc\data\sdf-A-0228.sdfdata",82992628,82992628,59851917,0
"8BE7D27107DFADFEEED1460CDCD27D86F29E66BE","hunter\sdf\pc\data\sdf-A-0229.sdfdata",56052696,56052696,46319695,0
"8BE7D27107DFADFEEED1460CDCD27D86F29E66BE","hunter\sdf\pc\data\sdf-A-0230.sdfdata",107964391,107964391,100830654,0
"8BE7D27107DFADFEEED1460CDCD27D86F29E66BE","hunter\sdf\pc\data\sdf-A-0231.sdfdata",118308098,118308098,114166166,0
"8BE7D27107DFADFEEED1460CDCD27D86F29E66BE","hunter\sdf\pc\data\sdf-A-0232.sdfdata",79498789,79498789,76211795,0
"8BE7D27107DFADFEEED1460CDCD27D86F29E66BE","hunter\sdf\pc\data\sdf-A-0233.sdfdata",91473069,91473069,87444409,0
"8BE7D27107DFADFEEED1460CDCD27D86F29E66BE","hunter\sdf\pc\data\sdf-A-0234.sdfdata",86002535,86002535,82355181,0
"8BE7D27107DFADFEEED1460CDCD27D86F29E66BE","hunter\sdf\pc\data\sdf-A-0235.sdfdata",77432309,77432309,74150263,0
"8BE7D27107DFADFEEED1460CDCD27D86F29E66BE","hunter\sdf\pc\data\sdf-A-0236.sdfdata",83589859,83589859,79122006,0
"8BE7D27107DFADFEEED1460CDCD27D86F29E66BE","hunter\sdf\pc\data\sdf-A-0237.sdfdata",69192294,69192294,65978816,0
"8BE7D27107DFADFEEED1460CDCD27D86F29E66BE","hunter\sdf\pc\data\sdf-A-0238.sdfdata",80884385,80884385,77470922,0
"8BE7D27107DFADFEEED1460CDCD27D86F29E66BE","hunter\sdf\pc\data\sdf-A-0239.sdfdata",86130807,86130807,79788063,0
"8BE7D27107DFADFEEED1460CDCD27D86F29E66BE","hunter\sdf\pc\data\sdf-A-0240.sdfdata",67225184,67225184,61879340,0
"8BE7D27107DFADFEEED1460CDCD27D86F29E66BE","hunter\sdf\pc\data\sdf-A-0241.sdfdata",80471737,80471737,75216199,0
"8BE7D27107DFADFEEED1460CDCD27D86F29E66BE","hunter\sdf\pc\data\sdf-A-0242.sdfdata",83699203,83699203,78992878,0
"8BE7D27107DFADFEEED1460CDCD27D86F29E66BE","hunter\sdf\pc\data\sdf-A-0243.sdfdata",91484510,91484510,86378883,0
"8BE7D27107DFADFEEED1460CDCD27D86F29E66BE","hunter\sdf\pc\data\sdf-A-0244.sdfdata",89334559,89334559,83908573,0
"8BE7D27107DFADFEEED1460CDCD27D86F29E66BE","hunter\sdf\pc\data\sdf-A-0245.sdfdata",93346763,93346763,87663922,0
"8BE7D27107DFADFEEED1460CDCD27D86F29E66BE","hunter\sdf\pc\data\sdf-A-0246.sdfdata",96022096,96022096,90141312,0
"8BE7D27107DFADFEEED1460CDCD27D86F29E66BE","hunter\sdf\pc\data\sdf-A-0247.sdfdata",91560566,91560566,86741099,0
"8BE7D27107DFADFEEED1460CDCD27D86F29E66BE","hunter\sdf\pc\data\sdf-A-0248.sdfdata",90822100,90822100,86561542,0
"8BE7D27107DFADFEEED1460CDCD27D86F29E66BE","hunter\sdf\pc\data\sdf-A-0249.sdfdata",90832695,90832695,85312664,0
"8BE7D27107DFADFEEED1460CDCD27D86F29E66BE","hunter\sdf\pc\data\sdf-A-0250.sdfdata",94824854,94824854,89070175,0
"8BE7D27107DFADFEEED1460CDCD27D86F29E66BE","hunter\sdf\pc\data\sdf-A-0251.sdfdata",92099386,92099386,86538812,0
"8BE7D27107DFADFEEED1460CDCD27D86F29E66BE","hunter\sdf\pc\data\sdf-A-0252.sdfdata",96326288,96326288,92026492,0
"8BE7D27107DFADFEEED1460CDCD27D86F29E66BE","hunter\sdf\pc\data\sdf-A-0253.sdfdata",95300015,95300015,89529527,0
"8BE7D27107DFADFEEED1460CDCD27D86F29E66BE","hunter\sdf\pc\data\sdf-A-0254.sdfdata",93314654,93314654,88580229,0
"8BE7D27107DFADFEEED1460CDCD27D86F29E66BE","hunter\sdf\pc\data\sdf-A-0255.sdfdata",101185651,101185651,96152366,0
"8BE7D27107DFADFEEED1460CDCD27D86F29E66BE","hunter\sdf\pc\data\sdf-A-0256.sdfdata",100354041,100354041,94996375,0
"8BE7D27107DFADFEEED1460CDCD27D86F29E66BE","hunter\sdf\pc\data\sdf-A-0257.sdfdata",94553469,94553469,89521789,0
"8BE7D27107DFADFEEED1460CDCD27D86F29E66BE","hunter\sdf\pc\data\sdf-A-0258.sdfdata",90686238,90686238,86145542,0
"8BE7D27107DFADFEEED1460CDCD27D86F29E66BE","hunter\sdf\pc\data\sdf-A-0259.sdfdata",82485181,82485181,78313611,0
"8BE7D27107DFADFEEED1460CDCD27D86F29E66BE","hunter\sdf\pc\data\sdf-A-0260.sdfdata",83556593,83556593,79535318,0
"8BE7D27107DFADFEEED1460CDCD27D86F29E66BE","hunter\sdf\pc\data\sdf-A-0261.sdfdata",73924525,73924525,69944702,0
"8BE7D27107DFADFEEED1460CDCD27D86F29E66BE","hunter\sdf\pc\data\sdf-A-0262.sdfdata",82588518,82588518,78397165,0
"8BE7D27107DFADFEEED1460CDCD27D86F29E66BE","hunter\sdf\pc\data\sdf-A-0263.sdfdata",77512426,77512426,73054386,0
"8BE7D27107DFADFEEED1460CDCD27D86F29E66BE","hunter\sdf\pc\data\sdf-A-0264.sdfdata",78616899,78616899,74245224,0
"8BE7D27107DFADFEEED1460CDCD27D86F29E66BE","hunter\sdf\pc\data\sdf-A-0265.sdfdata",101943518,101943518,98521391,0
"8BE7D27107DFADFEEED1460CDCD27D86F29E66BE","hunter\sdf\pc\data\sdf-A-0266.sdfdata",76322581,76322581,65011813,0
"8BE7D27107DFADFEEED1460CDCD27D86F29E66BE","hunter\sdf\pc\data\sdf-A-0267.sdfdata",105478364,105478364,103847184,0
"8BE7D27107DFADFEEED1460CDCD27D86F29E66BE","hunter\sdf\pc\data\sdf-A-0268.sdfdata",55175486,55175486,38312018,0
"8BE7D27107DFADFEEED1460CDCD27D86F29E66BE","hunter\sdf\pc\data\sdf-A-0269.sdfdata",82419805,82419805,79000144,0
"8BE7D27107DFADFEEED1460CDCD27D86F29E66BE","hunter\sdf\pc\data\sdf-A-0270.sdfdata",86524403,86524403,80721379,0
"8BE7D27107DFADFEEED1460CDCD27D86F29E66BE","hunter\sdf\pc\data\sdf-A-0271.sdfdata",81244717,81244717,77179941,0
"8BE7D27107DFADFEEED1460CDCD27D86F29E66BE","hunter\sdf\pc\data\sdf-A-0272.sdfdata",83977066,83977066,80125942,0
"8BE7D27107DFADFEEED1460CDCD27D86F29E66BE","hunter\sdf\pc\data\sdf-A-0273.sdfdata",94566443,94566443,90003510,0
"8BE7D27107DFADFEEED1460CDCD27D86F29E66BE","hunter\sdf\pc\data\sdf-A-0274.sdfdata",80923253,80923253,76697097,0
"8BE7D27107DFADFEEED1460CDCD27D86F29E66BE","hunter\sdf\pc\data\sdf-A-0275.sdfdata",77315917,77315917,72980585,0
"8BE7D27107DFADFEEED1460CDCD27D86F29E66BE","hunter\sdf\pc\data\sdf-A-0276.sdfdata",62810214,62810214,59859017,0
"8BE7D27107DFADFEEED1460CDCD27D86F29E66BE","hunter\sdf\pc\data\sdf-A-0277.sdfdata",79257044,79257044,75403122,0
"8BE7D27107DFADFEEED1460CDCD27D86F29E66BE","hunter\sdf\pc\data\sdf-B-1000.sdfdata",134190155,134190155,100187957,0
"8BE7D27107DFADFEEED1460CDCD27D86F29E66BE","hunter\sdf\pc\data\sdf-B-1001.sdfdata",134207649,134207649,114013702,0
"8BE7D27107DFADFEEED1460CDCD27D86F29E66BE","hunter\sdf\pc\data\sdf-B-1002.sdfdata",134163670,134163670,101659013,0
"8BE7D27107DFADFEEED1460CDCD27D86F29E66BE","hunter\sdf\pc\data\sdf-B-1003.sdfdata",134001450,134001450,115011624,0
"8BE7D27107DFADFEEED1460CDCD27D86F29E66BE","hunter\sdf\pc\data\sdf-B-1004.sdfdata",134215987,134215987,126876112,0
"8BE7D27107DFADFEEED1460CDCD27D86F29E66BE","hunter\sdf\pc\data\sdf-B-1005.sdfdata",134189243,134189243,126457986,0
"8BE7D27107DFADFEEED1460CDCD27D86F29E66BE","hunter\sdf\pc\data\sdf-B-1006.sdfdata",134079887,134079887,123077938,0
"8BE7D27107DFADFEEED1460CDCD27D86F29E66BE","hunter\sdf\pc\data\sdf-B-1007.sdfdata",134208072,134208072,125125842,0
"8BE7D27107DFADFEEED1460CDCD27D86F29E66BE","hunter\sdf\pc\data\sdf-B-1008.sdfdata",133945244,133945244,126184702,0
"8BE7D27107DFADFEEED1460CDCD27D86F29E66BE","hunter\sdf\pc\data\sdf-B-1009.sdfdata",134173028,134173028,127177133,0
"8BE7D27107DFADFEEED1460CDCD27D86F29E66BE","hunter\sdf\pc\data\sdf-B-1010.sdfdata",134163598,134163598,126590898,0
"8BE7D27107DFADFEEED1460CDCD27D86F29E66BE","hunter\sdf\pc\data\sdf-B-1011.sdfdata",134148529,134148529,127469646,0
"8BE7D27107DFADFEEED1460CDCD27D86F29E66BE","hunter\sdf\pc\data\sdf-B-1012.sdfdata",134154157,134154157,127304644,0
"8BE7D27107DFADFEEED1460CDCD27D86F29E66BE","hunter\sdf\pc\data\sdf-B-1013.sdfdata",134208420,134208420,126171360,0
"8BE7D27107DFADFEEED1460CDCD27D86F29E66BE","hunter\sdf\pc\data\sdf-B-1014.sdfdata",133928840,133928840,126770472,0
"8BE7D27107DFADFEEED1460CDCD27D86F29E66BE","hunter\sdf\pc\data\sdf-B-1015.sdfdata",133954175,133954175,124457966,0
"8BE7D27107DFADFEEED1460CDCD27D86F29E66BE","hunter\sdf\pc\data\sdf-B-1016.sdfdata",133463406,133463406,124900309,0
"8BE7D27107DFADFEEED1460CDCD27D86F29E66BE","hunter\sdf\pc\data\sdf-B-1017.sdfdata",133620280,133620280,125720425,0
"8BE7D27107DFADFEEED1460CDCD27D86F29E66BE","hunter\sdf\pc\data\sdf-B-1018.sdfdata",133917124,133917124,128250514,0
"8BE7D27107DFADFEEED1460CDCD27D86F29E66BE","hunter\sdf\pc\data\sdf-B-1019.sdfdata",134122702,134122702,119506915,0
"8BE7D27107DFADFEEED1460CDCD27D86F29E66BE","hunter\sdf\pc\data\sdf-B-1020.sdfdata",133568651,133568651,123872399,0
"8BE7D27107DFADFEEED1460CDCD27D86F29E66BE","hunter\sdf\pc\data\sdf-B-1021.sdfdata",134119682,134119682,121711429,0
"8BE7D27107DFADFEEED1460CDCD27D86F29E66BE","hunter\sdf\pc\data\sdf-B-1022.sdfdata",133678205,133678205,125866570,0
"8BE7D27107DFADFEEED1460CDCD27D86F29E66BE","hunter\sdf\pc\data\sdf-B-1023.sdfdata",134206143,134206143,116770629,0
"8BE7D27107DFADFEEED1460CDCD27D86F29E66BE","hunter\sdf\pc\data\sdf-B-1024.sdfdata",133956862,133956862,125572824,0
"8BE7D27107DFADFEEED1460CDCD27D86F29E66BE","hunter\sdf\pc\data\sdf-B-1025.sdfdata",131166616,131166616,124499719,0
"8BE7D27107DFADFEEED1460CDCD27D86F29E66BE","hunter\sdf\pc\data\sdf-B-1026.sdfdata",132436212,132436212,124643225,0
"8BE7D27107DFADFEEED1460CDCD27D86F29E66BE","hunter\sdf\pc\data\sdf-B-1027.sdfdata",129392668,129392668,122135445,0
"8BE7D27107DFADFEEED1460CDCD27D86F29E66BE","hunter\sdf\pc\data\sdf-B-1028.sdfdata",131958641,131958641,124089239,0
"8BE7D27107DFADFEEED1460CDCD27D86F29E66BE","hunter\sdf\pc\data\sdf-B-1029.sdfdata",134031871,134031871,126402307,0
"8BE7D27107DFADFEEED1460CDCD27D86F29E66BE","hunter\sdf\pc\data\sdf-B-1030.sdfdata",134210191,134210191,127780347,0
"8BE7D27107DFADFEEED1460CDCD27D86F29E66BE","hunter\sdf\pc\data\sdf-B-1031.sdfdata",134202234,134202234,127272719,0
"8BE7D27107DFADFEEED1460CDCD27D86F29E66BE","hunter\sdf\pc\data\sdf-B-1032.sdfdata",134061837,134061837,128568601,0
"8BE7D27107DFADFEEED1460CDCD27D86F29E66BE","hunter\sdf\pc\data\sdf-B-1033.sdfdata",134089504,134089504,128806935,0
"8BE7D27107DFADFEEED1460CDCD27D86F29E66BE","hunter\sdf\pc\data\sdf-B-1034.sdfdata",134186789,134186789,127386156,0
"8BE7D27107DFADFEEED1460CDCD27D86F29E66BE","hunter\sdf\pc\data\sdf-B-1035.sdfdata",133932218,133932218,127720149,0
"8BE7D27107DFADFEEED1460CDCD27D86F29E66BE","hunter\sdf\pc\data\sdf-B-1036.sdfdata",134162538,134162538,125767085,0
"8BE7D27107DFADFEEED1460CDCD27D86F29E66BE","hunter\sdf\pc\data\sdf-B-1037.sdfdata",133483110,133483110,129356996,0
"8BE7D27107DFADFEEED1460CDCD27D86F29E66BE","hunter\sdf\pc\data\sdf-B-1038.sdfdata",134193819,134193819,132954255,0
"8BE7D27107DFADFEEED1460CDCD27D86F29E66BE","hunter\sdf\pc\data\sdf-B-1039.sdfdata",133559821,133559821,132758457,0
"8BE7D27107DFADFEEED1460CDCD27D86F29E66BE","hunter\sdf\pc\data\sdf-B-1040.sdfdata",133282621,133282621,132742235,0
"8BE7D27107DFADFEEED1460CDCD27D86F29E66BE","hunter\sdf\pc\data\sdf-B-1041.sdfdata",134175730,134175730,132962271,0
"8BE7D27107DFADFEEED1460CDCD27D86F29E66BE","hunter\sdf\pc\data\sdf-B-1042.sdfdata",134142349,134142349,132946468,0
"8BE7D27107DFADFEEED1460CDCD27D86F29E66BE","hunter\sdf\pc\data\sdf-B-1043.sdfdata",134213416,134213416,133670150,0
"8BE7D27107DFADFEEED1460CDCD27D86F29E66BE","hunter\sdf\pc\data\sdf-B-1044.sdfdata",133268110,133268110,132817479,0
"8BE7D27107DFADFEEED1460CDCD27D86F29E66BE","hunter\sdf\pc\data\sdf-B-1045.sdfdata",132271306,132271306,131739145,0
"8BE7D27107DFADFEEED1460CDCD27D86F29E66BE","hunter\sdf\pc\data\sdf-B-1046.sdfdata",133617349,133617349,132749391,0
"8BE7D27107DFADFEEED1460CDCD27D86F29E66BE","hunter\sdf\pc\data\sdf-B-1047.sdfdata",133566270,133566270,132972426,0
"8BE7D27107DFADFEEED1460CDCD27D86F29E66BE","hunter\sdf\pc\data\sdf-B-1048.sdfdata",131265304,131265304,130064418,0
"8BE7D27107DFADFEEED1460CDCD27D86F29E66BE","hunter\sdf\pc\data\sdf-B-1049.sdfdata",133220230,133220230,131151428,0
"8BE7D27107DFADFEEED1460CDCD27D86F29E66BE","hunter\sdf\pc\data\sdf-B-1050.sdfdata",133813693,133813693,132663943,0
"8BE7D27107DFADFEEED1460CDCD27D86F29E66BE","hunter\sdf\pc\data\sdf-B-1051.sdfdata",133535389,133535389,132887218,0
"8BE7D27107DFADFEEED1460CDCD27D86F29E66BE","hunter\sdf\pc\data\sdf-B-1052.sdfdata",133382111,133382111,132718308,0
"8BE7D27107DFADFEEED1460CDCD27D86F29E66BE","hunter\sdf\pc\data\sdf-B-1053.sdfdata",132962060,132962060,132064741,0
"8BE7D27107DFADFEEED1460CDCD27D86F29E66BE","hunter\sdf\pc\data\sdf-B-1054.sdfdata",134053882,134053882,133279802,0
"8BE7D27107DFADFEEED1460CDCD27D86F29E66BE","hunter\sdf\pc\data\sdf-B-1055.sdfdata",134252659,134252659,128960348,0
"8BE7D27107DFADFEEED1460CDCD27D86F29E66BE","hunter\sdf\pc\data\sdf-B-1056.sdfdata",134147801,134147801,117882717,0
"8BE7D27107DFADFEEED1460CDCD27D86F29E66BE","hunter\sdf\pc\data\sdf-B-1057.sdfdata",134209193,134209193,114814580,0
"8BE7D27107DFADFEEED1460CDCD27D86F29E66BE","hunter\sdf\pc\data\sdf-B-1058.sdfdata",134271067,134271067,118049933,0
"8BE7D27107DFADFEEED1460CDCD27D86F29E66BE","hunter\sdf\pc\data\sdf-B-1059.sdfdata",134230409,134230409,118446793,0
"8BE7D27107DFADFEEED1460CDCD27D86F29E66BE","hunter\sdf\pc\data\sdf-B-1060.sdfdata",134382905,134382905,119110975,0
"8BE7D27107DFADFEEED1460CDCD27D86F29E66BE","hunter\sdf\pc\data\sdf-B-1061.sdfdata",134216360,134216360,120819002,0
"8BE7D27107DFADFEEED1460CDCD27D86F29E66BE","hunter\sdf\pc\data\sdf-B-1062.sdfdata",133838321,133838321,115268281,0
"8BE7D27107DFADFEEED1460CDCD27D86F29E66BE","hunter\sdf\pc\data\sdf-B-1063.sdfdata",133547260,133547260,116244109,0
"8BE7D27107DFADFEEED1460CDCD27D86F29E66BE","hunter\sdf\pc\data\sdf-B-1064.sdfdata",133024825,133024825,115493551,0
"8BE7D27107DFADFEEED1460CDCD27D86F29E66BE","hunter\sdf\pc\data\sdf-B-1065.sdfdata",134174059,134174059,115106943,0
"8BE7D27107DFADFEEED1460CDCD27D86F29E66BE","hunter\sdf\pc\data\sdf-B-1066.sdfdata",134207961,134207961,119386384,0
"8BE7D27107DFADFEEED1460CDCD27D86F29E66BE","hunter\sdf\pc\data\sdf-B-1067.sdfdata",133692816,133692816,116895448,0
"8BE7D27107DFADFEEED1460CDCD27D86F29E66BE","hunter\sdf\pc\data\sdf-B-1068.sdfdata",132514206,132514206,117269160,0
"8BE7D27107DFADFEEED1460CDCD27D86F29E66BE","hunter\sdf\pc\data\sdf-B-1069.sdfdata",133895172,133895172,116284162,0
"8BE7D27107DFADFEEED1460CDCD27D86F29E66BE","hunter\sdf\pc\data\sdf-B-1070.sdfdata",133803574,133803574,117725334,0
"8BE7D27107DFADFEEED1460CDCD27D86F29E66BE","hunter\sdf\pc\data\sdf-B-1071.sdfdata",133881981,133881981,119844395,0
"8BE7D27107DFADFEEED1460CDCD27D86F29E66BE","hunter\sdf\pc\data\sdf-B-1072.sdfdata",134167990,134167990,124478145,0
"8BE7D27107DFADFEEED1460CDCD27D86F29E66BE","hunter\sdf\pc\data\sdf-B-1073.sdfdata",134210088,134210088,127081234,0
"8BE7D27107DFADFEEED1460CDCD27D86F29E66BE","hunter\sdf\pc\data\sdf-B-1074.sdfdata",134189179,134189179,124174844,0
"8BE7D27107DFADFEEED1460CDCD27D86F29E66BE","hunter\sdf\pc\data\sdf-B-1075.sdfdata",134085342,134085342,127778459,0
"8BE7D27107DFADFEEED1460CDCD27D86F29E66BE","hunter\sdf\pc\data\sdf-B-1076.sdfdata",134172270,134172270,127769771,0
"8BE7D27107DFADFEEED1460CDCD27D86F29E66BE","hunter\sdf\pc\data\sdf-B-1077.sdfdata",133914126,133914126,127042767,0
"8BE7D27107DFADFEEED1460CDCD27D86F29E66BE","hunter\sdf\pc\data\sdf-B-1078.sdfdata",133934623,133934623,126328600,0
"8BE7D27107DFADFEEED1460CDCD27D86F29E66BE","hunter\sdf\pc\data\sdf-B-1079.sdfdata",134042029,134042029,127902186,0
"8BE7D27107DFADFEEED1460CDCD27D86F29E66BE","hunter\sdf\pc\data\sdf-B-1080.sdfdata",134183916,134183916,127609576,0
"8BE7D27107DFADFEEED1460CDCD27D86F29E66BE","hunter\sdf\pc\data\sdf-B-1081.sdfdata",134145118,134145118,122897304,0
"8BE7D27107DFADFEEED1460CDCD27D86F29E66BE","hunter\sdf\pc\data\sdf-B-1082.sdfdata",133924965,133924965,128180639,0
"8BE7D27107DFADFEEED1460CDCD27D86F29E66BE","hunter\sdf\pc\data\sdf-B-1083.sdfdata",134091812,134091812,120610353,0
"8BE7D27107DFADFEEED1460CDCD27D86F29E66BE","hunter\sdf\pc\data\sdf-B-1084.sdfdata",134205040,134205040,125402530,0
"8BE7D27107DFADFEEED1460CDCD27D86F29E66BE","hunter\sdf\pc\data\sdf-B-1085.sdfdata",134208316,134208316,124368445,0
"8BE7D27107DFADFEEED1460CDCD27D86F29E66BE","hunter\sdf\pc\data\sdf-B-1086.sdfdata",134209370,134209370,127426899,0
"8BE7D27107DFADFEEED1460CDCD27D86F29E66BE","hunter\sdf\pc\data\sdf-B-1087.sdfdata",134163695,134163695,128995580,0
"8BE7D27107DFADFEEED1460CDCD27D86F29E66BE","hunter\sdf\pc\data\sdf-B-1088.sdfdata",134212524,134212524,128229884,0
"8BE7D27107DFADFEEED1460CDCD27D86F29E66BE","hunter\sdf\pc\data\sdf-B-1089.sdfdata",134201729,134201729,128951625,0
"8BE7D27107DFADFEEED1460CDCD27D86F29E66BE","hunter\sdf\pc\data\sdf-B-1090.sdfdata",134205690,134205690,128345373,0
"8BE7D27107DFADFEEED1460CDCD27D86F29E66BE","hunter\sdf\pc\data\sdf-B-1091.sdfdata",134216538,134216538,128307907,0
"8BE7D27107DFADFEEED1460CDCD27D86F29E66BE","hunter\sdf\pc\data\sdf-B-1092.sdfdata",134151485,134151485,128253466,0
"8BE7D27107DFADFEEED1460CDCD27D86F29E66BE","hunter\sdf\pc\data\sdf-B-1093.sdfdata",29471640,29471640,28201609,0
"8BE7D27107DFADFEEED1460CDCD27D86F29E66BE","hunter\sdf\pc\data\sdf-B-1094.sdfdata",67136806,67136806,52485605,0
"8BE7D27107DFADFEEED1460CDCD27D86F29E66BE","hunter\sdf\pc\data\sdf-B-1095.sdfdata",63940619,63940619,57294886,0
"8BE7D27107DFADFEEED1460CDCD27D86F29E66BE","hunter\sdf\pc\data\sdf-B-1096.sdfdata",64497515,64497515,53816538,0
"8BE7D27107DFADFEEED1460CDCD27D86F29E66BE","hunter\sdf\pc\data\sdf-B-1097.sdfdata",68616398,68616398,60659113,0
"8BE7D27107DFADFEEED1460CDCD27D86F29E66BE","hunter\sdf\pc\data\sdf-B-1098.sdfdata",65664348,65664348,57911894,0
"8BE7D27107DFADFEEED1460CDCD27D86F29E66BE","hunter\sdf\pc\data\sdf-B-1099.sdfdata",70696522,70696522,63066795,0
"8BE7D27107DFADFEEED1460CDCD27D86F29E66BE","hunter\sdf\pc\data\sdf-B-1100.sdfdata",68629595,68629595,60365152,0
"8BE7D27107DFADFEEED1460CDCD27D86F29E66BE","hunter\sdf\pc\data\sdf-B-1101.sdfdata",64454809,64454809,58135466,0
"8BE7D27107DFADFEEED1460CDCD27D86F29E66BE","hunter\sdf\pc\data\sdf-B-1102.sdfdata",62118266,62118266,55097373,0
"8BE7D27107DFADFEEED1460CDCD27D86F29E66BE","hunter\sdf\pc\data\sdf-B-1103.sdfdata",60648281,60648281,54070438,0
"8BE7D27107DFADFEEED1460CDCD27D86F29E66BE","hunter\sdf\pc\data\sdf-B-1104.sdfdata",77732736,77732736,55478023,0
"8BE7D27107DFADFEEED1460CDCD27D86F29E66BE","hunter\sdf\pc\data\sdf-B-1105.sdfdata",62588981,62588981,44122880,0
"8BE7D27107DFADFEEED1460CDCD27D86F29E66BE","hunter\sdf\pc\data\sdf-B-1106.sdfdata",87478895,87478895,82184088,0
"8BE7D27107DFADFEEED1460CDCD27D86F29E66BE","hunter\sdf\pc\data\sdf-B-1107.sdfdata",64738860,64738860,56830299,0
"8BE7D27107DFADFEEED1460CDCD27D86F29E66BE","hunter\sdf\pc\data\sdf-B-1108.sdfdata",65035070,65035070,52371618,0
"8BE7D27107DFADFEEED1460CDCD27D86F29E66BE","hunter\sdf\pc\data\sdf-B-1109.sdfdata",70083164,70083164,61994995,0
"8BE7D27107DFADFEEED1460CDCD27D86F29E66BE","hunter\sdf\pc\data\sdf-B-1110.sdfdata",66432647,66432647,58503412,0
"8BE7D27107DFADFEEED1460CDCD27D86F29E66BE","hunter\sdf\pc\data\sdf-B-1111.sdfdata",65085865,65085865,57801942,0
"8BE7D27107DFADFEEED1460CDCD27D86F29E66BE","hunter\sdf\pc\data\sdf-B-1112.sdfdata",71180458,71180458,62875538,0
"8BE7D27107DFADFEEED1460CDCD27D86F29E66BE","hunter\sdf\pc\data\sdf-B-1113.sdfdata",68354015,68354015,60643332,0
"8BE7D27107DFADFEEED1460CDCD27D86F29E66BE","hunter\sdf\pc\data\sdf-B-1114.sdfdata",65498071,65498071,59017287,0
"8BE7D27107DFADFEEED1460CDCD27D86F29E66BE","hunter\sdf\pc\data\sdf-B-1115.sdfdata",61947991,61947991,55020512,0
"8BE7D27107DFADFEEED1460CDCD27D86F29E66BE","hunter\sdf\pc\data\sdf-B-1116.sdfdata",64296007,64296007,57281133,0
"8BE7D27107DFADFEEED1460CDCD27D86F29E66BE","hunter\sdf\pc\data\sdf-B-1117.sdfdata",64968595,64968595,57387610,0
"8BE7D27107DFADFEEED1460CDCD27D86F29E66BE","hunter\sdf\pc\data\sdf-B-1118.sdfdata",35080315,35080315,29597951,0
"8BE7D27107DFADFEEED1460CDCD27D86F29E66BE","hunter\sdf\pc\data\sdf-B-1119.sdfdata",61011802,61011802,52281542,0
"8BE7D27107DFADFEEED1460CDCD27D86F29E66BE","hunter\sdf\pc\data\sdf-C-2000-en-US.sdfdata",134195433,134195433,125913678,0
"8BE7D27107DFADFEEED1460CDCD27D86F29E66BE","hunter\sdf\pc\data\sdf-C-2001-en-US.sdfdata",134215466,134215466,125305878,0
"8BE7D27107DFADFEEED1460CDCD27D86F29E66BE","hunter\sdf\pc\data\sdf-C-2002-en-US.sdfdata",18748106,18748106,17877631,0
"8BE7D27107DFADFEEED1460CDCD27D86F29E66BE","hunter\sdf\pc\data\sdf-C-2003-en-US.sdfdata",25310488,25310488,24684214,0
"8BE7D27107DFADFEEED1460CDCD27D86F29E66BE","hunter\sdf\pc\data\sdf-C-2004-en-US.sdfdata",3348840,3348840,3305159,0
"8BE7D27107DFADFEEED1460CDCD27D86F29E66BE","hunter\sdf\pc\data\sdf-C-2100-fr-FR.sdfdata",134215843,134215843,130484851,0
"8BE7D27107DFADFEEED1460CDCD27D86F29E66BE","hunter\sdf\pc\data\sdf-C-2101-fr-FR.sdfdata",59847035,59847035,58028631,0
"8BE7D27107DFADFEEED1460CDCD27D86F29E66BE","hunter\sdf\pc\data\sdf-C-2102-fr-FR.sdfdata",23597023,23597023,22580137,0
"8BE7D27107DFADFEEED1460CDCD27D86F29E66BE","hunter\sdf\pc\data\sdf-C-2103-fr-FR.sdfdata",3297459,3297459,3250249,0
"8BE7D27107DFADFEEED1460CDCD27D86F29E66BE","hunter\sdf\pc\data\sdf-C-2200-ja-JP.sdfdata",134200960,134200960,130449823,0
"8BE7D27107DFADFEEED1460CDCD27D86F29E66BE","hunter\sdf\pc\data\sdf-C-2201-ja-JP.sdfdata",67445966,67445966,65367403,0
"8BE7D27107DFADFEEED1460CDCD27D86F29E66BE","hunter\sdf\pc\data\sdf-C-2202-ja-JP.sdfdata",3228380,3228380,3018419,0
"8BE7D27107DFADFEEED1460CDCD27D86F29E66BE","hunter\sdf\pc\data\sdf-C-2203-ja-JP.sdfdata",3319846,3319846,3275017,0
"8BE7D27107DFADFEEED1460CDCD27D86F29E66BE","hunter\sdf\pc\data\sdf-C-2300-de-DE.sdfdata",134201923,134201923,131187467,0
"8BE7D27107DFADFEEED1460CDCD27D86F29E66BE","hunter\sdf\pc\data\sdf-C-2301-de-DE.sdfdata",95351123,95351123,93042140,0
"8BE7D27107DFADFEEED1460CDCD27D86F29E66BE","hunter\sdf\pc\data\sdf-C-2302-de-DE.sdfdata",28381728,28381728,27730929,0
"8BE7D27107DFADFEEED1460CDCD27D86F29E66BE","hunter\sdf\pc\data\sdf-C-2303-de-DE.sdfdata",3377337,3377337,3330114,0
"8BE7D27107DFADFEEED1460CDCD27D86F29E66BE","hunter\sdf\pc\data\sdf-C-2400-es-ES.sdfdata",134201956,134201956,130990535,0
"8BE7D27107DFADFEEED1460CDCD27D86F29E66BE","hunter\sdf\pc\data\sdf-C-2401-es-ES.sdfdata",95614856,95614856,93202305,0
"8BE7D27107DFADFEEED1460CDCD27D86F29E66BE","hunter\sdf\pc\data\sdf-C-2402-es-ES.sdfdata",3258381,3258381,3049920,0
"8BE7D27107DFADFEEED1460CDCD27D86F29E66BE","hunter\sdf\pc\data\sdf-C-2403-es-ES.sdfdata",3395335,3395335,3349791,0
"8BE7D27107DFADFEEED1460CDCD27D86F29E66BE","hunter\sdf\pc\data\sdf-C-2500-es-MX.sdfdata",134205619,134205619,131015452,0
"8BE7D27107DFADFEEED1460CDCD27D86F29E66BE","hunter\sdf\pc\data\sdf-C-2501-es-MX.sdfdata",102536322,102536322,99940475,0
"8BE7D27107DFADFEEED1460CDCD27D86F29E66BE","hunter\sdf\pc\data\sdf-C-2502-es-MX.sdfdata",3260923,3260923,3052740,0
"8BE7D27107DFADFEEED1460CDCD27D86F29E66BE","hunter\sdf\pc\data\sdf-C-2503-es-MX.sdfdata",3388854,3388854,3342716,0
"8BE7D27107DFADFEEED1460CDCD27D86F29E66BE","hunter\sdf\pc\data\sdf-C-2600-pt-BR.sdfdata",134206418,134206418,130898229,0
"8BE7D27107DFADFEEED1460CDCD27D86F29E66BE","hunter\sdf\pc\data\sdf-C-2601-pt-BR.sdfdata",126071504,126071504,122935008,0
"8BE7D27107DFADFEEED1460CDCD27D86F29E66BE","hunter\sdf\pc\data\sdf-C-2602-pt-BR.sdfdata",3283909,3283909,3079494,0
"8BE7D27107DFADFEEED1460CDCD27D86F29E66BE","hunter\sdf\pc\data\sdf-C-2603-pt-BR.sdfdata",3918518,3918518,3864081,0
"8BE7D27107DFADFEEED1460CDCD27D86F29E66BE","hunter\sdf\pc\data\sdf.sdftoc",21906060,21906060,21454916,0
"8BE7D27107DFADFEEED1460CDCD27D86F29E66BE","hunter\sdf\pc\data\sdf.sdfver",342,342,169,0
"8BE7D27107DFADFEEED1460CDCD27D86F29E66BE","hunter\sdf_streaming\pc\Ubermap_Alpha\tileconfig.txt",108,108,102,0
"8BE7D27107DFADFEEED1460CDCD27D86F29E66BE","hunter\sdf_streaming\pc\Ubermap_Alpha\global\data\sdf-A-0000.sdfdata",99497620,99497620,71785575,0
"8BE7D27107DFADFEEED1460CDCD27D86F29E66BE","hunter\sdf_streaming\pc\Ubermap_Alpha\global\data\sdf.sdftoc",592823,592823,592847,0
"8BE7D27107DFADFEEED1460CDCD27D86F29E66BE","tools\vc_redist\vcredist_x64_2010.exe",10274136,10274136,10250128,0
"8BE7D27107DFADFEEED1460CDCD27D86F29E66BE","tools\vc_redist\vcredist_x64_2012.exe",7186992,7186992,6970433,0
"8BE7D27107DFADFEEED1460CDCD27D86F29E66BE","tools\vc_redist\vc_redist_2015.x64.exe",15302984,15302984,14236287,0
"8BE7D27107DFADFEEED1460CDCD27D86F29E66BE","tools\vc_redist\vc_redist_2015.x86.exe",13767776,13767776,13295931,0
