"16382","42CFDBFD5BF731EC290CF8888DFDD449A4462BC6","0000-00-00",1558,934995052,934995052,882993170,3
"42CFDBFD5BF731EC290CF8888DFDD449A4462BC6","Adobe AIR\Versions\1.0\Adobe AIR.dll",21078200,21078200,7949360,0
"42CFDBFD5BF731EC290CF8888DFDD449A4462BC6","Adobe AIR\Versions\1.0\Resources\Adobe AIR.vch",437746,437746,376448,0
"42CFDBFD5BF731EC290CF8888DFDD449A4462BC6","Adobe AIR\Versions\1.0\Resources\AdobeCP.dll",0,0,0,0
"42CFDBFD5BF731EC290CF8888DFDD449A4462BC6","Adobe AIR\Versions\1.0\Resources\adobecp.vch",0,0,0,0
"42CFDBFD5BF731EC290CF8888DFDD449A4462BC6","Adobe AIR\Versions\1.0\Resources\AdobeCP15.dll",3507512,3507512,1370777,0
"42CFDBFD5BF731EC290CF8888DFDD449A4462BC6","Adobe AIR\Versions\1.0\Resources\CaptiveAppEntry.exe",59392,59392,28211,0
"42CFDBFD5BF731EC290CF8888DFDD449A4462BC6","Adobe AIR\Versions\1.0\Resources\NPSWF32.dll",17599672,17599672,7762165,0
"42CFDBFD5BF731EC290CF8888DFDD449A4462BC6","Adobe AIR\Versions\1.0\Resources\WebKit\LGPL License.txt",24985,24985,8173,0
"42CFDBFD5BF731EC290CF8888DFDD449A4462BC6","Adobe AIR\Versions\1.0\Resources\WebKit\Notice WebKit.txt",771,771,392,0
"42CFDBFD5BF731EC290CF8888DFDD449A4462BC6","Adobe AIR\Versions\1.0\Resources\WebKit.dll",4887224,4887224,1955735,0
"42CFDBFD5BF731EC290CF8888DFDD449A4462BC6","anims\Animation_Aang.anm",362,362,372,0
"42CFDBFD5BF731EC290CF8888DFDD449A4462BC6","anims\Animation_ATLA_MapArtAnims.anm",19027,19027,18849,0
"42CFDBFD5BF731EC290CF8888DFDD449A4462BC6","anims\Animation_Axe.anm",1160911,1160911,1148734,0
"42CFDBFD5BF731EC290CF8888DFDD449A4462BC6","anims\Animation_Boots.anm",355351,355351,350644,0
"42CFDBFD5BF731EC290CF8888DFDD449A4462BC6","anims\Animation_Bow.anm",1009701,1009701,996089,0
"42CFDBFD5BF731EC290CF8888DFDD449A4462BC6","anims\Animation_Cannon.anm",602507,602507,596658,0
"42CFDBFD5BF731EC290CF8888DFDD449A4462BC6","anims\Animation_CharacterSelect.anm",4573221,4573221,4436532,0
"42CFDBFD5BF731EC290CF8888DFDD449A4462BC6","anims\Animation_ClientThemeLogos.anm",14373,14373,14033,0
"42CFDBFD5BF731EC290CF8888DFDD449A4462BC6","anims\Animation_Emojis.anm",255,255,264,0
"42CFDBFD5BF731EC290CF8888DFDD449A4462BC6","anims\Animation_Emote.anm",2533983,2533983,2477928,0
"42CFDBFD5BF731EC290CF8888DFDD449A4462BC6","anims\Animation_Fists.anm",1681885,1681885,1661466,0
"42CFDBFD5BF731EC290CF8888DFDD449A4462BC6","anims\Animation_GameModes.anm",47880,47880,47324,0
"42CFDBFD5BF731EC290CF8888DFDD449A4462BC6","anims\Animation_GameUI.anm",3681,3681,2831,0
"42CFDBFD5BF731EC290CF8888DFDD449A4462BC6","anims\Animation_GreatSword.anm",623578,623578,616907,0
"42CFDBFD5BF731EC290CF8888DFDD449A4462BC6","anims\Animation_Hammer.anm",942361,942361,926821,0
"42CFDBFD5BF731EC290CF8888DFDD449A4462BC6","anims\Animation_Items.anm",3289,3289,3096,0
"42CFDBFD5BF731EC290CF8888DFDD449A4462BC6","anims\Animation_Katar.anm",909623,909623,898682,0
"42CFDBFD5BF731EC290CF8888DFDD449A4462BC6","anims\Animation_KO.anm",6534,6534,6420,0
"42CFDBFD5BF731EC290CF8888DFDD449A4462BC6","anims\Animation_Lance.anm",637847,637847,627372,0
"42CFDBFD5BF731EC290CF8888DFDD449A4462BC6","anims\Animation_LoadingFrames.anm",128,128,137,0
"42CFDBFD5BF731EC290CF8888DFDD449A4462BC6","anims\Animation_MapArtAnims.anm",27373,27373,26439,0
"42CFDBFD5BF731EC290CF8888DFDD449A4462BC6","anims\Animation_Orb.anm",859176,859176,845955,0
"42CFDBFD5BF731EC290CF8888DFDD449A4462BC6","anims\Animation_Pistols.anm",907634,907634,892450,0
"42CFDBFD5BF731EC290CF8888DFDD449A4462BC6","anims\Animation_Player.anm",141209,141209,139134,0
"42CFDBFD5BF731EC290CF8888DFDD449A4462BC6","anims\Animation_PlayerThemes.anm",297,297,307,0
"42CFDBFD5BF731EC290CF8888DFDD449A4462BC6","anims\Animation_Robot.anm",16838,16838,16127,0
"42CFDBFD5BF731EC290CF8888DFDD449A4462BC6","anims\Animation_Scythe.anm",891720,891720,883747,0
"42CFDBFD5BF731EC290CF8888DFDD449A4462BC6","anims\Animation_Spear.anm",1150757,1150757,1135967,0
"42CFDBFD5BF731EC290CF8888DFDD449A4462BC6","anims\Animation_SplashArt.anm",25781,25781,24147,0
"42CFDBFD5BF731EC290CF8888DFDD449A4462BC6","anims\Animation_Sword.anm",1386759,1386759,1369903,0
"42CFDBFD5BF731EC290CF8888DFDD449A4462BC6","anims\Animation_Toph.anm",464,464,467,0
"42CFDBFD5BF731EC290CF8888DFDD449A4462BC6","anims\Animation_Unarmed.anm",286855,286855,283254,0
"42CFDBFD5BF731EC290CF8888DFDD449A4462BC6","anims\Animation_Walker.anm",145356,145356,143275,0
"42CFDBFD5BF731EC290CF8888DFDD449A4462BC6","anims\UI_3.anm",318126,318126,296645,0
"42CFDBFD5BF731EC290CF8888DFDD449A4462BC6","anims\UI_Podiums.anm",227709,227709,213117,0
"42CFDBFD5BF731EC290CF8888DFDD449A4462BC6","anims\UI_Podiums_Winter.anm",125984,125984,120778,0
"42CFDBFD5BF731EC290CF8888DFDD449A4462BC6","anims\UI_TooltipAnimations.anm",1835,1835,1682,0
"42CFDBFD5BF731EC290CF8888DFDD449A4462BC6","audio\pc\1014464832.wem",2286063,2286063,2283488,0
"42CFDBFD5BF731EC290CF8888DFDD449A4462BC6","audio\pc\1019649117.wem",126343,126343,125551,0
"42CFDBFD5BF731EC290CF8888DFDD449A4462BC6","audio\pc\1026487721.wem",2238046,2238046,2207672,0
"42CFDBFD5BF731EC290CF8888DFDD449A4462BC6","audio\pc\1034166875.wem",3609722,3609722,3559766,0
"42CFDBFD5BF731EC290CF8888DFDD449A4462BC6","audio\pc\152000894.wem",2286063,2286063,2283488,0
"42CFDBFD5BF731EC290CF8888DFDD449A4462BC6","audio\pc\212404242.wem",136892,136892,135362,0
"42CFDBFD5BF731EC290CF8888DFDD449A4462BC6","audio\pc\24549207.wem",2268283,2268283,2263044,0
"42CFDBFD5BF731EC290CF8888DFDD449A4462BC6","audio\pc\257534186.wem",4265986,4265986,4253972,0
"42CFDBFD5BF731EC290CF8888DFDD449A4462BC6","audio\pc\276135092.wem",2118250,2118250,2114887,0
"42CFDBFD5BF731EC290CF8888DFDD449A4462BC6","audio\pc\319517115.wem",2121246,2121246,2110921,0
"42CFDBFD5BF731EC290CF8888DFDD449A4462BC6","audio\pc\348518598.wem",2102642,2102642,2100516,0
"42CFDBFD5BF731EC290CF8888DFDD449A4462BC6","audio\pc\354382661.wem",2254903,2254903,2254966,0
"42CFDBFD5BF731EC290CF8888DFDD449A4462BC6","audio\pc\360170152.wem",2025278,2025278,2021764,0
"42CFDBFD5BF731EC290CF8888DFDD449A4462BC6","audio\pc\388009808.wem",2010681,2010681,2003557,0
"42CFDBFD5BF731EC290CF8888DFDD449A4462BC6","audio\pc\423146322.wem",134933,134933,134948,0
"42CFDBFD5BF731EC290CF8888DFDD449A4462BC6","audio\pc\471693476.wem",137413,137413,136714,0
"42CFDBFD5BF731EC290CF8888DFDD449A4462BC6","audio\pc\575960574.wem",273662,273662,273680,0
"42CFDBFD5BF731EC290CF8888DFDD449A4462BC6","audio\pc\576189149.wem",154437,154437,152915,0
"42CFDBFD5BF731EC290CF8888DFDD449A4462BC6","audio\pc\588404104.wem",305234,305234,303990,0
"42CFDBFD5BF731EC290CF8888DFDD449A4462BC6","audio\pc\725326592.wem",2285285,2285285,2279059,0
"42CFDBFD5BF731EC290CF8888DFDD449A4462BC6","audio\pc\728907363.wem",2201979,2201979,2202039,0
"42CFDBFD5BF731EC290CF8888DFDD449A4462BC6","audio\pc\731967592.wem",2139939,2139939,2135154,0
"42CFDBFD5BF731EC290CF8888DFDD449A4462BC6","audio\pc\743269684.wem",107875,107875,106692,0
"42CFDBFD5BF731EC290CF8888DFDD449A4462BC6","audio\pc\761143873.wem",3672811,3672811,3622444,0
"42CFDBFD5BF731EC290CF8888DFDD449A4462BC6","audio\pc\780099775.wem",2357862,2357862,2357925,0
"42CFDBFD5BF731EC290CF8888DFDD449A4462BC6","audio\pc\818418104.wem",139611,139611,139626,0
"42CFDBFD5BF731EC290CF8888DFDD449A4462BC6","audio\pc\9416611.wem",211457,211457,209677,0
"42CFDBFD5BF731EC290CF8888DFDD449A4462BC6","audio\pc\English(US)\VOX_Announcer.bnk",10490344,10490344,10377645,0
"42CFDBFD5BF731EC290CF8888DFDD449A4462BC6","audio\pc\ENV_Crowd.bnk",1383591,1383591,1378033,0
"42CFDBFD5BF731EC290CF8888DFDD449A4462BC6","audio\pc\Init.bnk",3333,3333,1136,0
"42CFDBFD5BF731EC290CF8888DFDD449A4462BC6","audio\pc\MUS_BattlePass.bnk",6615673,6615673,6604551,0
"42CFDBFD5BF731EC290CF8888DFDD449A4462BC6","audio\pc\MUS_BattlePass_S2.bnk",7292853,7292853,7255141,0
"42CFDBFD5BF731EC290CF8888DFDD449A4462BC6","audio\pc\MUS_BattlePass_S3.bnk",3887612,3887612,3853081,0
"42CFDBFD5BF731EC290CF8888DFDD449A4462BC6","audio\pc\MUS_BattlePass_S4.bnk",4409839,4409839,4363675,0
"42CFDBFD5BF731EC290CF8888DFDD449A4462BC6","audio\pc\MUS_BattlePass_S5.bnk",4574168,4574168,4521393,0
"42CFDBFD5BF731EC290CF8888DFDD449A4462BC6","audio\pc\MUS_BattlePass_S6.bnk",4377669,4377669,4371437,0
"42CFDBFD5BF731EC290CF8888DFDD449A4462BC6","audio\pc\MUS_Level_01.bnk",2574479,2574479,2567545,0
"42CFDBFD5BF731EC290CF8888DFDD449A4462BC6","audio\pc\MUS_Level_02.bnk",2392875,2392875,2388363,0
"42CFDBFD5BF731EC290CF8888DFDD449A4462BC6","audio\pc\MUS_Level_03.bnk",2337880,2337880,2336662,0
"42CFDBFD5BF731EC290CF8888DFDD449A4462BC6","audio\pc\MUS_Level_04.bnk",2137988,2137988,2129214,0
"42CFDBFD5BF731EC290CF8888DFDD449A4462BC6","audio\pc\MUS_Level_05.bnk",2393451,2393451,2360559,0
"42CFDBFD5BF731EC290CF8888DFDD449A4462BC6","audio\pc\MUS_Level_06.bnk",2165848,2165848,2160917,0
"42CFDBFD5BF731EC290CF8888DFDD449A4462BC6","audio\pc\MUS_Level_07.bnk",2277792,2277792,2271419,0
"42CFDBFD5BF731EC290CF8888DFDD449A4462BC6","audio\pc\MUS_Level_08.bnk",2241026,2241026,2237240,0
"42CFDBFD5BF731EC290CF8888DFDD449A4462BC6","audio\pc\MUS_Level_09.bnk",2255488,2255488,2255254,0
"42CFDBFD5BF731EC290CF8888DFDD449A4462BC6","audio\pc\MUS_Level_10.bnk",4266571,4266571,4254130,0
"42CFDBFD5BF731EC290CF8888DFDD449A4462BC6","audio\pc\MUS_Level_11.bnk",2286648,2286648,2283840,0
"42CFDBFD5BF731EC290CF8888DFDD449A4462BC6","audio\pc\MUS_Level_AC.bnk",2392428,2392428,2390967,0
"42CFDBFD5BF731EC290CF8888DFDD449A4462BC6","audio\pc\MUS_Level_ATLA.bnk",2603636,2603636,2603705,0
"42CFDBFD5BF731EC290CF8888DFDD449A4462BC6","audio\pc\MUS_Level_Ben10.bnk",2638829,2638829,2638644,0
"42CFDBFD5BF731EC290CF8888DFDD449A4462BC6","audio\pc\MUS_Level_BP_CTF.bnk",2193159,2193159,2191537,0
"42CFDBFD5BF731EC290CF8888DFDD449A4462BC6","audio\pc\MUS_Level_Bubble.bnk",2167662,2167662,2141704,0
"42CFDBFD5BF731EC290CF8888DFDD449A4462BC6","audio\pc\MUS_Level_Buddy.bnk",2379980,2379980,2336172,0
"42CFDBFD5BF731EC290CF8888DFDD449A4462BC6","audio\pc\MUS_Level_CV.bnk",2649490,2649490,2644029,0
"42CFDBFD5BF731EC290CF8888DFDD449A4462BC6","audio\pc\MUS_Level_Fangwild.bnk",2422337,2422337,2421367,0
"42CFDBFD5BF731EC290CF8888DFDD449A4462BC6","audio\pc\MUS_Level_FortressLions.bnk",2467494,2467494,2447819,0
"42CFDBFD5BF731EC290CF8888DFDD449A4462BC6","audio\pc\MUS_Level_GIJoe.bnk",2253681,2253681,2253305,0
"42CFDBFD5BF731EC290CF8888DFDD449A4462BC6","audio\pc\MUS_Level_Horde.bnk",2173052,2173052,2171234,0
"42CFDBFD5BF731EC290CF8888DFDD449A4462BC6","audio\pc\MUS_Level_KFP.bnk",2006977,2006977,1996276,0
"42CFDBFD5BF731EC290CF8888DFDD449A4462BC6","audio\pc\MUS_Level_NordicWinter.bnk",2123233,2123233,2114245,0
"42CFDBFD5BF731EC290CF8888DFDD449A4462BC6","audio\pc\MUS_Level_Shovel.bnk",2333663,2333663,2319646,0
"42CFDBFD5BF731EC290CF8888DFDD449A4462BC6","audio\pc\MUS_Level_Soccer.bnk",2285875,2285875,2279278,0
"42CFDBFD5BF731EC290CF8888DFDD449A4462BC6","audio\pc\MUS_Level_StreetFighter.bnk",4481746,4481746,4478812,0
"42CFDBFD5BF731EC290CF8888DFDD449A4462BC6","audio\pc\MUS_Level_Synthwave.bnk",3755285,3755285,3745653,0
"42CFDBFD5BF731EC290CF8888DFDD449A4462BC6","audio\pc\MUS_Level_TMNT.bnk",2257974,2257974,2237629,0
"42CFDBFD5BF731EC290CF8888DFDD449A4462BC6","audio\pc\MUS_Level_TombRaider.bnk",5194676,5194676,5192902,0
"42CFDBFD5BF731EC290CF8888DFDD449A4462BC6","audio\pc\MUS_Level_TWD.bnk",4107588,4107588,4095859,0
"42CFDBFD5BF731EC290CF8888DFDD449A4462BC6","audio\pc\MUS_Level_Void.bnk",2437879,2437879,2432192,0
"42CFDBFD5BF731EC290CF8888DFDD449A4462BC6","audio\pc\MUS_Level_WWE.bnk",2358447,2358447,2357572,0
"42CFDBFD5BF731EC290CF8888DFDD449A4462BC6","audio\pc\MUS_Menu.bnk",7392035,7392035,7291331,0
"42CFDBFD5BF731EC290CF8888DFDD449A4462BC6","audio\pc\MUS_Menu_Event_5thAnniv.bnk",3847423,3847423,3831642,0
"42CFDBFD5BF731EC290CF8888DFDD449A4462BC6","audio\pc\MUS_Menu_Event_Bloomhalla.bnk",5225504,5225504,5195742,0
"42CFDBFD5BF731EC290CF8888DFDD449A4462BC6","audio\pc\MUS_Menu_Event_BTS.bnk",3895561,3895561,3886027,0
"42CFDBFD5BF731EC290CF8888DFDD449A4462BC6","audio\pc\MUS_Menu_Event_Halloween.bnk",6220524,6220524,6188149,0
"42CFDBFD5BF731EC290CF8888DFDD449A4462BC6","audio\pc\MUS_Menu_Event_Heatwave.bnk",3433203,3433203,3429081,0
"42CFDBFD5BF731EC290CF8888DFDD449A4462BC6","audio\pc\MUS_Menu_Event_Holiday.bnk",4056288,4056288,4033139,0
"42CFDBFD5BF731EC290CF8888DFDD449A4462BC6","audio\pc\MUS_Menu_Event_StPaddys.bnk",3899588,3899588,3884030,0
"42CFDBFD5BF731EC290CF8888DFDD449A4462BC6","audio\pc\MUS_Menu_Event_Valentines.bnk",5952716,5952716,5909700,0
"42CFDBFD5BF731EC290CF8888DFDD449A4462BC6","audio\pc\MUS_Menu_XO_AC.bnk",5542345,5542345,5518138,0
"42CFDBFD5BF731EC290CF8888DFDD449A4462BC6","audio\pc\MUS_Menu_XO_ATLA.bnk",3735458,3735458,3714671,0
"42CFDBFD5BF731EC290CF8888DFDD449A4462BC6","audio\pc\MUS_Menu_XO_CV.bnk",3636117,3636117,3626420,0
"42CFDBFD5BF731EC290CF8888DFDD449A4462BC6","audio\pc\MUS_Menu_XO_GIJoe.bnk",3938536,3938536,3929091,0
"42CFDBFD5BF731EC290CF8888DFDD449A4462BC6","audio\pc\MUS_Menu_XO_KFP.bnk",3847039,3847039,3827542,0
"42CFDBFD5BF731EC290CF8888DFDD449A4462BC6","audio\pc\MUS_Menu_XO_SF.bnk",4146283,4146283,4141267,0
"42CFDBFD5BF731EC290CF8888DFDD449A4462BC6","audio\pc\MUS_Menu_XO_TMNT.bnk",4125652,4125652,4102365,0
"42CFDBFD5BF731EC290CF8888DFDD449A4462BC6","audio\pc\MUS_Menu_XO_TWD.bnk",4489658,4489658,4460569,0
"42CFDBFD5BF731EC290CF8888DFDD449A4462BC6","audio\pc\MUS_TWD.bnk",32,32,41,0
"42CFDBFD5BF731EC290CF8888DFDD449A4462BC6","audio\pc\PC_Movement.bnk",9658862,9658862,9586374,0
"42CFDBFD5BF731EC290CF8888DFDD449A4462BC6","audio\pc\PC_Taunt.bnk",32,32,41,0
"42CFDBFD5BF731EC290CF8888DFDD449A4462BC6","audio\pc\SoundbanksInfo.xml",1533886,1533886,134803,0
"42CFDBFD5BF731EC290CF8888DFDD449A4462BC6","audio\pc\SPC_Ada.bnk",1182773,1182773,1168512,0
"42CFDBFD5BF731EC290CF8888DFDD449A4462BC6","audio\pc\SPC_Apoc.bnk",32,32,41,0
"42CFDBFD5BF731EC290CF8888DFDD449A4462BC6","audio\pc\SPC_Artemis.bnk",462493,462493,456147,0
"42CFDBFD5BF731EC290CF8888DFDD449A4462BC6","audio\pc\SPC_Barbarian.bnk",2001336,2001336,1977015,0
"42CFDBFD5BF731EC290CF8888DFDD449A4462BC6","audio\pc\SPC_Barraza.bnk",1273839,1273839,1256881,0
"42CFDBFD5BF731EC290CF8888DFDD449A4462BC6","audio\pc\SPC_BirdBard.bnk",580485,580485,571236,0
"42CFDBFD5BF731EC290CF8888DFDD449A4462BC6","audio\pc\SPC_Bodvar.bnk",800194,800194,791710,0
"42CFDBFD5BF731EC290CF8888DFDD449A4462BC6","audio\pc\SPC_BountyHunter.bnk",1011879,1011879,1006391,0
"42CFDBFD5BF731EC290CF8888DFDD449A4462BC6","audio\pc\SPC_Brute.bnk",1275308,1275308,1251833,0
"42CFDBFD5BF731EC290CF8888DFDD449A4462BC6","audio\pc\SPC_Caspian.bnk",1477754,1477754,1463747,0
"42CFDBFD5BF731EC290CF8888DFDD449A4462BC6","audio\pc\SPC_Cassidy.bnk",415953,415953,410122,0
"42CFDBFD5BF731EC290CF8888DFDD449A4462BC6","audio\pc\SPC_Celestial.bnk",1410860,1410860,1339437,0
"42CFDBFD5BF731EC290CF8888DFDD449A4462BC6","audio\pc\SPC_Corsair.bnk",665421,665421,652491,0
"42CFDBFD5BF731EC290CF8888DFDD449A4462BC6","audio\pc\SPC_Dragon.bnk",813087,813087,791697,0
"42CFDBFD5BF731EC290CF8888DFDD449A4462BC6","audio\pc\SPC_Dwarf.bnk",966570,966570,954649,0
"42CFDBFD5BF731EC290CF8888DFDD449A4462BC6","audio\pc\SPC_Elfwar.bnk",1812100,1812100,1798032,0
"42CFDBFD5BF731EC290CF8888DFDD449A4462BC6","audio\pc\SPC_Ezio.bnk",1782438,1782438,1736309,0
"42CFDBFD5BF731EC290CF8888DFDD449A4462BC6","audio\pc\SPC_FairyQueen.bnk",1236973,1236973,1207007,0
"42CFDBFD5BF731EC290CF8888DFDD449A4462BC6","audio\pc\SPC_GhostArmor.bnk",651739,651739,645772,0
"42CFDBFD5BF731EC290CF8888DFDD449A4462BC6","audio\pc\SPC_Gnash.bnk",1316681,1316681,1300467,0
"42CFDBFD5BF731EC290CF8888DFDD449A4462BC6","audio\pc\SPC_Golem.bnk",2197476,2197476,2153138,0
"42CFDBFD5BF731EC290CF8888DFDD449A4462BC6","audio\pc\SPC_Hattori.bnk",2399305,2399305,2370800,0
"42CFDBFD5BF731EC290CF8888DFDD449A4462BC6","audio\pc\SPC_Inuit.bnk",1134323,1134323,1121875,0
"42CFDBFD5BF731EC290CF8888DFDD449A4462BC6","audio\pc\SPC_Jiro.bnk",1352107,1352107,1328544,0
"42CFDBFD5BF731EC290CF8888DFDD449A4462BC6","audio\pc\SPC_Koji_ShinSekai.bnk",474142,474142,471753,0
"42CFDBFD5BF731EC290CF8888DFDD449A4462BC6","audio\pc\SPC_LinFei.bnk",1214074,1214074,1196759,0
"42CFDBFD5BF731EC290CF8888DFDD449A4462BC6","audio\pc\SPC_LordVraxx.bnk",905599,905599,898557,0
"42CFDBFD5BF731EC290CF8888DFDD449A4462BC6","audio\pc\SPC_Luchador.bnk",683551,683551,667315,0
"42CFDBFD5BF731EC290CF8888DFDD449A4462BC6","audio\pc\SPC_Lucien.bnk",327280,327280,321464,0
"42CFDBFD5BF731EC290CF8888DFDD449A4462BC6","audio\pc\SPC_Minotaur.bnk",1498277,1498277,1473154,0
"42CFDBFD5BF731EC290CF8888DFDD449A4462BC6","audio\pc\SPC_Mirage.bnk",835061,835061,822908,0
"42CFDBFD5BF731EC290CF8888DFDD449A4462BC6","audio\pc\SPC_Mobster.bnk",1668010,1668010,1650209,0
"42CFDBFD5BF731EC290CF8888DFDD449A4462BC6","audio\pc\SPC_Monk.bnk",2356076,2356076,2320620,0
"42CFDBFD5BF731EC290CF8888DFDD449A4462BC6","audio\pc\SPC_MonsterHunter.bnk",2067313,2067313,2045538,0
"42CFDBFD5BF731EC290CF8888DFDD449A4462BC6","audio\pc\SPC_Mordex.bnk",2070678,2070678,2051581,0
"42CFDBFD5BF731EC290CF8888DFDD449A4462BC6","audio\pc\SPC_Nai.bnk",961275,961275,953667,0
"42CFDBFD5BF731EC290CF8888DFDD449A4462BC6","audio\pc\SPC_Nix.bnk",1224384,1224384,1210737,0
"42CFDBFD5BF731EC290CF8888DFDD449A4462BC6","audio\pc\SPC_Onyx.bnk",958774,958774,952454,0
"42CFDBFD5BF731EC290CF8888DFDD449A4462BC6","audio\pc\SPC_Orion.bnk",1142272,1142272,1082440,0
"42CFDBFD5BF731EC290CF8888DFDD449A4462BC6","audio\pc\SPC_Petra.bnk",3536717,3536717,3506004,0
"42CFDBFD5BF731EC290CF8888DFDD449A4462BC6","audio\pc\SPC_Rakshasi.bnk",1032314,1032314,1011983,0
"42CFDBFD5BF731EC290CF8888DFDD449A4462BC6","audio\pc\SPC_Ranger.bnk",1900907,1900907,1877863,0
"42CFDBFD5BF731EC290CF8888DFDD449A4462BC6","audio\pc\SPC_Rayman.bnk",1383106,1383106,1350105,0
"42CFDBFD5BF731EC290CF8888DFDD449A4462BC6","audio\pc\SPC_Samurai.bnk",1931443,1931443,1909403,0
"42CFDBFD5BF731EC290CF8888DFDD449A4462BC6","audio\pc\SPC_Scarlet.bnk",203372,203372,199997,0
"42CFDBFD5BF731EC290CF8888DFDD449A4462BC6","audio\pc\SPC_Sellsword.bnk",2166625,2166625,2104195,0
"42CFDBFD5BF731EC290CF8888DFDD449A4462BC6","audio\pc\SPC_Sentinel.bnk",690526,690526,680904,0
"42CFDBFD5BF731EC290CF8888DFDD449A4462BC6","audio\pc\SPC_Shark.bnk",823797,823797,817459,0
"42CFDBFD5BF731EC290CF8888DFDD449A4462BC6","audio\pc\SPC_SirRoland.bnk",399053,399053,394632,0
"42CFDBFD5BF731EC290CF8888DFDD449A4462BC6","audio\pc\SPC_Skeleton.bnk",261163,261163,257738,0
"42CFDBFD5BF731EC290CF8888DFDD449A4462BC6","audio\pc\SPC_Soldier.bnk",298976,298976,291337,0
"42CFDBFD5BF731EC290CF8888DFDD449A4462BC6","audio\pc\SPC_Spellwitch.bnk",2011979,2011979,1994793,0
"42CFDBFD5BF731EC290CF8888DFDD449A4462BC6","audio\pc\SPC_Spellwitch_Enchantress.bnk",474695,474695,470374,0
"42CFDBFD5BF731EC290CF8888DFDD449A4462BC6","audio\pc\SPC_Thatch.bnk",1243838,1243838,1230449,0
"42CFDBFD5BF731EC290CF8888DFDD449A4462BC6","audio\pc\SPC_Thor.bnk",3074645,3074645,3049711,0
"42CFDBFD5BF731EC290CF8888DFDD449A4462BC6","audio\pc\SPC_Val.bnk",2293910,2293910,2263613,0
"42CFDBFD5BF731EC290CF8888DFDD449A4462BC6","audio\pc\SPC_Valkyrie.bnk",2106431,2106431,2083830,0
"42CFDBFD5BF731EC290CF8888DFDD449A4462BC6","audio\pc\SPC_Vector.bnk",719848,719848,713353,0
"42CFDBFD5BF731EC290CF8888DFDD449A4462BC6","audio\pc\SPC_Volkov.bnk",1302587,1302587,1293245,0
"42CFDBFD5BF731EC290CF8888DFDD449A4462BC6","audio\pc\SPC_Yumiko.bnk",552226,552226,537179,0
"42CFDBFD5BF731EC290CF8888DFDD449A4462BC6","audio\pc\UI.bnk",26511311,26511311,26342244,0
"42CFDBFD5BF731EC290CF8888DFDD449A4462BC6","audio\pc\WEP_Axe.bnk",473254,473254,461934,0
"42CFDBFD5BF731EC290CF8888DFDD449A4462BC6","audio\pc\WEP_Boots.bnk",486765,486765,471974,0
"42CFDBFD5BF731EC290CF8888DFDD449A4462BC6","audio\pc\WEP_Bow.bnk",613916,613916,601220,0
"42CFDBFD5BF731EC290CF8888DFDD449A4462BC6","audio\pc\WEP_Cannon.bnk",1361958,1361958,1279464,0
"42CFDBFD5BF731EC290CF8888DFDD449A4462BC6","audio\pc\WEP_Explosion.bnk",7533938,7533938,7350031,0
"42CFDBFD5BF731EC290CF8888DFDD449A4462BC6","audio\pc\WEP_Fists.bnk",686616,686616,671887,0
"42CFDBFD5BF731EC290CF8888DFDD449A4462BC6","audio\pc\WEP_Greatsword.bnk",899754,899754,874828,0
"42CFDBFD5BF731EC290CF8888DFDD449A4462BC6","audio\pc\WEP_Hammer.bnk",655057,655057,640512,0
"42CFDBFD5BF731EC290CF8888DFDD449A4462BC6","audio\pc\WEP_Katar.bnk",589183,589183,557565,0
"42CFDBFD5BF731EC290CF8888DFDD449A4462BC6","audio\pc\WEP_Orb.bnk",594193,594193,575318,0
"42CFDBFD5BF731EC290CF8888DFDD449A4462BC6","audio\pc\WEP_Pistol.bnk",743477,743477,729480,0
"42CFDBFD5BF731EC290CF8888DFDD449A4462BC6","audio\pc\WEP_RocketLance.bnk",807121,807121,792105,0
"42CFDBFD5BF731EC290CF8888DFDD449A4462BC6","audio\pc\WEP_Scythe.bnk",584015,584015,571069,0
"42CFDBFD5BF731EC290CF8888DFDD449A4462BC6","audio\pc\WEP_Spear.bnk",611664,611664,598439,0
"42CFDBFD5BF731EC290CF8888DFDD449A4462BC6","audio\pc\WEP_Sword.bnk",829317,829317,756782,0
"42CFDBFD5BF731EC290CF8888DFDD449A4462BC6","audio\pc\WEP_Unarmed.bnk",676181,676181,618514,0
"42CFDBFD5BF731EC290CF8888DFDD449A4462BC6","bones\Bones_Aang.swf",1002415,1002415,1002448,0
"42CFDBFD5BF731EC290CF8888DFDD449A4462BC6","bones\Bones_ATLA_MapArtAnims.swf",8833,8833,8843,0
"42CFDBFD5BF731EC290CF8888DFDD449A4462BC6","bones\Bones_Axe.swf",4561233,4561233,4560621,0
"42CFDBFD5BF731EC290CF8888DFDD449A4462BC6","bones\Bones_Boots.swf",85113,85113,85125,0
"42CFDBFD5BF731EC290CF8888DFDD449A4462BC6","bones\Bones_Bow.swf",3052479,3052479,3051624,0
"42CFDBFD5BF731EC290CF8888DFDD449A4462BC6","bones\Bones_Cannon.swf",1457896,1457896,1457532,0
"42CFDBFD5BF731EC290CF8888DFDD449A4462BC6","bones\Bones_CharacterSelect.swf",3444356,3444356,3443628,0
"42CFDBFD5BF731EC290CF8888DFDD449A4462BC6","bones\Bones_ClientThemeLogos.swf",278709,278709,278641,0
"42CFDBFD5BF731EC290CF8888DFDD449A4462BC6","bones\Bones_Emojis.swf",3075,3075,3085,0
"42CFDBFD5BF731EC290CF8888DFDD449A4462BC6","bones\Bones_Emote.swf",1425560,1425560,1424076,0
"42CFDBFD5BF731EC290CF8888DFDD449A4462BC6","bones\Bones_Fists.swf",6570569,6570569,6569262,0
"42CFDBFD5BF731EC290CF8888DFDD449A4462BC6","bones\Bones_GameModes.swf",751768,751768,751105,0
"42CFDBFD5BF731EC290CF8888DFDD449A4462BC6","bones\Bones_GameUI.swf",74414,74414,74426,0
"42CFDBFD5BF731EC290CF8888DFDD449A4462BC6","bones\Bones_GreatSword.swf",3377885,3377885,3377218,0
"42CFDBFD5BF731EC290CF8888DFDD449A4462BC6","bones\Bones_Hammer.swf",5553958,5553958,5553215,0
"42CFDBFD5BF731EC290CF8888DFDD449A4462BC6","bones\Bones_Items.swf",402683,402683,402582,0
"42CFDBFD5BF731EC290CF8888DFDD449A4462BC6","bones\Bones_Katar.swf",2971043,2971043,2970706,0
"42CFDBFD5BF731EC290CF8888DFDD449A4462BC6","bones\Bones_KO.swf",436127,436127,436148,0
"42CFDBFD5BF731EC290CF8888DFDD449A4462BC6","bones\Bones_Lance.swf",3975344,3975344,3975163,0
"42CFDBFD5BF731EC290CF8888DFDD449A4462BC6","bones\Bones_LoadingFrames.swf",8225,8225,8235,0
"42CFDBFD5BF731EC290CF8888DFDD449A4462BC6","bones\Bones_Luchador.swf",1269109,1269109,1269148,0
"42CFDBFD5BF731EC290CF8888DFDD449A4462BC6","bones\Bones_MapArtAnims.swf",50579,50579,50589,0
"42CFDBFD5BF731EC290CF8888DFDD449A4462BC6","bones\Bones_Orb.swf",4830302,4830302,4829259,0
"42CFDBFD5BF731EC290CF8888DFDD449A4462BC6","bones\Bones_Pistols.swf",3865448,3865448,3865169,0
"42CFDBFD5BF731EC290CF8888DFDD449A4462BC6","bones\Bones_Player.swf",77925,77925,77628,0
"42CFDBFD5BF731EC290CF8888DFDD449A4462BC6","bones\Bones_PlayerThemes.swf",7968,7968,7978,0
"42CFDBFD5BF731EC290CF8888DFDD449A4462BC6","bones\Bones_Robot.swf",882,882,892,0
"42CFDBFD5BF731EC290CF8888DFDD449A4462BC6","bones\Bones_Scythe.swf",3138102,3138102,3137027,0
"42CFDBFD5BF731EC290CF8888DFDD449A4462BC6","bones\Bones_Spear.swf",6649166,6649166,6648076,0
"42CFDBFD5BF731EC290CF8888DFDD449A4462BC6","bones\Bones_SplashArt.swf",2246989,2246989,2245325,0
"42CFDBFD5BF731EC290CF8888DFDD449A4462BC6","bones\Bones_Sword.swf",5775371,5775371,5774127,0
"42CFDBFD5BF731EC290CF8888DFDD449A4462BC6","bones\Bones_Toph.swf",1075063,1075063,1074866,0
"42CFDBFD5BF731EC290CF8888DFDD449A4462BC6","bones\Bones_Unarmed.swf",47441,47441,47451,0
"42CFDBFD5BF731EC290CF8888DFDD449A4462BC6","bones\Bones_Walker.swf",16927,16927,16724,0
"42CFDBFD5BF731EC290CF8888DFDD449A4462BC6","bones\Bones_Zuko.swf",856231,856231,856261,0
"42CFDBFD5BF731EC290CF8888DFDD449A4462BC6","Brawlhalla.exe",347176,347176,151521,0
"42CFDBFD5BF731EC290CF8888DFDD449A4462BC6","BrawlhallaAir.swf",1314156,1314156,1312769,0
"42CFDBFD5BF731EC290CF8888DFDD449A4462BC6","BrawlhallaEAC.exe",3518440,3518440,1670198,0
"42CFDBFD5BF731EC290CF8888DFDD449A4462BC6","deloverlay.bat",19,19,28,0
"42CFDBFD5BF731EC290CF8888DFDD449A4462BC6","Dynamic.swz",149549,149549,149564,0
"42CFDBFD5BF731EC290CF8888DFDD449A4462BC6","EasyAntiCheat\Certificates\base.bin",41924,41924,29638,0
"42CFDBFD5BF731EC290CF8888DFDD449A4462BC6","EasyAntiCheat\Certificates\base.cer",1165,1165,1127,0
"42CFDBFD5BF731EC290CF8888DFDD449A4462BC6","EasyAntiCheat\EasyAntiCheat_EOS_Setup.exe",584680,584680,230947,0
"42CFDBFD5BF731EC290CF8888DFDD449A4462BC6","EasyAntiCheat\Licenses\Apache-2.0.txt",11560,11560,3830,0
"42CFDBFD5BF731EC290CF8888DFDD449A4462BC6","EasyAntiCheat\Licenses\Licenses.txt",9808,9808,2630,0
"42CFDBFD5BF731EC290CF8888DFDD449A4462BC6","EasyAntiCheat\Licenses\MIT.txt",1093,1093,656,0
"42CFDBFD5BF731EC290CF8888DFDD449A4462BC6","EasyAntiCheat\Localization\ar_sa.cfg",12686,12686,3864,0
"42CFDBFD5BF731EC290CF8888DFDD449A4462BC6","EasyAntiCheat\Localization\cs_cz.cfg",10967,10967,3839,0
"42CFDBFD5BF731EC290CF8888DFDD449A4462BC6","EasyAntiCheat\Localization\de_de.cfg",11099,11099,3743,0
"42CFDBFD5BF731EC290CF8888DFDD449A4462BC6","EasyAntiCheat\Localization\en_us.cfg",9724,9724,2983,0
"42CFDBFD5BF731EC290CF8888DFDD449A4462BC6","EasyAntiCheat\Localization\es_ar.cfg",11179,11179,3659,0
"42CFDBFD5BF731EC290CF8888DFDD449A4462BC6","EasyAntiCheat\Localization\es_es.cfg",11328,11328,3630,0
"42CFDBFD5BF731EC290CF8888DFDD449A4462BC6","EasyAntiCheat\Localization\fr_fr.cfg",11335,11335,3681,0
"42CFDBFD5BF731EC290CF8888DFDD449A4462BC6","EasyAntiCheat\Localization\it_it.cfg",10600,10600,3474,0
"42CFDBFD5BF731EC290CF8888DFDD449A4462BC6","EasyAntiCheat\Localization\ja_ja.cfg",13054,13054,4145,0
"42CFDBFD5BF731EC290CF8888DFDD449A4462BC6","EasyAntiCheat\Localization\ko_kr.cfg",11505,11505,3912,0
"42CFDBFD5BF731EC290CF8888DFDD449A4462BC6","EasyAntiCheat\Localization\nl_nl.cfg",10629,10629,3524,0
"42CFDBFD5BF731EC290CF8888DFDD449A4462BC6","EasyAntiCheat\Localization\pl_pl.cfg",11252,11252,3963,0
"42CFDBFD5BF731EC290CF8888DFDD449A4462BC6","EasyAntiCheat\Localization\pt_br.cfg",11071,11071,3576,0
"42CFDBFD5BF731EC290CF8888DFDD449A4462BC6","EasyAntiCheat\Localization\ru_ru.cfg",14870,14870,4352,0
"42CFDBFD5BF731EC290CF8888DFDD449A4462BC6","EasyAntiCheat\Localization\th_th.cfg",18407,18407,4200,0
"42CFDBFD5BF731EC290CF8888DFDD449A4462BC6","EasyAntiCheat\Localization\tr_tr.cfg",10492,10492,3595,0
"42CFDBFD5BF731EC290CF8888DFDD449A4462BC6","EasyAntiCheat\Localization\zh_cn.cfg",9565,9565,3641,0
"42CFDBFD5BF731EC290CF8888DFDD449A4462BC6","EasyAntiCheat\Localization\zh_tw.cfg",9546,9546,3680,0
"42CFDBFD5BF731EC290CF8888DFDD449A4462BC6","EasyAntiCheat\Settings.json",377,377,245,0
"42CFDBFD5BF731EC290CF8888DFDD449A4462BC6","EasyAntiCheat\SplashScreen.png",388832,388832,388850,0
"42CFDBFD5BF731EC290CF8888DFDD449A4462BC6","Engine.swz",2782,2782,2792,0
"42CFDBFD5BF731EC290CF8888DFDD449A4462BC6","EOSSDK-Win32-Shipping.dll",16805856,16805856,5821653,0
"42CFDBFD5BF731EC290CF8888DFDD449A4462BC6","fontData\Font_ChineseSimplified.swf",5197472,5197472,5196987,0
"42CFDBFD5BF731EC290CF8888DFDD449A4462BC6","fontData\Font_ChineseTraditional.swf",2678746,2678746,2678818,0
"42CFDBFD5BF731EC290CF8888DFDD449A4462BC6","fontData\Font_Japanese.swf",1058352,1058352,1058297,0
"42CFDBFD5BF731EC290CF8888DFDD449A4462BC6","fontData\Font_Korean.swf",235283,235283,235298,0
"42CFDBFD5BF731EC290CF8888DFDD449A4462BC6","fontData\Font_Russian.swf",102235,102235,102247,0
"42CFDBFD5BF731EC290CF8888DFDD449A4462BC6","Game.swz",688159,688159,688186,0
"42CFDBFD5BF731EC290CF8888DFDD449A4462BC6","Gfx_Aang.swf",151267,151267,151188,0
"42CFDBFD5BF731EC290CF8888DFDD449A4462BC6","Gfx_ActualShark.swf",962590,962590,961395,0
"42CFDBFD5BF731EC290CF8888DFDD449A4462BC6","Gfx_Barbarian.swf",595519,595519,594953,0
"42CFDBFD5BF731EC290CF8888DFDD449A4462BC6","Gfx_BirdBard.swf",336534,336534,336552,0
"42CFDBFD5BF731EC290CF8888DFDD449A4462BC6","Gfx_BountyHunter.swf",307185,307185,306982,0
"42CFDBFD5BF731EC290CF8888DFDD449A4462BC6","Gfx_ClientThemeLogos.swf",372278,372278,372296,0
"42CFDBFD5BF731EC290CF8888DFDD449A4462BC6","Gfx_Dragon.swf",1219855,1219855,1218484,0
"42CFDBFD5BF731EC290CF8888DFDD449A4462BC6","Gfx_Dwarf.swf",703162,703162,702568,0
"42CFDBFD5BF731EC290CF8888DFDD449A4462BC6","Gfx_Egyptian.swf",948478,948478,947073,0
"42CFDBFD5BF731EC290CF8888DFDD449A4462BC6","Gfx_Emojis.swf",372612,372612,372630,0
"42CFDBFD5BF731EC290CF8888DFDD449A4462BC6","Gfx_Ezio.swf",576477,576477,576176,0
"42CFDBFD5BF731EC290CF8888DFDD449A4462BC6","Gfx_FairyQueen.swf",480816,480816,480283,0
"42CFDBFD5BF731EC290CF8888DFDD449A4462BC6","Gfx_GameUI.swf",105438,105438,105450,0
"42CFDBFD5BF731EC290CF8888DFDD449A4462BC6","Gfx_Gargoyle.swf",997451,997451,996141,0
"42CFDBFD5BF731EC290CF8888DFDD449A4462BC6","Gfx_GhostArmor.swf",315605,315605,315623,0
"42CFDBFD5BF731EC290CF8888DFDD449A4462BC6","Gfx_Golem.swf",1377194,1377194,1373765,0
"42CFDBFD5BF731EC290CF8888DFDD449A4462BC6","Gfx_Hands.swf",1168499,1168499,1155565,0
"42CFDBFD5BF731EC290CF8888DFDD449A4462BC6","Gfx_LoadingFrames.swf",157372,157372,157387,0
"42CFDBFD5BF731EC290CF8888DFDD449A4462BC6","Gfx_Luchador.swf",404776,404776,404640,0
"42CFDBFD5BF731EC290CF8888DFDD449A4462BC6","Gfx_MapArtAnims.swf",56,56,65,0
"42CFDBFD5BF731EC290CF8888DFDD449A4462BC6","Gfx_Marksman.swf",684930,684930,684082,0
"42CFDBFD5BF731EC290CF8888DFDD449A4462BC6","Gfx_Mobster.swf",1488476,1488476,1485987,0
"42CFDBFD5BF731EC290CF8888DFDD449A4462BC6","Gfx_Monk.swf",1476307,1476307,1473318,0
"42CFDBFD5BF731EC290CF8888DFDD449A4462BC6","Gfx_Ninetails.swf",553213,553213,552561,0
"42CFDBFD5BF731EC290CF8888DFDD449A4462BC6","Gfx_Player.swf",734864,734864,731668,0
"42CFDBFD5BF731EC290CF8888DFDD449A4462BC6","Gfx_PlayerThemes.swf",153344,153344,153359,0
"42CFDBFD5BF731EC290CF8888DFDD449A4462BC6","Gfx_Player_02.swf",386702,386702,386720,0
"42CFDBFD5BF731EC290CF8888DFDD449A4462BC6","Gfx_Player_04.swf",505280,505280,504488,0
"42CFDBFD5BF731EC290CF8888DFDD449A4462BC6","Gfx_Reaper.swf",589717,589717,589229,0
"42CFDBFD5BF731EC290CF8888DFDD449A4462BC6","Gfx_Robots.swf",839324,839324,839026,0
"42CFDBFD5BF731EC290CF8888DFDD449A4462BC6","Gfx_Sellsword.swf",454827,454827,454534,0
"42CFDBFD5BF731EC290CF8888DFDD449A4462BC6","Gfx_Skins.swf",4002773,4002773,3987139,0
"42CFDBFD5BF731EC290CF8888DFDD449A4462BC6","Gfx_Skins_02.swf",4568355,4568355,4545467,0
"42CFDBFD5BF731EC290CF8888DFDD449A4462BC6","Gfx_Skins_04.swf",4190691,4190691,4168626,0
"42CFDBFD5BF731EC290CF8888DFDD449A4462BC6","Gfx_Spacehunter.swf",830256,830256,829510,0
"42CFDBFD5BF731EC290CF8888DFDD449A4462BC6","Gfx_SplashArt.swf",22771,22771,22781,0
"42CFDBFD5BF731EC290CF8888DFDD449A4462BC6","Gfx_TechnoNinja.swf",1755582,1755582,1752704,0
"42CFDBFD5BF731EC290CF8888DFDD449A4462BC6","Gfx_Toph.swf",66274,66274,66286,0
"42CFDBFD5BF731EC290CF8888DFDD449A4462BC6","Gfx_Walker.swf",74037,74037,74049,0
"42CFDBFD5BF731EC290CF8888DFDD449A4462BC6","Gfx_Weapons.swf",2770463,2770463,2762769,0
"42CFDBFD5BF731EC290CF8888DFDD449A4462BC6","Gfx_Weapons_02.swf",2505195,2505195,2500767,0
"42CFDBFD5BF731EC290CF8888DFDD449A4462BC6","Gfx_Weapons_04.swf",5004313,5004313,4992045,0
"42CFDBFD5BF731EC290CF8888DFDD449A4462BC6","Gfx_Weapons_OneOff.swf",1320784,1320784,1318758,0
"42CFDBFD5BF731EC290CF8888DFDD449A4462BC6","Gfx_Weapons_Sets.swf",2687935,2687935,2683209,0
"42CFDBFD5BF731EC290CF8888DFDD449A4462BC6","Gfx_Werewolf.swf",2167346,2167346,2164049,0
"42CFDBFD5BF731EC290CF8888DFDD449A4462BC6","Gfx_Zuko.swf",43510,43510,43520,0
"42CFDBFD5BF731EC290CF8888DFDD449A4462BC6","icons\desktop128.png",15636,15636,15646,0
"42CFDBFD5BF731EC290CF8888DFDD449A4462BC6","icons\desktop16.png",755,755,765,0
"42CFDBFD5BF731EC290CF8888DFDD449A4462BC6","icons\desktop32.png",2146,2146,2156,0
"42CFDBFD5BF731EC290CF8888DFDD449A4462BC6","icons\desktop48.png",4058,4058,4068,0
"42CFDBFD5BF731EC290CF8888DFDD449A4462BC6","images\avatars\bitmapDeftFox.png",31674,31674,31684,0
"42CFDBFD5BF731EC290CF8888DFDD449A4462BC6","images\avatars\bitmapElectrify.png",19869,19869,19879,0
"42CFDBFD5BF731EC290CF8888DFDD449A4462BC6","images\avatars\bitmapLTC.png",17459,17459,14986,0
"42CFDBFD5BF731EC290CF8888DFDD449A4462BC6","images\avatars\bitmapRatedR.png",21620,21620,21508,0
"42CFDBFD5BF731EC290CF8888DFDD449A4462BC6","images\avatars\bitmapRival.png",23487,23487,23497,0
"42CFDBFD5BF731EC290CF8888DFDD449A4462BC6","images\avatars\BMG.png",18093,18093,18103,0
"42CFDBFD5BF731EC290CF8888DFDD449A4462BC6","images\avatars\BrawlhallaAlpha.png",25708,25708,25718,0
"42CFDBFD5BF731EC290CF8888DFDD449A4462BC6","images\avatars\BrawlhallaBeta.png",20488,20488,20498,0
"42CFDBFD5BF731EC290CF8888DFDD449A4462BC6","images\avatars\BrawlhallaCollectors.png",30082,30082,30092,0
"42CFDBFD5BF731EC290CF8888DFDD449A4462BC6","images\avatars\BrawlhallaFounders.png",31088,31088,31098,0
"42CFDBFD5BF731EC290CF8888DFDD449A4462BC6","images\avatars\BrawlhallaStandard.png",18767,18767,18777,0
"42CFDBFD5BF731EC290CF8888DFDD449A4462BC6","images\avatars\OrgAstro.png",21316,21316,7273,0
"42CFDBFD5BF731EC290CF8888DFDD449A4462BC6","images\avatars\OrgBaggel.png",7048,7048,6176,0
"42CFDBFD5BF731EC290CF8888DFDD449A4462BC6","images\avatars\OrgBrawlLeague.png",33234,33234,18866,0
"42CFDBFD5BF731EC290CF8888DFDD449A4462BC6","images\avatars\OrgCLG.png",6426,6426,6343,0
"42CFDBFD5BF731EC290CF8888DFDD449A4462BC6","images\avatars\OrgGS.png",64943,64943,14976,0
"42CFDBFD5BF731EC290CF8888DFDD449A4462BC6","images\avatars\OrgStreamMe.png",25902,25902,12118,0
"42CFDBFD5BF731EC290CF8888DFDD449A4462BC6","images\avatars\Parsec.png",5780,5780,4924,0
"42CFDBFD5BF731EC290CF8888DFDD449A4462BC6","images\avatars\SponsorAzio.png",4285,4285,4295,0
"42CFDBFD5BF731EC290CF8888DFDD449A4462BC6","images\avatars\SponsorSceptre.png",10116,10116,10126,0
"42CFDBFD5BF731EC290CF8888DFDD449A4462BC6","images\avatars\TournamentBCX2016.png",36048,36048,36058,0
"42CFDBFD5BF731EC290CF8888DFDD449A4462BC6","images\avatars\TournamentComboBreaker.png",15956,15956,15966,0
"42CFDBFD5BF731EC290CF8888DFDD449A4462BC6","images\avatars\TournamentDreamland.png",28006,28006,28016,0
"42CFDBFD5BF731EC290CF8888DFDD449A4462BC6","images\avatars\TournamentShine.png",8870,8870,8838,0
"42CFDBFD5BF731EC290CF8888DFDD449A4462BC6","images\botw\botw1v1300.jpg",259113,259113,259128,0
"42CFDBFD5BF731EC290CF8888DFDD449A4462BC6","images\botw\botw1v1ghost200.jpg",170643,170643,169175,0
"42CFDBFD5BF731EC290CF8888DFDD449A4462BC6","images\botw\botw1v1relay5.jpg",238181,238181,237424,0
"42CFDBFD5BF731EC290CF8888DFDD449A4462BC6","images\botw\botw1v1shift.jpg",199835,199835,199166,0
"42CFDBFD5BF731EC290CF8888DFDD449A4462BC6","images\botw\botw1v1showdown.jpg",322965,322965,322662,0
"42CFDBFD5BF731EC290CF8888DFDD449A4462BC6","images\botw\botw2v2crewbattle.jpg",333866,333866,333106,0
"42CFDBFD5BF731EC290CF8888DFDD449A4462BC6","images\botw\botw2v2ghost200.jpg",174736,174736,174493,0
"42CFDBFD5BF731EC290CF8888DFDD449A4462BC6","images\botw\botw2v2ghostbrawlbp4.jpg",303965,303965,303807,0
"42CFDBFD5BF731EC290CF8888DFDD449A4462BC6","images\botw\botw2v2kungfoot.jpg",176243,176243,175442,0
"42CFDBFD5BF731EC290CF8888DFDD449A4462BC6","images\botw\botw2v2relay.jpg",217164,217164,216397,0
"42CFDBFD5BF731EC290CF8888DFDD449A4462BC6","images\botw\botw2v2ring.jpg",314438,314438,313791,0
"42CFDBFD5BF731EC290CF8888DFDD449A4462BC6","images\botw\botw2v2shift.jpg",240804,240804,240192,0
"42CFDBFD5BF731EC290CF8888DFDD449A4462BC6","images\botw\botw2v2showdown.jpg",404331,404331,404352,0
"42CFDBFD5BF731EC290CF8888DFDD449A4462BC6","images\botw\botw2v2snowbrawl.jpg",208053,208053,198699,0
"42CFDBFD5BF731EC290CF8888DFDD449A4462BC6","images\botw\botw2v2switch.jpg",110953,110953,110406,0
"42CFDBFD5BF731EC290CF8888DFDD449A4462BC6","images\botw\botw3ffa.jpg",109519,109519,108949,0
"42CFDBFD5BF731EC290CF8888DFDD449A4462BC6","images\botw\botw3ffaghost300.jpg",178608,178608,178623,0
"42CFDBFD5BF731EC290CF8888DFDD449A4462BC6","images\botw\botw3v3.jpg",120691,120691,120703,0
"42CFDBFD5BF731EC290CF8888DFDD449A4462BC6","images\botw\botw3v3beachbrawl.jpg",104631,104631,103924,0
"42CFDBFD5BF731EC290CF8888DFDD449A4462BC6","images\botw\botw3v3brawlball.jpg",154303,154303,154318,0
"42CFDBFD5BF731EC290CF8888DFDD449A4462BC6","images\botw\botw3v3switchcraft.jpg",300339,300339,300357,0
"42CFDBFD5BF731EC290CF8888DFDD449A4462BC6","images\botw\botwavatar2v2ghost.jpg",299486,299486,298580,0
"42CFDBFD5BF731EC290CF8888DFDD449A4462BC6","images\botw\botwavatar3v3.jpg",302021,302021,301854,0
"42CFDBFD5BF731EC290CF8888DFDD449A4462BC6","images\botw\botwavatarffabig300.jpg",357955,357955,357973,0
"42CFDBFD5BF731EC290CF8888DFDD449A4462BC6","images\botw\botwavatarshift.jpg",250157,250157,247844,0
"42CFDBFD5BF731EC290CF8888DFDD449A4462BC6","images\botw\botwbounty200.jpg",312048,312048,310354,0
"42CFDBFD5BF731EC290CF8888DFDD449A4462BC6","images\botw\botwbountybasic.jpg",314745,314745,314127,0
"42CFDBFD5BF731EC290CF8888DFDD449A4462BC6","images\botw\botwbountyghost.jpg",287130,287130,287148,0
"42CFDBFD5BF731EC290CF8888DFDD449A4462BC6","images\botw\botwbubble.jpg",222662,222662,222677,0
"42CFDBFD5BF731EC290CF8888DFDD449A4462BC6","images\botw\botwbuddy.jpg",395419,395419,392946,0
"42CFDBFD5BF731EC290CF8888DFDD449A4462BC6","images\botw\botwcastlevania1c1switch.jpg",279404,279404,279422,0
"42CFDBFD5BF731EC290CF8888DFDD449A4462BC6","images\botw\botwcastlevania4ffaghost300.jpg",318824,318824,318842,0
"42CFDBFD5BF731EC290CF8888DFDD449A4462BC6","images\botw\botwclimb.jpg",211891,211891,211906,0
"42CFDBFD5BF731EC290CF8888DFDD449A4462BC6","images\botw\botwclimb2v2.jpg",237112,237112,237127,0
"42CFDBFD5BF731EC290CF8888DFDD449A4462BC6","images\botw\botwclimbbp.jpg",244384,244384,244399,0
"42CFDBFD5BF731EC290CF8888DFDD449A4462BC6","images\botw\botwcrewbattle.jpg",321035,321035,320328,0
"42CFDBFD5BF731EC290CF8888DFDD449A4462BC6","images\botw\botwctf.jpg",404823,404823,404844,0
"42CFDBFD5BF731EC290CF8888DFDD449A4462BC6","images\botw\botwghosttag.jpg",168281,168281,168296,0
"42CFDBFD5BF731EC290CF8888DFDD449A4462BC6","images\botw\botwgiantswordffa.jpg",344097,344097,344115,0
"42CFDBFD5BF731EC290CF8888DFDD449A4462BC6","images\botw\botwgijoe.jpg",310164,310164,309933,0
"42CFDBFD5BF731EC290CF8888DFDD449A4462BC6","images\botw\botwheatwaveffa.jpg",190739,190739,189399,0
"42CFDBFD5BF731EC290CF8888DFDD449A4462BC6","images\botw\botwheatwavesnowbrawl.jpg",142481,142481,142496,0
"42CFDBFD5BF731EC290CF8888DFDD449A4462BC6","images\botw\botwhorde.jpg",275632,275632,274406,0
"42CFDBFD5BF731EC290CF8888DFDD449A4462BC6","images\botw\botwnordicbrawlball.jpg",262072,262072,262087,0
"42CFDBFD5BF731EC290CF8888DFDD449A4462BC6","images\botw\botwplatformfight.jpg",127567,127567,126962,0
"42CFDBFD5BF731EC290CF8888DFDD449A4462BC6","images\botw\botwrooftops200.jpg",336841,336841,336859,0
"42CFDBFD5BF731EC290CF8888DFDD449A4462BC6","images\botw\botwsnowbrawl.jpg",184081,184081,173906,0
"42CFDBFD5BF731EC290CF8888DFDD449A4462BC6","images\botw\botwstamina.jpg",251275,251275,250443,0
"42CFDBFD5BF731EC290CF8888DFDD449A4462BC6","images\botw\botwstamina2.jpg",338435,338435,337149,0
"42CFDBFD5BF731EC290CF8888DFDD449A4462BC6","images\botw\botwsynthwavesoccer.jpg",260436,260436,259653,0
"42CFDBFD5BF731EC290CF8888DFDD449A4462BC6","images\botw\botwsynthwavesoccer3v3.jpg",298763,298763,298255,0
"42CFDBFD5BF731EC290CF8888DFDD449A4462BC6","images\botw\botwzombie.jpg",289424,289424,289442,0
"42CFDBFD5BF731EC290CF8888DFDD449A4462BC6","images\chests\ancientmid.jpg",236445,236445,236460,0
"42CFDBFD5BF731EC290CF8888DFDD449A4462BC6","images\chests\brawlcitymid.jpg",163094,163094,162968,0
"42CFDBFD5BF731EC290CF8888DFDD449A4462BC6","images\chests\celestialmid.jpg",164874,164874,164614,0
"42CFDBFD5BF731EC290CF8888DFDD449A4462BC6","images\chests\cosmicmid.jpg",208340,208340,208355,0
"42CFDBFD5BF731EC290CF8888DFDD449A4462BC6","images\chests\dragonmid.jpg",191856,191856,190934,0
"42CFDBFD5BF731EC290CF8888DFDD449A4462BC6","images\chests\elementalmid.jpg",216267,216267,216282,0
"42CFDBFD5BF731EC290CF8888DFDD449A4462BC6","images\chests\exaltedmid.jpg",191912,191912,191927,0
"42CFDBFD5BF731EC290CF8888DFDD449A4462BC6","images\chests\forbiddenmid.jpg",140129,140129,139009,0
"42CFDBFD5BF731EC290CF8888DFDD449A4462BC6","images\chests\forgemid.jpg",134103,134103,134118,0
"42CFDBFD5BF731EC290CF8888DFDD449A4462BC6","images\chests\gaslampmid.jpg",221669,221669,221684,0
"42CFDBFD5BF731EC290CF8888DFDD449A4462BC6","images\chests\imperialmid.jpg",205537,205537,205114,0
"42CFDBFD5BF731EC290CF8888DFDD449A4462BC6","images\chests\odinmid.jpg",203417,203417,202745,0
"42CFDBFD5BF731EC290CF8888DFDD449A4462BC6","images\chests\olympianmid.jpg",220678,220678,220693,0
"42CFDBFD5BF731EC290CF8888DFDD449A4462BC6","images\chests\outlawmid.jpg",193645,193645,193660,0
"42CFDBFD5BF731EC290CF8888DFDD449A4462BC6","images\chests\ragnarokmid.jpg",154254,154254,153546,0
"42CFDBFD5BF731EC290CF8888DFDD449A4462BC6","images\chests\revenantmid.jpg",140131,140131,139050,0
"42CFDBFD5BF731EC290CF8888DFDD449A4462BC6","images\chests\sandstormmid.jpg",153080,153080,151911,0
"42CFDBFD5BF731EC290CF8888DFDD449A4462BC6","images\chests\skysailmid.jpg",199027,199027,198501,0
"42CFDBFD5BF731EC290CF8888DFDD449A4462BC6","images\chests\sunkenmid.jpg",217535,217535,217550,0
"42CFDBFD5BF731EC290CF8888DFDD449A4462BC6","images\chests\synthmid.jpg",288740,288740,288758,0
"42CFDBFD5BF731EC290CF8888DFDD449A4462BC6","images\chests\wildmid.jpg",188720,188720,188735,0
"42CFDBFD5BF731EC290CF8888DFDD449A4462BC6","images\events\atlantis.jpg",15302,15302,14160,0
"42CFDBFD5BF731EC290CF8888DFDD449A4462BC6","images\events\Autumn1v1_AUS.jpg",86691,86691,85203,0
"42CFDBFD5BF731EC290CF8888DFDD449A4462BC6","images\events\Autumn1v1_EU.jpg",85914,85914,84181,0
"42CFDBFD5BF731EC290CF8888DFDD449A4462BC6","images\events\Autumn1v1_NA.jpg",88577,88577,86939,0
"42CFDBFD5BF731EC290CF8888DFDD449A4462BC6","images\events\Autumn1v1_SA.jpg",86617,86617,85104,0
"42CFDBFD5BF731EC290CF8888DFDD449A4462BC6","images\events\Autumn1v1_SEA.jpg",87368,87368,85832,0
"42CFDBFD5BF731EC290CF8888DFDD449A4462BC6","images\events\Autumn2v2_AUS.jpg",87816,87816,86406,0
"42CFDBFD5BF731EC290CF8888DFDD449A4462BC6","images\events\Autumn2v2_EU.jpg",87019,87019,84893,0
"42CFDBFD5BF731EC290CF8888DFDD449A4462BC6","images\events\Autumn2v2_NA.jpg",89657,89657,88004,0
"42CFDBFD5BF731EC290CF8888DFDD449A4462BC6","images\events\Autumn2v2_SA.jpg",87752,87752,86070,0
"42CFDBFD5BF731EC290CF8888DFDD449A4462BC6","images\events\Autumn2v2_SEA.jpg",88519,88519,86992,0
"42CFDBFD5BF731EC290CF8888DFDD449A4462BC6","images\events\battleofbrawlhaven.jpg",64281,64281,62905,0
"42CFDBFD5BF731EC290CF8888DFDD449A4462BC6","images\events\BCX22.jpg",81002,81002,80251,0
"42CFDBFD5BF731EC290CF8888DFDD449A4462BC6","images\events\beardedaus.jpg",81329,81329,80965,0
"42CFDBFD5BF731EC290CF8888DFDD449A4462BC6","images\events\BLcampus.jpg",62410,62410,59549,0
"42CFDBFD5BF731EC290CF8888DFDD449A4462BC6","images\events\brawlballmonthly.jpg",18457,18457,15253,0
"42CFDBFD5BF731EC290CF8888DFDD449A4462BC6","images\events\brawlit.jpg",22501,22501,20380,0
"42CFDBFD5BF731EC290CF8888DFDD449A4462BC6","images\events\brawltalha1.jpg",29329,29329,28013,0
"42CFDBFD5BF731EC290CF8888DFDD449A4462BC6","images\events\Carretada.jpg",20997,20997,19210,0
"42CFDBFD5BF731EC290CF8888DFDD449A4462BC6","images\events\carrie'd.jpg",42870,42870,41199,0
"42CFDBFD5BF731EC290CF8888DFDD449A4462BC6","images\events\copalatam1.jpg",95428,95428,94783,0
"42CFDBFD5BF731EC290CF8888DFDD449A4462BC6","images\events\cubed.jpg",17915,17915,15325,0
"42CFDBFD5BF731EC290CF8888DFDD449A4462BC6","images\events\doomsday.jpg",51225,51225,50714,0
"42CFDBFD5BF731EC290CF8888DFDD449A4462BC6","images\events\frenchleague.jpg",34105,34105,33317,0
"42CFDBFD5BF731EC290CF8888DFDD449A4462BC6","images\events\frenemyfrenzy.jpg",59500,59500,55624,0
"42CFDBFD5BF731EC290CF8888DFDD449A4462BC6","images\events\galaxyblizzard.jpg",69722,69722,68406,0
"42CFDBFD5BF731EC290CF8888DFDD449A4462BC6","images\events\galaxynova.jpg",86828,86828,84715,0
"42CFDBFD5BF731EC290CF8888DFDD449A4462BC6","images\events\ggtoor.jpg",22636,22636,18377,0
"42CFDBFD5BF731EC290CF8888DFDD449A4462BC6","images\events\ghost.jpg",85543,85543,85062,0
"42CFDBFD5BF731EC290CF8888DFDD449A4462BC6","images\events\ghostleague1.jpg",71647,71647,71325,0
"42CFDBFD5BF731EC290CF8888DFDD449A4462BC6","images\events\ghostleague10.jpg",58212,58212,57571,0
"42CFDBFD5BF731EC290CF8888DFDD449A4462BC6","images\events\ghostleague2.jpg",60053,60053,59728,0
"42CFDBFD5BF731EC290CF8888DFDD449A4462BC6","images\events\GLOC.jpg",35202,35202,34557,0
"42CFDBFD5BF731EC290CF8888DFDD449A4462BC6","images\events\greathall.jpg",72117,72117,71582,0
"42CFDBFD5BF731EC290CF8888DFDD449A4462BC6","images\events\hauntingchills.jpg",34479,34479,33473,0
"42CFDBFD5BF731EC290CF8888DFDD449A4462BC6","images\events\internacionalNA.jpg",97017,97017,94305,0
"42CFDBFD5BF731EC290CF8888DFDD449A4462BC6","images\events\internacionalSA.jpg",97380,97380,94939,0
"42CFDBFD5BF731EC290CF8888DFDD449A4462BC6","images\events\jerrycup.jpg",98473,98473,98002,0
"42CFDBFD5BF731EC290CF8888DFDD449A4462BC6","images\events\M3L33.jpg",65536,65536,64497,0
"42CFDBFD5BF731EC290CF8888DFDD449A4462BC6","images\events\manowar.jpg",57824,57824,57480,0
"42CFDBFD5BF731EC290CF8888DFDD449A4462BC6","images\events\minotaur.jpg",87976,87976,87497,0
"42CFDBFD5BF731EC290CF8888DFDD449A4462BC6","images\events\minotaur10.jpg",64638,64638,62130,0
"42CFDBFD5BF731EC290CF8888DFDD449A4462BC6","images\events\mooseragnarok.jpg",32136,32136,31745,0
"42CFDBFD5BF731EC290CF8888DFDD449A4462BC6","images\events\nexus1.jpg",32181,32181,30038,0
"42CFDBFD5BF731EC290CF8888DFDD449A4462BC6","images\events\nexus2.jpg",26449,26449,22984,0
"42CFDBFD5BF731EC290CF8888DFDD449A4462BC6","images\events\nsigshowdown.jpg",23635,23635,22464,0
"42CFDBFD5BF731EC290CF8888DFDD449A4462BC6","images\events\nsigtrials.jpg",25361,25361,23417,0
"42CFDBFD5BF731EC290CF8888DFDD449A4462BC6","images\events\peru1.jpg",113699,113699,110254,0
"42CFDBFD5BF731EC290CF8888DFDD449A4462BC6","images\events\placeholder.jpg",63516,63516,62093,0
"42CFDBFD5BF731EC290CF8888DFDD449A4462BC6","images\events\pxl.jpg",41097,41097,35005,0
"42CFDBFD5BF731EC290CF8888DFDD449A4462BC6","images\events\PXLGalaxy.jpg",57104,57104,55602,0
"42CFDBFD5BF731EC290CF8888DFDD449A4462BC6","images\events\ragnar.jpg",37985,37985,35715,0
"42CFDBFD5BF731EC290CF8888DFDD449A4462BC6","images\events\sabrawldo.jpg",50266,50266,48820,0
"42CFDBFD5BF731EC290CF8888DFDD449A4462BC6","images\events\sabrawldo1.jpg",32561,32561,31048,0
"42CFDBFD5BF731EC290CF8888DFDD449A4462BC6","images\events\SIB.jpg",40885,40885,39993,0
"42CFDBFD5BF731EC290CF8888DFDD449A4462BC6","images\events\skybrawl.jpg",27079,27079,25256,0
"42CFDBFD5BF731EC290CF8888DFDD449A4462BC6","images\events\SWC.jpg",81399,81399,79153,0
"42CFDBFD5BF731EC290CF8888DFDD449A4462BC6","images\events\tfc.jpg",87000,87000,84849,0
"42CFDBFD5BF731EC290CF8888DFDD449A4462BC6","images\events\TheHighest.jpg",18669,18669,16727,0
"42CFDBFD5BF731EC290CF8888DFDD449A4462BC6","images\events\trix.jpg",73098,73098,71804,0
"42CFDBFD5BF731EC290CF8888DFDD449A4462BC6","images\events\warriorsfighters.jpg",81594,81594,80363,0
"42CFDBFD5BF731EC290CF8888DFDD449A4462BC6","images\scoringtype\botw1v1300.jpg",96754,96754,96766,0
"42CFDBFD5BF731EC290CF8888DFDD449A4462BC6","images\scoringtype\botw1v1relay5.jpg",90835,90835,90847,0
"42CFDBFD5BF731EC290CF8888DFDD449A4462BC6","images\scoringtype\botw1v1shift.jpg",80417,80417,80105,0
"42CFDBFD5BF731EC290CF8888DFDD449A4462BC6","images\scoringtype\botw1v1showdown.jpg",94793,94793,94805,0
"42CFDBFD5BF731EC290CF8888DFDD449A4462BC6","images\scoringtype\botw2v2crewbattle.jpg",99383,99383,99395,0
"42CFDBFD5BF731EC290CF8888DFDD449A4462BC6","images\scoringtype\botw2v2kungfoot.jpg",86075,86075,85734,0
"42CFDBFD5BF731EC290CF8888DFDD449A4462BC6","images\scoringtype\botw2v2ring.jpg",102545,102545,102557,0
"42CFDBFD5BF731EC290CF8888DFDD449A4462BC6","images\scoringtype\botw2v2snowbrawl.jpg",64925,64925,62267,0
"42CFDBFD5BF731EC290CF8888DFDD449A4462BC6","images\scoringtype\botw3v3beachbrawl.jpg",98133,98133,98145,0
"42CFDBFD5BF731EC290CF8888DFDD449A4462BC6","images\scoringtype\botw3v3brawlball.jpg",104335,104335,104347,0
"42CFDBFD5BF731EC290CF8888DFDD449A4462BC6","images\scoringtype\botw3v3switchcraft.jpg",95995,95995,96007,0
"42CFDBFD5BF731EC290CF8888DFDD449A4462BC6","images\scoringtype\botwbounty200.jpg",98564,98564,98164,0
"42CFDBFD5BF731EC290CF8888DFDD449A4462BC6","images\scoringtype\botwbubble.jpg",68843,68843,68539,0
"42CFDBFD5BF731EC290CF8888DFDD449A4462BC6","images\scoringtype\botwbuddy.jpg",95054,95054,94398,0
"42CFDBFD5BF731EC290CF8888DFDD449A4462BC6","images\scoringtype\botwclimb.jpg",69059,69059,68697,0
"42CFDBFD5BF731EC290CF8888DFDD449A4462BC6","images\scoringtype\botwctf.jpg",95759,95759,95771,0
"42CFDBFD5BF731EC290CF8888DFDD449A4462BC6","images\scoringtype\botwheatwaveffa.jpg",70726,70726,70166,0
"42CFDBFD5BF731EC290CF8888DFDD449A4462BC6","images\scoringtype\botwhorde.jpg",65414,65414,64964,0
"42CFDBFD5BF731EC290CF8888DFDD449A4462BC6","images\scoringtype\botwnordicbrawlball.jpg",87497,87497,87160,0
"42CFDBFD5BF731EC290CF8888DFDD449A4462BC6","images\scoringtype\botwplatformfight.jpg",94694,94694,94706,0
"42CFDBFD5BF731EC290CF8888DFDD449A4462BC6","images\scoringtype\botwzombie.jpg",81851,81851,81534,0
"42CFDBFD5BF731EC290CF8888DFDD449A4462BC6","images\scoringtype\TrainingMode.jpg",64214,64214,63911,0
"42CFDBFD5BF731EC290CF8888DFDD449A4462BC6","images\scoringtype\TrainingMode_CatchBomb.jpg",63451,63451,63146,0
"42CFDBFD5BF731EC290CF8888DFDD449A4462BC6","images\thumbnails\arashikage.jpg",46927,46927,46479,0
"42CFDBFD5BF731EC290CF8888DFDD449A4462BC6","images\thumbnails\a_LevelThumbNailBitmap01.jpg",38719,38719,38344,0
"42CFDBFD5BF731EC290CF8888DFDD449A4462BC6","images\thumbnails\a_LevelThumbNailBitmap03.jpg",33785,33785,33418,0
"42CFDBFD5BF731EC290CF8888DFDD449A4462BC6","images\thumbnails\battlehill.jpg",37592,37592,37256,0
"42CFDBFD5BF731EC290CF8888DFDD449A4462BC6","images\thumbnails\Beachbrawl.jpg",42656,42656,42303,0
"42CFDBFD5BF731EC290CF8888DFDD449A4462BC6","images\thumbnails\bigcrystal.jpg",34318,34318,33936,0
"42CFDBFD5BF731EC290CF8888DFDD449A4462BC6","images\thumbnails\biggreathall.jpg",38633,38633,38278,0
"42CFDBFD5BF731EC290CF8888DFDD449A4462BC6","images\thumbnails\biggrove.jpg",31064,31064,30685,0
"42CFDBFD5BF731EC290CF8888DFDD449A4462BC6","images\thumbnails\bigmiamidome.jpg",51150,51150,50807,0
"42CFDBFD5BF731EC290CF8888DFDD449A4462BC6","images\thumbnails\bigthundergard.jpg",38929,38929,38460,0
"42CFDBFD5BF731EC290CF8888DFDD449A4462BC6","images\thumbnails\bigtitansend.jpg",17843,17843,17445,0
"42CFDBFD5BF731EC290CF8888DFDD449A4462BC6","images\thumbnails\bigwesternairtemple.jpg",45729,45729,45319,0
"42CFDBFD5BF731EC290CF8888DFDD449A4462BC6","images\thumbnails\bombsketball_360.jpg",36048,36048,35636,0
"42CFDBFD5BF731EC290CF8888DFDD449A4462BC6","images\thumbnails\brawlball_360.jpg",35761,35761,35397,0
"42CFDBFD5BF731EC290CF8888DFDD449A4462BC6","images\thumbnails\BrawlhavenSmall.jpg",36667,36667,36298,0
"42CFDBFD5BF731EC290CF8888DFDD449A4462BC6","images\thumbnails\buddy.jpg",48407,48407,48077,0
"42CFDBFD5BF731EC290CF8888DFDD449A4462BC6","images\thumbnails\bustlingsidestreet.jpg",39039,39039,38493,0
"42CFDBFD5BF731EC290CF8888DFDD449A4462BC6","images\thumbnails\capturetheflag.jpg",40164,40164,39802,0
"42CFDBFD5BF731EC290CF8888DFDD449A4462BC6","images\thumbnails\Cathedral.jpg",20607,20607,20203,0
"42CFDBFD5BF731EC290CF8888DFDD449A4462BC6","images\thumbnails\climb.jpg",40894,40894,40530,0
"42CFDBFD5BF731EC290CF8888DFDD449A4462BC6","images\thumbnails\climbffa.jpg",43963,43963,43591,0
"42CFDBFD5BF731EC290CF8888DFDD449A4462BC6","images\thumbnails\climblions.jpg",32806,32806,32429,0
"42CFDBFD5BF731EC290CF8888DFDD449A4462BC6","images\thumbnails\CorruptFile.png",3446,3446,2578,0
"42CFDBFD5BF731EC290CF8888DFDD449A4462BC6","images\thumbnails\crystaltemple.jpg",31511,31511,31132,0
"42CFDBFD5BF731EC290CF8888DFDD449A4462BC6","images\thumbnails\cv.jpg",34027,34027,33564,0
"42CFDBFD5BF731EC290CF8888DFDD449A4462BC6","images\thumbnails\cv_reverse.jpg",34876,34876,34427,0
"42CFDBFD5BF731EC290CF8888DFDD449A4462BC6","images\thumbnails\demonisland.jpg",31869,31869,31483,0
"42CFDBFD5BF731EC290CF8888DFDD449A4462BC6","images\thumbnails\Dodgebomb.jpg",27113,27113,26728,0
"42CFDBFD5BF731EC290CF8888DFDD449A4462BC6","images\thumbnails\enigma_360.jpg",29164,29164,28774,0
"42CFDBFD5BF731EC290CF8888DFDD449A4462BC6","images\thumbnails\Fangwild.jpg",24857,24857,24517,0
"42CFDBFD5BF731EC290CF8888DFDD449A4462BC6","images\thumbnails\Folder.png",2029,2029,1663,0
"42CFDBFD5BF731EC290CF8888DFDD449A4462BC6","images\thumbnails\fortressoflions.jpg",51258,51258,50885,0
"42CFDBFD5BF731EC290CF8888DFDD449A4462BC6","images\thumbnails\galvanprime.jpg",48513,48513,48154,0
"42CFDBFD5BF731EC290CF8888DFDD449A4462BC6","images\thumbnails\giantsword.jpg",47081,47081,46640,0
"42CFDBFD5BF731EC290CF8888DFDD449A4462BC6","images\thumbnails\giantswordffa.jpg",48985,48985,48528,0
"42CFDBFD5BF731EC290CF8888DFDD449A4462BC6","images\thumbnails\GolemGulch.jpg",20333,20333,19934,0
"42CFDBFD5BF731EC290CF8888DFDD449A4462BC6","images\thumbnails\greathall.jpg",38097,38097,37734,0
"42CFDBFD5BF731EC290CF8888DFDD449A4462BC6","images\thumbnails\grumpytemple.jpg",34967,34967,34625,0
"42CFDBFD5BF731EC290CF8888DFDD449A4462BC6","images\thumbnails\horde.jpg",40270,40270,39890,0
"42CFDBFD5BF731EC290CF8888DFDD449A4462BC6","images\thumbnails\kingspass.jpg",27466,27466,27076,0
"42CFDBFD5BF731EC290CF8888DFDD449A4462BC6","images\thumbnails\Labyrinth.jpg",28492,28492,28112,0
"42CFDBFD5BF731EC290CF8888DFDD449A4462BC6","images\thumbnails\LabyrinthBig.jpg",29922,29922,29551,0
"42CFDBFD5BF731EC290CF8888DFDD449A4462BC6","images\thumbnails\Lagoon.jpg",38380,38380,38011,0
"42CFDBFD5BF731EC290CF8888DFDD449A4462BC6","images\thumbnails\Mammoth.jpg",31389,31389,31015,0
"42CFDBFD5BF731EC290CF8888DFDD449A4462BC6","images\thumbnails\MammothSmall.jpg",29799,29799,29421,0
"42CFDBFD5BF731EC290CF8888DFDD449A4462BC6","images\thumbnails\MiamiDome.jpg",40049,40049,39722,0
"42CFDBFD5BF731EC290CF8888DFDD449A4462BC6","images\thumbnails\norsebrawlball.jpg",50826,50826,50469,0
"42CFDBFD5BF731EC290CF8888DFDD449A4462BC6","images\thumbnails\norsewinterffa.jpg",51535,51535,51170,0
"42CFDBFD5BF731EC290CF8888DFDD449A4462BC6","images\thumbnails\OlderVersionFile.png",4260,4260,3874,0
"42CFDBFD5BF731EC290CF8888DFDD449A4462BC6","images\thumbnails\random.jpg",8996,8996,7306,0
"42CFDBFD5BF731EC290CF8888DFDD449A4462BC6","images\thumbnails\ring.jpg",50607,50607,50251,0
"42CFDBFD5BF731EC290CF8888DFDD449A4462BC6","images\thumbnails\rooftopffa.jpg",37792,37792,37422,0
"42CFDBFD5BF731EC290CF8888DFDD449A4462BC6","images\thumbnails\sewersffa.jpg",49730,49730,49374,0
"42CFDBFD5BF731EC290CF8888DFDD449A4462BC6","images\thumbnails\SmallBlackguard.jpg",19082,19082,18675,0
"42CFDBFD5BF731EC290CF8888DFDD449A4462BC6","images\thumbnails\SmallFangwild.jpg",28553,28553,28197,0
"42CFDBFD5BF731EC290CF8888DFDD449A4462BC6","images\thumbnails\smallfortressoflions.jpg",54281,54281,53886,0
"42CFDBFD5BF731EC290CF8888DFDD449A4462BC6","images\thumbnails\smallgalvanprime.jpg",46191,46191,45818,0
"42CFDBFD5BF731EC290CF8888DFDD449A4462BC6","images\thumbnails\smallgreathall.jpg",52775,52775,52446,0
"42CFDBFD5BF731EC290CF8888DFDD449A4462BC6","images\thumbnails\smallgrumpytemple.jpg",25844,25844,25487,0
"42CFDBFD5BF731EC290CF8888DFDD449A4462BC6","images\thumbnails\smallkingspass.jpg",27969,27969,27583,0
"42CFDBFD5BF731EC290CF8888DFDD449A4462BC6","images\thumbnails\smallrooftop.jpg",38143,38143,37761,0
"42CFDBFD5BF731EC290CF8888DFDD449A4462BC6","images\thumbnails\smallsewers.jpg",48785,48785,48442,0
"42CFDBFD5BF731EC290CF8888DFDD449A4462BC6","images\thumbnails\smallspace.jpg",43353,43353,42980,0
"42CFDBFD5BF731EC290CF8888DFDD449A4462BC6","images\thumbnails\smallthunder.jpg",38363,38363,37965,0
"42CFDBFD5BF731EC290CF8888DFDD449A4462BC6","images\thumbnails\soccer.jpg",45906,45906,45553,0
"42CFDBFD5BF731EC290CF8888DFDD449A4462BC6","images\thumbnails\spaceffa.jpg",42075,42075,41696,0
"42CFDBFD5BF731EC290CF8888DFDD449A4462BC6","images\thumbnails\spiritrealm.jpg",37498,37498,37141,0
"42CFDBFD5BF731EC290CF8888DFDD449A4462BC6","images\thumbnails\spiritrealmnotraps.jpg",47092,47092,46732,0
"42CFDBFD5BF731EC290CF8888DFDD449A4462BC6","images\thumbnails\spiritrealmshowdown.jpg",56739,56739,56403,0
"42CFDBFD5BF731EC290CF8888DFDD449A4462BC6","images\thumbnails\SteamSmall.jpg",40748,40748,40408,0
"42CFDBFD5BF731EC290CF8888DFDD449A4462BC6","images\thumbnails\suzakucastle.jpg",53862,53862,53500,0
"42CFDBFD5BF731EC290CF8888DFDD449A4462BC6","images\thumbnails\suzakucastlewalls.jpg",52789,52789,52426,0
"42CFDBFD5BF731EC290CF8888DFDD449A4462BC6","images\thumbnails\synthwaveffa.jpg",38814,38814,38444,0
"42CFDBFD5BF731EC290CF8888DFDD449A4462BC6","images\thumbnails\synthwavesoccer.jpg",50540,50540,50167,0
"42CFDBFD5BF731EC290CF8888DFDD449A4462BC6","images\thumbnails\testmap.jpg",17531,17531,17127,0
"42CFDBFD5BF731EC290CF8888DFDD449A4462BC6","images\thumbnails\treefort.jpg",93154,93154,92782,0
"42CFDBFD5BF731EC290CF8888DFDD449A4462BC6","images\thumbnails\unnamed.jpg",42075,42075,41595,0
"42CFDBFD5BF731EC290CF8888DFDD449A4462BC6","images\thumbnails\wally.jpg",25979,25979,25573,0
"42CFDBFD5BF731EC290CF8888DFDD449A4462BC6","images\thumbnails\warshuttle.jpg",36624,36624,36252,0
"42CFDBFD5BF731EC290CF8888DFDD449A4462BC6","images\thumbnails\westernairtemple.jpg",44332,44332,43929,0
"42CFDBFD5BF731EC290CF8888DFDD449A4462BC6","images\thumbnails\zombie.jpg",38550,38550,38177,0
"42CFDBFD5BF731EC290CF8888DFDD449A4462BC6","images\tiles\3v3_tile.jpg",173831,173831,173846,0
"42CFDBFD5BF731EC290CF8888DFDD449A4462BC6","images\tiles\701charitystream.jpg",153398,153398,153413,0
"42CFDBFD5BF731EC290CF8888DFDD449A4462BC6","images\tiles\ac.jpg",161292,161292,161307,0
"42CFDBFD5BF731EC290CF8888DFDD449A4462BC6","images\tiles\akuma.jpg",102299,102299,101860,0
"42CFDBFD5BF731EC290CF8888DFDD449A4462BC6","images\tiles\AllLegendsEntitlement.jpg",206091,206091,204797,0
"42CFDBFD5BF731EC290CF8888DFDD449A4462BC6","images\tiles\AllLegendsStore.jpg",116339,116339,116351,0
"42CFDBFD5BF731EC290CF8888DFDD449A4462BC6","images\tiles\atla.jpg",154699,154699,153832,0
"42CFDBFD5BF731EC290CF8888DFDD449A4462BC6","images\tiles\avatars.jpg",173181,173181,173196,0
"42CFDBFD5BF731EC290CF8888DFDD449A4462BC6","images\tiles\bcx2022_day1.jpg",139827,139827,136371,0
"42CFDBFD5BF731EC290CF8888DFDD449A4462BC6","images\tiles\bcx2022_day2.jpg",196860,196860,194895,0
"42CFDBFD5BF731EC290CF8888DFDD449A4462BC6","images\tiles\bcx2022_day3.jpg",198691,198691,197093,0
"42CFDBFD5BF731EC290CF8888DFDD449A4462BC6","images\tiles\bcxweapon.jpg",180270,180270,176685,0
"42CFDBFD5BF731EC290CF8888DFDD449A4462BC6","images\tiles\bcx_tile1.jpg",166852,166852,166697,0
"42CFDBFD5BF731EC290CF8888DFDD449A4462BC6","images\tiles\bcx_tile2.jpg",118710,118710,118211,0
"42CFDBFD5BF731EC290CF8888DFDD449A4462BC6","images\tiles\bcx_tile3.jpg",153975,153975,153518,0
"42CFDBFD5BF731EC290CF8888DFDD449A4462BC6","images\tiles\BrawlhallaTilesMidAllLegPack.jpg",183835,183835,181349,0
"42CFDBFD5BF731EC290CF8888DFDD449A4462BC6","images\tiles\brawlhallidays.jpg",169219,169219,168997,0
"42CFDBFD5BF731EC290CF8888DFDD449A4462BC6","images\tiles\caspian.jpg",111397,111397,110770,0
"42CFDBFD5BF731EC290CF8888DFDD449A4462BC6","images\tiles\castlevania.jpg",130083,130083,129471,0
"42CFDBFD5BF731EC290CF8888DFDD449A4462BC6","images\tiles\charitytile_aug.jpg",160571,160571,160586,0
"42CFDBFD5BF731EC290CF8888DFDD449A4462BC6","images\tiles\chel.jpg",110383,110383,109824,0
"42CFDBFD5BF731EC290CF8888DFDD449A4462BC6","images\tiles\esportstile_2017photo.jpg",232797,232797,232812,0
"42CFDBFD5BF731EC290CF8888DFDD449A4462BC6","images\tiles\esportstile_2018photo.jpg",156002,156002,155899,0
"42CFDBFD5BF731EC290CF8888DFDD449A4462BC6","images\tiles\esportstile_2019photo.jpg",218786,218786,218801,0
"42CFDBFD5BF731EC290CF8888DFDD449A4462BC6","images\tiles\esportstile_JAEYUNesports.jpg",123210,123210,122597,0
"42CFDBFD5BF731EC290CF8888DFDD449A4462BC6","images\tiles\esportstile_THOResports.jpg",251336,251336,250126,0
"42CFDBFD5BF731EC290CF8888DFDD449A4462BC6","images\tiles\freescythe.jpg",78198,78198,77840,0
"42CFDBFD5BF731EC290CF8888DFDD449A4462BC6","images\tiles\frostbite.jpg",155046,155046,155061,0
"42CFDBFD5BF731EC290CF8888DFDD449A4462BC6","images\tiles\jaeyun.jpg",121599,121599,120946,0
"42CFDBFD5BF731EC290CF8888DFDD449A4462BC6","images\tiles\katars.jpg",152025,152025,152040,0
"42CFDBFD5BF731EC290CF8888DFDD449A4462BC6","images\tiles\luchatux.jpg",126178,126178,122296,0
"42CFDBFD5BF731EC290CF8888DFDD449A4462BC6","images\tiles\mammothlarge.jpg",153114,153114,152493,0
"42CFDBFD5BF731EC290CF8888DFDD449A4462BC6","images\tiles\mammothtile.jpg",145197,145197,144593,0
"42CFDBFD5BF731EC290CF8888DFDD449A4462BC6","images\tiles\midscythe.jpg",61646,61646,61255,0
"42CFDBFD5BF731EC290CF8888DFDD449A4462BC6","images\tiles\MidTile_esports1v1.jpg",163819,163819,163670,0
"42CFDBFD5BF731EC290CF8888DFDD449A4462BC6","images\tiles\MidTile_esports2v2.jpg",179252,179252,178319,0
"42CFDBFD5BF731EC290CF8888DFDD449A4462BC6","images\tiles\mononyx.jpg",158240,158240,158255,0
"42CFDBFD5BF731EC290CF8888DFDD449A4462BC6","images\tiles\mourn.jpg",109393,109393,109405,0
"42CFDBFD5BF731EC290CF8888DFDD449A4462BC6","images\tiles\newpatch.jpg",114776,114776,113333,0
"42CFDBFD5BF731EC290CF8888DFDD449A4462BC6","images\tiles\news.jpg",161594,161594,160180,0
"42CFDBFD5BF731EC290CF8888DFDD449A4462BC6","images\tiles\obake.jpg",162224,162224,162239,0
"42CFDBFD5BF731EC290CF8888DFDD449A4462BC6","images\tiles\ocelotl.jpg",133396,133396,133411,0
"42CFDBFD5BF731EC290CF8888DFDD449A4462BC6","images\tiles\phantom.jpg",134877,134877,134892,0
"42CFDBFD5BF731EC290CF8888DFDD449A4462BC6","images\tiles\podium.jpg",128596,128596,128608,0
"42CFDBFD5BF731EC290CF8888DFDD449A4462BC6","images\tiles\serverdown.jpg",158680,158680,157064,0
"42CFDBFD5BF731EC290CF8888DFDD449A4462BC6","images\tiles\sf.jpg",151604,151604,150308,0
"42CFDBFD5BF731EC290CF8888DFDD449A4462BC6","images\tiles\shadow.jpg",123240,123240,122226,0
"42CFDBFD5BF731EC290CF8888DFDD449A4462BC6","images\tiles\sidekicks.jpg",149355,149355,149370,0
"42CFDBFD5BF731EC290CF8888DFDD449A4462BC6","images\tiles\skins.jpg",178998,178998,179013,0
"42CFDBFD5BF731EC290CF8888DFDD449A4462BC6","images\tiles\smallrightesports_1.jpg",132524,132524,132539,0
"42CFDBFD5BF731EC290CF8888DFDD449A4462BC6","images\tiles\smallrightesports_2.jpg",168950,168950,168965,0
"42CFDBFD5BF731EC290CF8888DFDD449A4462BC6","images\tiles\smallrightesports_3.jpg",171645,171645,171660,0
"42CFDBFD5BF731EC290CF8888DFDD449A4462BC6","images\tiles\smallrightesports_4.jpg",163715,163715,163730,0
"42CFDBFD5BF731EC290CF8888DFDD449A4462BC6","images\tiles\smallrightesports_5.jpg",139281,139281,139296,0
"42CFDBFD5BF731EC290CF8888DFDD449A4462BC6","images\tiles\smallrightesports_6.jpg",140783,140783,140798,0
"42CFDBFD5BF731EC290CF8888DFDD449A4462BC6","images\tiles\SmallRight_Autumn1v1.jpg",102833,102833,102845,0
"42CFDBFD5BF731EC290CF8888DFDD449A4462BC6","images\tiles\SmallRight_Autumn2v2.jpg",90396,90396,90408,0
"42CFDBFD5BF731EC290CF8888DFDD449A4462BC6","images\tiles\SmallRight_Blasters.jpg",84755,84755,83510,0
"42CFDBFD5BF731EC290CF8888DFDD449A4462BC6","images\tiles\Smallright_cti.jpg",105583,105583,104751,0
"42CFDBFD5BF731EC290CF8888DFDD449A4462BC6","images\tiles\SmallRight_JapanInv.jpg",83047,83047,82611,0
"42CFDBFD5BF731EC290CF8888DFDD449A4462BC6","images\tiles\SmallTile_esports1v1.jpg",245005,245005,244062,0
"42CFDBFD5BF731EC290CF8888DFDD449A4462BC6","images\tiles\SmallTile_esports2v2.jpg",248736,248736,246544,0
"42CFDBFD5BF731EC290CF8888DFDD449A4462BC6","images\tiles\SmallTile_WinterWeek1.jpg",121800,121800,120676,0
"42CFDBFD5BF731EC290CF8888DFDD449A4462BC6","images\tiles\SmallTile_WinterWeek2.jpg",119332,119332,118236,0
"42CFDBFD5BF731EC290CF8888DFDD449A4462BC6","images\tiles\snowemote.jpg",137296,137296,134120,0
"42CFDBFD5BF731EC290CF8888DFDD449A4462BC6","images\tiles\spirit.jpg",146781,146781,146796,0
"42CFDBFD5BF731EC290CF8888DFDD449A4462BC6","images\tiles\streetfighter.jpg",200834,200834,200205,0
"42CFDBFD5BF731EC290CF8888DFDD449A4462BC6","images\tiles\summer.jpg",107118,107118,106062,0
"42CFDBFD5BF731EC290CF8888DFDD449A4462BC6","images\tiles\Summer22week1_GameTile.jpg",168644,168644,168659,0
"42CFDBFD5BF731EC290CF8888DFDD449A4462BC6","images\tiles\Summer22week2_GameTile.jpg",205278,205278,205293,0
"42CFDBFD5BF731EC290CF8888DFDD449A4462BC6","images\tiles\tilecrossplay.jpg",174308,174308,173236,0
"42CFDBFD5BF731EC290CF8888DFDD449A4462BC6","images\tiles\viewershiprewardsgeneric.jpg",93848,93848,92487,0
"42CFDBFD5BF731EC290CF8888DFDD449A4462BC6","images\tiles\winteravatars.jpg",98964,98964,96460,0
"42CFDBFD5BF731EC290CF8888DFDD449A4462BC6","images\tiles\wintercolors.jpg",213857,213857,213872,0
"42CFDBFD5BF731EC290CF8888DFDD449A4462BC6","images\tiles\winterkatars.jpg",92996,92996,91694,0
"42CFDBFD5BF731EC290CF8888DFDD449A4462BC6","images\tiles\winterpodium22.jpg",144347,144347,144307,0
"42CFDBFD5BF731EC290CF8888DFDD449A4462BC6","images\tilescreens\bcx17groupchop.jpg",267478,267478,267496,0
"42CFDBFD5BF731EC290CF8888DFDD449A4462BC6","images\tilescreens\BHsurvey_QR.png",9787,9787,4294,0
"42CFDBFD5BF731EC290CF8888DFDD449A4462BC6","images\tilescreens\boomremtrophy.jpg",56373,56373,56020,0
"42CFDBFD5BF731EC290CF8888DFDD449A4462BC6","images\tilescreens\casters.jpg",40113,40113,39512,0
"42CFDBFD5BF731EC290CF8888DFDD449A4462BC6","images\tilescreens\crossplay.jpg",65272,65272,60213,0
"42CFDBFD5BF731EC290CF8888DFDD449A4462BC6","images\tilescreens\crowd2.jpg",57139,57139,56799,0
"42CFDBFD5BF731EC290CF8888DFDD449A4462BC6","images\tilescreens\cyber.jpg",89613,89613,89625,0
"42CFDBFD5BF731EC290CF8888DFDD449A4462BC6","images\tilescreens\DarkheartBundleQR.png",7643,7643,1596,0
"42CFDBFD5BF731EC290CF8888DFDD449A4462BC6","images\tilescreens\DashImg1.png",98534,98534,78180,0
"42CFDBFD5BF731EC290CF8888DFDD449A4462BC6","images\tilescreens\DashImg2.png",69993,69993,53081,0
"42CFDBFD5BF731EC290CF8888DFDD449A4462BC6","images\tilescreens\FlagEU.png",6993,6993,7003,0
"42CFDBFD5BF731EC290CF8888DFDD449A4462BC6","images\tilescreens\FlagUS.png",4581,4581,4458,0
"42CFDBFD5BF731EC290CF8888DFDD449A4462BC6","images\tilescreens\frohneddiff.jpg",52476,52476,52065,0
"42CFDBFD5BF731EC290CF8888DFDD449A4462BC6","images\tilescreens\fungroup.jpg",46761,46761,46342,0
"42CFDBFD5BF731EC290CF8888DFDD449A4462BC6","images\tilescreens\ldzcheck.jpg",55858,55858,55482,0
"42CFDBFD5BF731EC290CF8888DFDD449A4462BC6","images\tilescreens\news.png",656215,656215,656242,0
"42CFDBFD5BF731EC290CF8888DFDD449A4462BC6","images\tilescreens\phantom.jpg",84785,84785,84412,0
"42CFDBFD5BF731EC290CF8888DFDD449A4462BC6","images\tilescreens\rbox.png",195815,195815,193057,0
"42CFDBFD5BF731EC290CF8888DFDD449A4462BC6","images\tilescreens\shadow.jpg",74912,74912,74393,0
"42CFDBFD5BF731EC290CF8888DFDD449A4462BC6","images\tilescreens\SocialMediaKatars.jpg",65076,65076,65086,0
"42CFDBFD5BF731EC290CF8888DFDD449A4462BC6","images\tilescreens\SocialMediaScythe.jpg",43744,43744,43372,0
"42CFDBFD5BF731EC290CF8888DFDD449A4462BC6","images\tilescreens\SocialScytheQR.png",71687,71687,53099,0
"42CFDBFD5BF731EC290CF8888DFDD449A4462BC6","images\tilescreens\SocialWeaponQR.png",32660,32660,13276,0
"42CFDBFD5BF731EC290CF8888DFDD449A4462BC6","images\tilescreens\survey.jpg",90170,90170,89358,0
"42CFDBFD5BF731EC290CF8888DFDD449A4462BC6","images\tilescreens\TournamentEventsDiscord.jpg",3556,3556,3273,0
"42CFDBFD5BF731EC290CF8888DFDD449A4462BC6","images\tilescreens\TournamentEventsFacebook.jpg",2488,2488,2214,0
"42CFDBFD5BF731EC290CF8888DFDD449A4462BC6","images\tilescreens\TournamentEventsLanding.jpg",221126,221126,221141,0
"42CFDBFD5BF731EC290CF8888DFDD449A4462BC6","images\tilescreens\TournamentEventsSmashgg.jpg",3614,3614,2955,0
"42CFDBFD5BF731EC290CF8888DFDD449A4462BC6","images\tilescreens\TournamentEventsTwitch.jpg",3763,3763,3492,0
"42CFDBFD5BF731EC290CF8888DFDD449A4462BC6","images\tilescreens\TournamentEventsTwitter.jpg",3692,3692,3443,0
"42CFDBFD5BF731EC290CF8888DFDD449A4462BC6","images\tilescreens\TournamentEventsYoutube.jpg",3071,3071,2833,0
"42CFDBFD5BF731EC290CF8888DFDD449A4462BC6","images\tilescreens\YoutubeAxe.png",34816,34816,34461,0
"42CFDBFD5BF731EC290CF8888DFDD449A4462BC6","images\UI\AangFists.jpg",67990,67990,67592,0
"42CFDBFD5BF731EC290CF8888DFDD449A4462BC6","images\UI\AangSpear.jpg",61226,61226,60848,0
"42CFDBFD5BF731EC290CF8888DFDD449A4462BC6","images\UI\AkumaFists.jpg",81266,81266,80647,0
"42CFDBFD5BF731EC290CF8888DFDD449A4462BC6","images\UI\AkumaSword.jpg",85908,85908,85547,0
"42CFDBFD5BF731EC290CF8888DFDD449A4462BC6","images\UI\alucardorb.jpg",45373,45373,44759,0
"42CFDBFD5BF731EC290CF8888DFDD449A4462BC6","images\UI\alucardsword.jpg",67265,67265,66722,0
"42CFDBFD5BF731EC290CF