"17965","DDFCA3C931A4FDB5A5EB9996670511F801C6E7F2","0000-00-00",603,4376478504,81511208,2961769110,3
"DDFCA3C931A4FDB5A5EB9996670511F801C6E7F2","GameAssembly.dll",277730856,277730856,146925091,0
"DDFCA3C931A4FDB5A5EB9996670511F801C6E7F2","dbdata.dll",413256,413256,154356,0
"DDFCA3C931A4FDB5A5EB9996670511F801C6E7F2","Oddballers.exe",659496,659496,183513,0
"DDFCA3C931A4FDB5A5EB9996670511F801C6E7F2","UnityCrashHandler64.exe",1077896,1077896,355809,0
"DDFCA3C931A4FDB5A5EB9996670511F801C6E7F2","UnityPlayer.dll",26179720,26179720,10003117,0
"DDFCA3C931A4FDB5A5EB9996670511F801C6E7F2","Oddballers_Data\app.info",21,21,30,0
"DDFCA3C931A4FDB5A5EB9996670511F801C6E7F2","Oddballers_Data\boot.config",82,82,80,0
"DDFCA3C931A4FDB5A5EB9996670511F801C6E7F2","Oddballers_Data\globalgamemanagers",474772,474772,141843,0
"DDFCA3C931A4FDB5A5EB9996670511F801C6E7F2","Oddballers_Data\globalgamemanagers.assets",2893084,2893084,554388,0
"DDFCA3C931A4FDB5A5EB9996670511F801C6E7F2","Oddballers_Data\globalgamemanagers.assets.resS",10485760,10485760,70958,0
"DDFCA3C931A4FDB5A5EB9996670511F801C6E7F2","Oddballers_Data\level0",383552,383552,45143,0
"DDFCA3C931A4FDB5A5EB9996670511F801C6E7F2","Oddballers_Data\resources.assets",16421060,16421060,2908461,0
"DDFCA3C931A4FDB5A5EB9996670511F801C6E7F2","Oddballers_Data\resources.assets.resS",37888276,37888276,2059677,0
"DDFCA3C931A4FDB5A5EB9996670511F801C6E7F2","Oddballers_Data\resources.resource",2060672,2060672,1966530,0
"DDFCA3C931A4FDB5A5EB9996670511F801C6E7F2","Oddballers_Data\sharedassets0.assets",5837624,5837624,824571,0
"DDFCA3C931A4FDB5A5EB9996670511F801C6E7F2","Oddballers_Data\sharedassets0.assets.resS",17434656,17434656,3077306,0
"DDFCA3C931A4FDB5A5EB9996670511F801C6E7F2","Oddballers_Data\sharedassets0.resource",148096,148096,148111,0
"DDFCA3C931A4FDB5A5EB9996670511F801C6E7F2","Oddballers_Data\il2cpp_data\etc\mono\browscap.ini",311984,311984,29973,0
"DDFCA3C931A4FDB5A5EB9996670511F801C6E7F2","Oddballers_Data\il2cpp_data\etc\mono\config",3276,3276,613,0
"DDFCA3C931A4FDB5A5EB9996670511F801C6E7F2","Oddballers_Data\il2cpp_data\etc\mono\2.0\DefaultWsdlHelpGenerator.aspx",60575,60575,13371,0
"DDFCA3C931A4FDB5A5EB9996670511F801C6E7F2","Oddballers_Data\il2cpp_data\etc\mono\2.0\machine.config",29116,29116,3921,0
"DDFCA3C931A4FDB5A5EB9996670511F801C6E7F2","Oddballers_Data\il2cpp_data\etc\mono\2.0\settings.map",2622,2622,665,0
"DDFCA3C931A4FDB5A5EB9996670511F801C6E7F2","Oddballers_Data\il2cpp_data\etc\mono\2.0\web.config",11686,11686,1964,0
"DDFCA3C931A4FDB5A5EB9996670511F801C6E7F2","Oddballers_Data\il2cpp_data\etc\mono\2.0\Browsers\Compat.browser",1605,1605,591,0
"DDFCA3C931A4FDB5A5EB9996670511F801C6E7F2","Oddballers_Data\il2cpp_data\etc\mono\4.0\DefaultWsdlHelpGenerator.aspx",60575,60575,13371,0
"DDFCA3C931A4FDB5A5EB9996670511F801C6E7F2","Oddballers_Data\il2cpp_data\etc\mono\4.0\machine.config",33648,33648,4269,0
"DDFCA3C931A4FDB5A5EB9996670511F801C6E7F2","Oddballers_Data\il2cpp_data\etc\mono\4.0\settings.map",2622,2622,665,0
"DDFCA3C931A4FDB5A5EB9996670511F801C6E7F2","Oddballers_Data\il2cpp_data\etc\mono\4.0\web.config",18848,18848,2726,0
"DDFCA3C931A4FDB5A5EB9996670511F801C6E7F2","Oddballers_Data\il2cpp_data\etc\mono\4.0\Browsers\Compat.browser",1605,1605,591,0
"DDFCA3C931A4FDB5A5EB9996670511F801C6E7F2","Oddballers_Data\il2cpp_data\etc\mono\4.5\DefaultWsdlHelpGenerator.aspx",60575,60575,13371,0
"DDFCA3C931A4FDB5A5EB9996670511F801C6E7F2","Oddballers_Data\il2cpp_data\etc\mono\4.5\machine.config",34106,34106,4322,0
"DDFCA3C931A4FDB5A5EB9996670511F801C6E7F2","Oddballers_Data\il2cpp_data\etc\mono\4.5\settings.map",2622,2622,665,0
"DDFCA3C931A4FDB5A5EB9996670511F801C6E7F2","Oddballers_Data\il2cpp_data\etc\mono\4.5\web.config",18857,18857,2727,0
"DDFCA3C931A4FDB5A5EB9996670511F801C6E7F2","Oddballers_Data\il2cpp_data\etc\mono\4.5\Browsers\Compat.browser",1605,1605,591,0
"DDFCA3C931A4FDB5A5EB9996670511F801C6E7F2","Oddballers_Data\il2cpp_data\etc\mono\mconfig\config.xml",25817,25817,3019,0
"DDFCA3C931A4FDB5A5EB9996670511F801C6E7F2","Oddballers_Data\il2cpp_data\Metadata\global-metadata.dat",14151496,14151496,3395261,0
"DDFCA3C931A4FDB5A5EB9996670511F801C6E7F2","Oddballers_Data\il2cpp_data\Resources\mscorlib.dll-resources.dat",337563,337563,123146,0
"DDFCA3C931A4FDB5A5EB9996670511F801C6E7F2","Oddballers_Data\il2cpp_data\Resources\System.Buffers.dll-resources.dat",394,394,296,0
"DDFCA3C931A4FDB5A5EB9996670511F801C6E7F2","Oddballers_Data\il2cpp_data\Resources\System.Memory.dll-resources.dat",1811,1811,995,0
"DDFCA3C931A4FDB5A5EB9996670511F801C6E7F2","Oddballers_Data\Plugins\x86_64\Rewired_DirectInput.dll",12800,12800,5341,0
"DDFCA3C931A4FDB5A5EB9996670511F801C6E7F2","Oddballers_Data\Plugins\x86_64\ubiservices.dll",14179840,14179840,3585480,0
"DDFCA3C931A4FDB5A5EB9996670511F801C6E7F2","Oddballers_Data\Plugins\x86_64\uplay_r2_loader64.dll",416920,416920,155067,0
"DDFCA3C931A4FDB5A5EB9996670511F801C6E7F2","Oddballers_Data\Resources\unity default resources",3837044,3837044,179494,0
"DDFCA3C931A4FDB5A5EB9996670511F801C6E7F2","Oddballers_Data\Resources\unity_builtin_extra",404680,404680,68754,0
"DDFCA3C931A4FDB5A5EB9996670511F801C6E7F2","Oddballers_Data\StreamingAssets\PS4SessionImage.jpg",49063,49063,26467,0
"DDFCA3C931A4FDB5A5EB9996670511F801C6E7F2","Oddballers_Data\StreamingAssets\PS4SessionImage.png",158258,158258,156061,0
"DDFCA3C931A4FDB5A5EB9996670511F801C6E7F2","Oddballers_Data\StreamingAssets\SaveIcon.png",33575,33575,33048,0
"DDFCA3C931A4FDB5A5EB9996670511F801C6E7F2","Oddballers_Data\StreamingAssets\aa\catalog.json",4704158,4704158,788058,0
"DDFCA3C931A4FDB5A5EB9996670511F801C6E7F2","Oddballers_Data\StreamingAssets\aa\settings.json",861,861,464,0
"DDFCA3C931A4FDB5A5EB9996670511F801C6E7F2","Oddballers_Data\StreamingAssets\aa\AddressablesLink\link.xml",66030,66030,7662,0
"DDFCA3C931A4FDB5A5EB9996670511F801C6E7F2","Oddballers_Data\StreamingAssets\aa\StandaloneWindows64\00626619ecfe6043cc8d3569f4d33996.bundle",148456,148456,116436,0
"DDFCA3C931A4FDB5A5EB9996670511F801C6E7F2","Oddballers_Data\StreamingAssets\aa\StandaloneWindows64\00cab887c26f928fe54a36c3e80540ea.bundle",3734,3734,2933,0
"DDFCA3C931A4FDB5A5EB9996670511F801C6E7F2","Oddballers_Data\StreamingAssets\aa\StandaloneWindows64\00d5ede7fe273b6955185b29f22c0244.bundle",3405202,3405202,2299959,0
"DDFCA3C931A4FDB5A5EB9996670511F801C6E7F2","Oddballers_Data\StreamingAssets\aa\StandaloneWindows64\01383b92b3f2d35e17332fae420bf15b.bundle",1312277,1312277,1124665,0
"DDFCA3C931A4FDB5A5EB9996670511F801C6E7F2","Oddballers_Data\StreamingAssets\aa\StandaloneWindows64\0180a9e3dae08c8c8105427a83bdcb04.bundle",26398,26398,18774,0
"DDFCA3C931A4FDB5A5EB9996670511F801C6E7F2","Oddballers_Data\StreamingAssets\aa\StandaloneWindows64\01ca12239387dd2d62a12d565c454ea2.bundle",476293,476293,360522,0
"DDFCA3C931A4FDB5A5EB9996670511F801C6E7F2","Oddballers_Data\StreamingAssets\aa\StandaloneWindows64\01d716dbea7893afd980054de27f2b2a.bundle",355051,355051,307919,0
"DDFCA3C931A4FDB5A5EB9996670511F801C6E7F2","Oddballers_Data\StreamingAssets\aa\StandaloneWindows64\02722bcf403d18237b85635842f5e4b1.bundle",5020122,5020122,4749536,0
"DDFCA3C931A4FDB5A5EB9996670511F801C6E7F2","Oddballers_Data\StreamingAssets\aa\StandaloneWindows64\02b64c3ffaad9218d42b9351e5441022.bundle",2092,2092,1670,0
"DDFCA3C931A4FDB5A5EB9996670511F801C6E7F2","Oddballers_Data\StreamingAssets\aa\StandaloneWindows64\06ddccc51f074a2447aa9ef1722aade7.bundle",3707,3707,2986,0
"DDFCA3C931A4FDB5A5EB9996670511F801C6E7F2","Oddballers_Data\StreamingAssets\aa\StandaloneWindows64\0768fcd2c0767db0763f121d7090a566.bundle",27331,27331,21012,0
"DDFCA3C931A4FDB5A5EB9996670511F801C6E7F2","Oddballers_Data\StreamingAssets\aa\StandaloneWindows64\09bc2dd803e02abd34e921ebcc1526bd.bundle",5742712,5742712,4560945,0
"DDFCA3C931A4FDB5A5EB9996670511F801C6E7F2","Oddballers_Data\StreamingAssets\aa\StandaloneWindows64\09c3bf270c7b78a48b8e5549de5166d8.bundle",24339458,24339458,17603915,0
"DDFCA3C931A4FDB5A5EB9996670511F801C6E7F2","Oddballers_Data\StreamingAssets\aa\StandaloneWindows64\0a4758560e5de664978799492cea20a3.bundle",3975,3975,3323,0
"DDFCA3C931A4FDB5A5EB9996670511F801C6E7F2","Oddballers_Data\StreamingAssets\aa\StandaloneWindows64\0af61b7e8aec4e13fb9173cfb3fce663.bundle",101476,101476,78494,0
"DDFCA3C931A4FDB5A5EB9996670511F801C6E7F2","Oddballers_Data\StreamingAssets\aa\StandaloneWindows64\0b55f47794d79eebf86c546fd4746afb.bundle",365223,365223,358547,0
"DDFCA3C931A4FDB5A5EB9996670511F801C6E7F2","Oddballers_Data\StreamingAssets\aa\StandaloneWindows64\0d518c35c2f61f2d15a0d9dd9fa722e7.bundle",11355020,11355020,9806287,0
"DDFCA3C931A4FDB5A5EB9996670511F801C6E7F2","Oddballers_Data\StreamingAssets\aa\StandaloneWindows64\0dc7f26c87ddeb1f6e7b579e6cd5b6a1.bundle",1224910,1224910,1062693,0
"DDFCA3C931A4FDB5A5EB9996670511F801C6E7F2","Oddballers_Data\StreamingAssets\aa\StandaloneWindows64\0dfd4c33268766901c349984e823df43.bundle",170484,170484,124209,0
"DDFCA3C931A4FDB5A5EB9996670511F801C6E7F2","Oddballers_Data\StreamingAssets\aa\StandaloneWindows64\0e3c624f5c6016f01d574c7f388b4671.bundle",4201,4201,3420,0
"DDFCA3C931A4FDB5A5EB9996670511F801C6E7F2","Oddballers_Data\StreamingAssets\aa\StandaloneWindows64\0f600ccd658bc9c7e1733b38ab0f8f44.bundle",117729,117729,115284,0
"DDFCA3C931A4FDB5A5EB9996670511F801C6E7F2","Oddballers_Data\StreamingAssets\aa\StandaloneWindows64\10371a93c47ab909c2ec24a6faff0390.bundle",30593,30593,24551,0
"DDFCA3C931A4FDB5A5EB9996670511F801C6E7F2","Oddballers_Data\StreamingAssets\aa\StandaloneWindows64\110376f6c1ea78a403667215e36588bc.bundle",41200,41200,34015,0
"DDFCA3C931A4FDB5A5EB9996670511F801C6E7F2","Oddballers_Data\StreamingAssets\aa\StandaloneWindows64\12497de933a54cd0d11c1526c48cb7fc.bundle",32886,32886,29508,0
"DDFCA3C931A4FDB5A5EB9996670511F801C6E7F2","Oddballers_Data\StreamingAssets\aa\StandaloneWindows64\1436921bc6d8c54667d88ab3e8c68c26.bundle",4272526,4272526,3478877,0
"DDFCA3C931A4FDB5A5EB9996670511F801C6E7F2","Oddballers_Data\StreamingAssets\aa\StandaloneWindows64\144bd7993b719bd77b1a8846221c884b.bundle",811070,811070,546621,0
"DDFCA3C931A4FDB5A5EB9996670511F801C6E7F2","Oddballers_Data\StreamingAssets\aa\StandaloneWindows64\150d2139561a3c5f0281157a5f6474a7.bundle",73336,73336,60230,0
"DDFCA3C931A4FDB5A5EB9996670511F801C6E7F2","Oddballers_Data\StreamingAssets\aa\StandaloneWindows64\15552f19e66c419817e87395b7ce039b.bundle",3671068,3671068,2463753,0
"DDFCA3C931A4FDB5A5EB9996670511F801C6E7F2","Oddballers_Data\StreamingAssets\aa\StandaloneWindows64\170e19147da3a53af17c9ddd499edc1c.bundle",186793,186793,131337,0
"DDFCA3C931A4FDB5A5EB9996670511F801C6E7F2","Oddballers_Data\StreamingAssets\aa\StandaloneWindows64\1754ebcdab9ad801adacccd808c217d8.bundle",424626,424626,416140,0
"DDFCA3C931A4FDB5A5EB9996670511F801C6E7F2","Oddballers_Data\StreamingAssets\aa\StandaloneWindows64\1848aa5e52513b3bc06a59f830fe4fe2.bundle",29616,29616,19938,0
"DDFCA3C931A4FDB5A5EB9996670511F801C6E7F2","Oddballers_Data\StreamingAssets\aa\StandaloneWindows64\1932c6a5ab32e548fe7a46ec258ea838.bundle",49520451,49520451,39854805,0
"DDFCA3C931A4FDB5A5EB9996670511F801C6E7F2","Oddballers_Data\StreamingAssets\aa\StandaloneWindows64\1b66765573fd343fff45268074576299.bundle",6847,6847,5081,0
"DDFCA3C931A4FDB5A5EB9996670511F801C6E7F2","Oddballers_Data\StreamingAssets\aa\StandaloneWindows64\1d2bbc3f2cbd8a79b085aea88ec9335e.bundle",3972092,3972092,3779630,0
"DDFCA3C931A4FDB5A5EB9996670511F801C6E7F2","Oddballers_Data\StreamingAssets\aa\StandaloneWindows64\1dfd9d31b187c4fdcb108caf160c1f19.bundle",64999,64999,53006,0
"DDFCA3C931A4FDB5A5EB9996670511F801C6E7F2","Oddballers_Data\StreamingAssets\aa\StandaloneWindows64\1f4655190952f33c90a937deb33b7f04.bundle",83812,83812,72997,0
"DDFCA3C931A4FDB5A5EB9996670511F801C6E7F2","Oddballers_Data\StreamingAssets\aa\StandaloneWindows64\1ffcd6955ce83248cdf1094b393a64f9.bundle",714390,714390,567597,0
"DDFCA3C931A4FDB5A5EB9996670511F801C6E7F2","Oddballers_Data\StreamingAssets\aa\StandaloneWindows64\204b862c03fdbd25a8aef66f624cf5a3.bundle",26416,26416,18826,0
"DDFCA3C931A4FDB5A5EB9996670511F801C6E7F2","Oddballers_Data\StreamingAssets\aa\StandaloneWindows64\2158317fefb40a5642d7a3e07932e7c8.bundle",179310,179310,140146,0
"DDFCA3C931A4FDB5A5EB9996670511F801C6E7F2","Oddballers_Data\StreamingAssets\aa\StandaloneWindows64\21587ad738eca8ab9ddf402259103e84.bundle",11228,11228,8050,0
"DDFCA3C931A4FDB5A5EB9996670511F801C6E7F2","Oddballers_Data\StreamingAssets\aa\StandaloneWindows64\220cc68260c62f7a7755df10fd79bfe2.bundle",481469,481469,403395,0
"DDFCA3C931A4FDB5A5EB9996670511F801C6E7F2","Oddballers_Data\StreamingAssets\aa\StandaloneWindows64\227eb874c445c95cfcd6b666ed94d19b.bundle",23820,23820,19788,0
"DDFCA3C931A4FDB5A5EB9996670511F801C6E7F2","Oddballers_Data\StreamingAssets\aa\StandaloneWindows64\243ba877ceceb0346bbfc1c466c093eb.bundle",245705,245705,190907,0
"DDFCA3C931A4FDB5A5EB9996670511F801C6E7F2","Oddballers_Data\StreamingAssets\aa\StandaloneWindows64\274d9276393e34e6fcc8edfed8ee8767.bundle",18973,18973,12588,0
"DDFCA3C931A4FDB5A5EB9996670511F801C6E7F2","Oddballers_Data\StreamingAssets\aa\StandaloneWindows64\27cd09047f72299a42586750b5148564.bundle",2199657,2199657,2154004,0
"DDFCA3C931A4FDB5A5EB9996670511F801C6E7F2","Oddballers_Data\StreamingAssets\aa\StandaloneWindows64\29db8cb83b4f0b19962c6fc21d7d5b40.bundle",2333463,2333463,1554598,0
"DDFCA3C931A4FDB5A5EB9996670511F801C6E7F2","Oddballers_Data\StreamingAssets\aa\StandaloneWindows64\2a969762c7882fd43717864fa1d510ff.bundle",13069,13069,10034,0
"DDFCA3C931A4FDB5A5EB9996670511F801C6E7F2","Oddballers_Data\StreamingAssets\aa\StandaloneWindows64\2b8b90e17221ee243cd840b4ffb20c9c.bundle",7988,7988,6285,0
"DDFCA3C931A4FDB5A5EB9996670511F801C6E7F2","Oddballers_Data\StreamingAssets\aa\StandaloneWindows64\2bb711b3ed2b226e1874e4f0fa9c2e52.bundle",6368,6368,4698,0
"DDFCA3C931A4FDB5A5EB9996670511F801C6E7F2","Oddballers_Data\StreamingAssets\aa\StandaloneWindows64\2ca9705e2f231ccd1920b75148676696.bundle",4348132,4348132,3567877,0
"DDFCA3C931A4FDB5A5EB9996670511F801C6E7F2","Oddballers_Data\StreamingAssets\aa\StandaloneWindows64\2daf12b6fc47b03b207150425f7af58c.bundle",3098,3098,2533,0
"DDFCA3C931A4FDB5A5EB9996670511F801C6E7F2","Oddballers_Data\StreamingAssets\aa\StandaloneWindows64\2e7b6d2c767cb7b86cfa46221945e3a0.bundle",21861046,21861046,18709741,0
"DDFCA3C931A4FDB5A5EB9996670511F801C6E7F2","Oddballers_Data\StreamingAssets\aa\StandaloneWindows64\2f3c9e67dc983ec4611a88f6ad1e4e68.bundle",35674,35674,29299,0
"DDFCA3C931A4FDB5A5EB9996670511F801C6E7F2","Oddballers_Data\StreamingAssets\aa\StandaloneWindows64\2f7b154c15924d4334ee7fa9470ec9ba.bundle",39645,39645,32736,0
"DDFCA3C931A4FDB5A5EB9996670511F801C6E7F2","Oddballers_Data\StreamingAssets\aa\StandaloneWindows64\3045c5edf00ed1bb685f9c88d816ed08.bundle",36895,36895,30238,0
"DDFCA3C931A4FDB5A5EB9996670511F801C6E7F2","Oddballers_Data\StreamingAssets\aa\StandaloneWindows64\313663dbdbba1b45b2eecc915d861d7d.bundle",37950,37950,31462,0
"DDFCA3C931A4FDB5A5EB9996670511F801C6E7F2","Oddballers_Data\StreamingAssets\aa\StandaloneWindows64\3142833a1461d160467386703c80f681.bundle",41223,41223,21813,0
"DDFCA3C931A4FDB5A5EB9996670511F801C6E7F2","Oddballers_Data\StreamingAssets\aa\StandaloneWindows64\33038020ab56066b98fc6335ff4d31ec.bundle",4133876,4133876,3369437,0
"DDFCA3C931A4FDB5A5EB9996670511F801C6E7F2","Oddballers_Data\StreamingAssets\aa\StandaloneWindows64\34075833bc60e93be6de5d36a1c38bbd.bundle",2836112,2836112,2795225,0
"DDFCA3C931A4FDB5A5EB9996670511F801C6E7F2","Oddballers_Data\StreamingAssets\aa\StandaloneWindows64\34d3947b57054bee75bc2cf8c0523e85.bundle",19029,19029,12641,0
"DDFCA3C931A4FDB5A5EB9996670511F801C6E7F2","Oddballers_Data\StreamingAssets\aa\StandaloneWindows64\357156a977f32151f50371afdcfc666e.bundle",108943,108943,91994,0
"DDFCA3C931A4FDB5A5EB9996670511F801C6E7F2","Oddballers_Data\StreamingAssets\aa\StandaloneWindows64\36e33bdc5109cf36e73e4a3596258ec9.bundle",91645,91645,72209,0
"DDFCA3C931A4FDB5A5EB9996670511F801C6E7F2","Oddballers_Data\StreamingAssets\aa\StandaloneWindows64\36e96e8e941ccc963f930597a8740f37.bundle",95417,95417,79948,0
"DDFCA3C931A4FDB5A5EB9996670511F801C6E7F2","Oddballers_Data\StreamingAssets\aa\StandaloneWindows64\372d2086bb8ac00292d6454215ecd974.bundle",34511,34511,29379,0
"DDFCA3C931A4FDB5A5EB9996670511F801C6E7F2","Oddballers_Data\StreamingAssets\aa\StandaloneWindows64\386bc88e1b088087996525501dd5014d.bundle",33817,33817,28665,0
"DDFCA3C931A4FDB5A5EB9996670511F801C6E7F2","Oddballers_Data\StreamingAssets\aa\StandaloneWindows64\3916ccd284ddbb43309a5b15fdc428b7.bundle",39579188,39579188,32916932,0
"DDFCA3C931A4FDB5A5EB9996670511F801C6E7F2","Oddballers_Data\StreamingAssets\aa\StandaloneWindows64\3abdec214e44168832e0340df9091f4a.bundle",35284,35284,31440,0
"DDFCA3C931A4FDB5A5EB9996670511F801C6E7F2","Oddballers_Data\StreamingAssets\aa\StandaloneWindows64\3b52c4293a3761b07598c3b2d7d5b68d.bundle",4049,4049,3234,0
"DDFCA3C931A4FDB5A5EB9996670511F801C6E7F2","Oddballers_Data\StreamingAssets\aa\StandaloneWindows64\3cb13f7cb26787784d8093c8fa335f1b.bundle",272770,272770,229568,0
"DDFCA3C931A4FDB5A5EB9996670511F801C6E7F2","Oddballers_Data\StreamingAssets\aa\StandaloneWindows64\3db1f3eb6727acb78ec07ce57ef1db74.bundle",883056,883056,645066,0
"DDFCA3C931A4FDB5A5EB9996670511F801C6E7F2","Oddballers_Data\StreamingAssets\aa\StandaloneWindows64\3fda4c40249d20ea18679a17b64d8bc7.bundle",38492,38492,20988,0
"DDFCA3C931A4FDB5A5EB9996670511F801C6E7F2","Oddballers_Data\StreamingAssets\aa\StandaloneWindows64\3fe04bfbeced39afe54705838f7e0f86.bundle",12502386,12502386,11048669,0
"DDFCA3C931A4FDB5A5EB9996670511F801C6E7F2","Oddballers_Data\StreamingAssets\aa\StandaloneWindows64\40e6770083729d3701993b7c762dc6f1.bundle",150710,150710,111703,0
"DDFCA3C931A4FDB5A5EB9996670511F801C6E7F2","Oddballers_Data\StreamingAssets\aa\StandaloneWindows64\4171375b02fea7109c32ec1467607204.bundle",20926344,20926344,18888334,0
"DDFCA3C931A4FDB5A5EB9996670511F801C6E7F2","Oddballers_Data\StreamingAssets\aa\StandaloneWindows64\442a9ba4d14a1115066e8289d2f60316.bundle",4286,4286,3454,0
"DDFCA3C931A4FDB5A5EB9996670511F801C6E7F2","Oddballers_Data\StreamingAssets\aa\StandaloneWindows64\4541aa05a2e75f9b97bc8cd67096b99b.bundle",5829,5829,4516,0
"DDFCA3C931A4FDB5A5EB9996670511F801C6E7F2","Oddballers_Data\StreamingAssets\aa\StandaloneWindows64\457225895dd3b2ceeb021ea154a389bf.bundle",3539997,3539997,2387643,0
"DDFCA3C931A4FDB5A5EB9996670511F801C6E7F2","Oddballers_Data\StreamingAssets\aa\StandaloneWindows64\481e748b03787d4a3e42a2c494c85763.bundle",3516958,3516958,2242532,0
"DDFCA3C931A4FDB5A5EB9996670511F801C6E7F2","Oddballers_Data\StreamingAssets\aa\StandaloneWindows64\4b5ac23b568717447c38e5a8d9073ebf.bundle",2970,2970,2339,0
"DDFCA3C931A4FDB5A5EB9996670511F801C6E7F2","Oddballers_Data\StreamingAssets\aa\StandaloneWindows64\4bd12082e968dbb8ba8dee133880da9c.bundle",767487,767487,745675,0
"DDFCA3C931A4FDB5A5EB9996670511F801C6E7F2","Oddballers_Data\StreamingAssets\aa\StandaloneWindows64\4bddc963e7848ca2bfb0e0edae40287d.bundle",6673,6673,5047,0
"DDFCA3C931A4FDB5A5EB9996670511F801C6E7F2","Oddballers_Data\StreamingAssets\aa\StandaloneWindows64\4cd79edb195ea2333cf1b988d0da7851.bundle",6548,6548,5215,0
"DDFCA3C931A4FDB5A5EB9996670511F801C6E7F2","Oddballers_Data\StreamingAssets\aa\StandaloneWindows64\4d6c52c8ee38c535ec0e6d3c2bd46768.bundle",3741,3741,3044,0
"DDFCA3C931A4FDB5A5EB9996670511F801C6E7F2","Oddballers_Data\StreamingAssets\aa\StandaloneWindows64\4ea96512f9e02e9ebad0cde8e3497e13.bundle",5125837,5125837,3560524,0
"DDFCA3C931A4FDB5A5EB9996670511F801C6E7F2","Oddballers_Data\StreamingAssets\aa\StandaloneWindows64\4f3c1c4971aaec37b7612628e6329eed.bundle",27166199,27166199,19998152,0
"DDFCA3C931A4FDB5A5EB9996670511F801C6E7F2","Oddballers_Data\StreamingAssets\aa\StandaloneWindows64\505578fff1f5bda733c2e9222fe9fa9f.bundle",13319,13319,7864,0
"DDFCA3C931A4FDB5A5EB9996670511F801C6E7F2","Oddballers_Data\StreamingAssets\aa\StandaloneWindows64\50e43658950056da03933683740985c7.bundle",2551,2551,2057,0
"DDFCA3C931A4FDB5A5EB9996670511F801C6E7F2","Oddballers_Data\StreamingAssets\aa\StandaloneWindows64\527e213caf650f59c2e496610ff74a7f.bundle",36039204,36039204,24928442,0
"DDFCA3C931A4FDB5A5EB9996670511F801C6E7F2","Oddballers_Data\StreamingAssets\aa\StandaloneWindows64\5776778a097f2aab21516d2a09d3fdf3.bundle",103770,103770,82217,0
"DDFCA3C931A4FDB5A5EB9996670511F801C6E7F2","Oddballers_Data\StreamingAssets\aa\StandaloneWindows64\597d145049d176bfa348d95b4b44528b.bundle",2446,2446,1981,0
"DDFCA3C931A4FDB5A5EB9996670511F801C6E7F2","Oddballers_Data\StreamingAssets\aa\StandaloneWindows64\59ceb20e1b00d3aa7b9c2a716560dddc.bundle",4407,4407,3399,0
"DDFCA3C931A4FDB5A5EB9996670511F801C6E7F2","Oddballers_Data\StreamingAssets\aa\StandaloneWindows64\5b607ac833313f1d9126a656f16131e7.bundle",2583937,2583937,2469081,0
"DDFCA3C931A4FDB5A5EB9996670511F801C6E7F2","Oddballers_Data\StreamingAssets\aa\StandaloneWindows64\5d5811df4dbb9d65c8bbfab62972ff86.bundle",5429,5429,4604,0
"DDFCA3C931A4FDB5A5EB9996670511F801C6E7F2","Oddballers_Data\StreamingAssets\aa\StandaloneWindows64\5dd1d93c2b2a7d59719a95df54f2e7c4.bundle",17367924,17367924,15371267,0
"DDFCA3C931A4FDB5A5EB9996670511F801C6E7F2","Oddballers_Data\StreamingAssets\aa\StandaloneWindows64\5e5d78c15be659aa8077d7e9397c32f5.bundle",204796,204796,202519,0
"DDFCA3C931A4FDB5A5EB9996670511F801C6E7F2","Oddballers_Data\StreamingAssets\aa\StandaloneWindows64\5fcc4ab36a332b96de802345db9bb227.bundle",152460,152460,149842,0
"DDFCA3C931A4FDB5A5EB9996670511F801C6E7F2","Oddballers_Data\StreamingAssets\aa\StandaloneWindows64\609c0913a7da25dd54d24d08334bdfcc.bundle",39903,39903,23126,0
"DDFCA3C931A4FDB5A5EB9996670511F801C6E7F2","Oddballers_Data\StreamingAssets\aa\StandaloneWindows64\61e3f6e8a1123d71926c528081abee88.bundle",295909,295909,237490,0
"DDFCA3C931A4FDB5A5EB9996670511F801C6E7F2","Oddballers_Data\StreamingAssets\aa\StandaloneWindows64\6314bbfbaef92d376bfe8e7972f0a697.bundle",19005,19005,12628,0
"DDFCA3C931A4FDB5A5EB9996670511F801C6E7F2","Oddballers_Data\StreamingAssets\aa\StandaloneWindows64\65144e7acafe772821b6f92586e31388.bundle",3139212,3139212,2597655,0
"DDFCA3C931A4FDB5A5EB9996670511F801C6E7F2","Oddballers_Data\StreamingAssets\aa\StandaloneWindows64\6577300aae557ca4ddb923cfbf50eb4f.bundle",510729,510729,421396,0
"DDFCA3C931A4FDB5A5EB9996670511F801C6E7F2","Oddballers_Data\StreamingAssets\aa\StandaloneWindows64\667d150a278d41831d2b1958574721dd.bundle",615443944,615443944,360834211,0
"DDFCA3C931A4FDB5A5EB9996670511F801C6E7F2","Oddballers_Data\StreamingAssets\aa\StandaloneWindows64\671a1e51d772bb57f1ed9eb58335f0a4.bundle",9174918,9174918,6581461,0
"DDFCA3C931A4FDB5A5EB9996670511F801C6E7F2","Oddballers_Data\StreamingAssets\aa\StandaloneWindows64\68e0e62c17e771a1346324b57d3712ec.bundle",12699,12699,10276,0
"DDFCA3C931A4FDB5A5EB9996670511F801C6E7F2","Oddballers_Data\StreamingAssets\aa\StandaloneWindows64\68e64b69ec95810992a34ddb4c811956.bundle",32315,32315,27510,0
"DDFCA3C931A4FDB5A5EB9996670511F801C6E7F2","Oddballers_Data\StreamingAssets\aa\StandaloneWindows64\692b5f0eaf9be25219ec06482b8326f7.bundle",6558,6558,5269,0
"DDFCA3C931A4FDB5A5EB9996670511F801C6E7F2","Oddballers_Data\StreamingAssets\aa\StandaloneWindows64\69d94c7bdc7f09ac8e25e8d30553d95e.bundle",62338354,62338354,61151894,0
"DDFCA3C931A4FDB5A5EB9996670511F801C6E7F2","Oddballers_Data\StreamingAssets\aa\StandaloneWindows64\69d99c2b6ef450b729b03ccaf15f1372.bundle",44394739,44394739,29180501,0
"DDFCA3C931A4FDB5A5EB9996670511F801C6E7F2","Oddballers_Data\StreamingAssets\aa\StandaloneWindows64\6ff8b8e6ee56a3b11f373cee14633c36.bundle",57068455,57068455,46245324,0
"DDFCA3C931A4FDB5A5EB9996670511F801C6E7F2","Oddballers_Data\StreamingAssets\aa\StandaloneWindows64\7032156291fb409ce6985a2d68e28498.bundle",5379798,5379798,5309773,0
"DDFCA3C931A4FDB5A5EB9996670511F801C6E7F2","Oddballers_Data\StreamingAssets\aa\StandaloneWindows64\703a908f17f788b688e7c752717414c2.bundle",5231862,5231862,4971798,0
"DDFCA3C931A4FDB5A5EB9996670511F801C6E7F2","Oddballers_Data\StreamingAssets\aa\StandaloneWindows64\70715ba79936093bab036000991e1031.bundle",61363030,61363030,59822836,0
"DDFCA3C931A4FDB5A5EB9996670511F801C6E7F2","Oddballers_Data\StreamingAssets\aa\StandaloneWindows64\717e8f4b3409623eb890986ca71a29a7.bundle",51717,51717,48511,0
"DDFCA3C931A4FDB5A5EB9996670511F801C6E7F2","Oddballers_Data\StreamingAssets\aa\StandaloneWindows64\725ac897f9f4055d72106ba2ab4051af.bundle",42695,42695,35751,0
"DDFCA3C931A4FDB5A5EB9996670511F801C6E7F2","Oddballers_Data\StreamingAssets\aa\StandaloneWindows64\72a0621be0d806f64273531977711d27.bundle",59198,59198,48008,0
"DDFCA3C931A4FDB5A5EB9996670511F801C6E7F2","Oddballers_Data\StreamingAssets\aa\StandaloneWindows64\735abf2ad9df3848c396bf906c8d2a7b.bundle",2434,2434,1953,0
"DDFCA3C931A4FDB5A5EB9996670511F801C6E7F2","Oddballers_Data\StreamingAssets\aa\StandaloneWindows64\73df3da6a6d018e2d388eb5f3c335b24.bundle",34584,34584,26290,0
"DDFCA3C931A4FDB5A5EB9996670511F801C6E7F2","Oddballers_Data\StreamingAssets\aa\StandaloneWindows64\73f88de7b8026442e2af4e2f26160803.bundle",88870,88870,75156,0
"DDFCA3C931A4FDB5A5EB9996670511F801C6E7F2","Oddballers_Data\StreamingAssets\aa\StandaloneWindows64\75ff7ac8ec02dd1cddb9e86d4af21159.bundle",944743,944743,517018,0
"DDFCA3C931A4FDB5A5EB9996670511F801C6E7F2","Oddballers_Data\StreamingAssets\aa\StandaloneWindows64\764d51075347a0444c37cced965a870c.bundle",3692263,3692263,2706781,0
"DDFCA3C931A4FDB5A5EB9996670511F801C6E7F2","Oddballers_Data\StreamingAssets\aa\StandaloneWindows64\76fd897c249879f127343a85fe1b5d16.bundle",44284,44284,35613,0
"DDFCA3C931A4FDB5A5EB9996670511F801C6E7F2","Oddballers_Data\StreamingAssets\aa\StandaloneWindows64\777796efba753b19ee5e85cb062679fd.bundle",396470,396470,385879,0
"DDFCA3C931A4FDB5A5EB9996670511F801C6E7F2","Oddballers_Data\StreamingAssets\aa\StandaloneWindows64\77ba983766ad158dcf706778e4257e54.bundle",19396,19396,16430,0
"DDFCA3C931A4FDB5A5EB9996670511F801C6E7F2","Oddballers_Data\StreamingAssets\aa\StandaloneWindows64\7ac91a5b6e00181c8437f4dd4e0793d8.bundle",103536,103536,87154,0
"DDFCA3C931A4FDB5A5EB9996670511F801C6E7F2","Oddballers_Data\StreamingAssets\aa\StandaloneWindows64\7c749ce59996e23859b93857c3b3b8ef.bundle",148905,148905,115414,0
"DDFCA3C931A4FDB5A5EB9996670511F801C6E7F2","Oddballers_Data\StreamingAssets\aa\StandaloneWindows64\7cc01b34b55227748a84da8d3fc2dc09.bundle",29247,29247,18615,0
"DDFCA3C931A4FDB5A5EB9996670511F801C6E7F2","Oddballers_Data\StreamingAssets\aa\StandaloneWindows64\7d1f42776bbc25a9f5b009c1619456e0.bundle",1400684,1400684,1038029,0
"DDFCA3C931A4FDB5A5EB9996670511F801C6E7F2","Oddballers_Data\StreamingAssets\aa\StandaloneWindows64\7ebac646025a4153ee67003f55fa2e99.bundle",11748979,11748979,11405853,0
"DDFCA3C931A4FDB5A5EB9996670511F801C6E7F2","Oddballers_Data\StreamingAssets\aa\StandaloneWindows64\8173ade1de62e897a6b674c98abd6810.bundle",77261,77261,55673,0
"DDFCA3C931A4FDB5A5EB9996670511F801C6E7F2","Oddballers_Data\StreamingAssets\aa\StandaloneWindows64\8177bb045476e0179e79dd82c7c94c0b.bundle",166315,166315,105732,0
"DDFCA3C931A4FDB5A5EB9996670511F801C6E7F2","Oddballers_Data\StreamingAssets\aa\StandaloneWindows64\81a4cbea3683fc9f3394a05186ee99ab.bundle",529403,529403,367535,0
"DDFCA3C931A4FDB5A5EB9996670511F801C6E7F2","Oddballers_Data\StreamingAssets\aa\StandaloneWindows64\826252b2a0f87dfc6ca8a7ce65516069.bundle",263601,263601,219723,0
"DDFCA3C931A4FDB5A5EB9996670511F801C6E7F2","Oddballers_Data\StreamingAssets\aa\StandaloneWindows64\837b71948327770eb8d60480210d5475.bundle",8284,8284,5727,0
"DDFCA3C931A4FDB5A5EB9996670511F801C6E7F2","Oddballers_Data\StreamingAssets\aa\StandaloneWindows64\840117c466649461e5bb0fbbd9f10bf0.bundle",2667,2667,2114,0
"DDFCA3C931A4FDB5A5EB9996670511F801C6E7F2","Oddballers_Data\StreamingAssets\aa\StandaloneWindows64\84f27a1e2bdfd2a9befa2a744d8d9d7d.bundle",804194,804194,588712,0
"DDFCA3C931A4FDB5A5EB9996670511F801C6E7F2","Oddballers_Data\StreamingAssets\aa\StandaloneWindows64\85b3adb577486f5b01bfefc691552a7b.bundle",67789,67789,63545,0
"DDFCA3C931A4FDB5A5EB9996670511F801C6E7F2","Oddballers_Data\StreamingAssets\aa\StandaloneWindows64\879ad44fea30f8e2db24a7bb7c4efa23.bundle",51911,51911,41845,0
"DDFCA3C931A4FDB5A5EB9996670511F801C6E7F2","Oddballers_Data\StreamingAssets\aa\StandaloneWindows64\893fa9957f5842d6a1e363e047438441.bundle",10343799,10343799,7395086,0
"DDFCA3C931A4FDB5A5EB9996670511F801C6E7F2","Oddballers_Data\StreamingAssets\aa\StandaloneWindows64\89e96b0ec15ea7cb2c2b6fdfe3fede6e.bundle",127094,127094,96739,0
"DDFCA3C931A4FDB5A5EB9996670511F801C6E7F2","Oddballers_Data\StreamingAssets\aa\StandaloneWindows64\8b74d38f0bb56c2638bc61a6dee3c354.bundle",3214340,3214340,2356933,0
"DDFCA3C931A4FDB5A5EB9996670511F801C6E7F2","Oddballers_Data\StreamingAssets\aa\StandaloneWindows64\8d3ae7883d94803edb9402c6b1ea8f16.bundle",38747,38747,31996,0
"DDFCA3C931A4FDB5A5EB9996670511F801C6E7F2","Oddballers_Data\StreamingAssets\aa\StandaloneWindows64\8d613829e659df2a24ef86c729491ed2.bundle",3293,3293,2699,0
"DDFCA3C931A4FDB5A5EB9996670511F801C6E7F2","Oddballers_Data\StreamingAssets\aa\StandaloneWindows64\8d657c0b1446cf5e1eda3a5a3e68e393.bundle",7012,7012,4900,0
"DDFCA3C931A4FDB5A5EB9996670511F801C6E7F2","Oddballers_Data\StreamingAssets\aa\StandaloneWindows64\8d825102bc282e008c0b11bb818728a5.bundle",6966,6966,5423,0
"DDFCA3C931A4FDB5A5EB9996670511F801C6E7F2","Oddballers_Data\StreamingAssets\aa\StandaloneWindows64\8eebfe6fad116e4011f65a0405363ce8.bundle",89082,89082,75627,0
"DDFCA3C931A4FDB5A5EB9996670511F801C6E7F2","Oddballers_Data\StreamingAssets\aa\StandaloneWindows64\8fbb7953a7c6985fc27545b26c161c43.bundle",1808,1808,1458,0
"DDFCA3C931A4FDB5A5EB9996670511F801C6E7F2","Oddballers_Data\StreamingAssets\aa\StandaloneWindows64\906f48393ec111aa5c7291491fe441a8.bundle",78959005,78959005,54802883,0
"DDFCA3C931A4FDB5A5EB9996670511F801C6E7F2","Oddballers_Data\StreamingAssets\aa\StandaloneWindows64\9279afd486eaa81175e0c36a9e494b4e.bundle",2953,2953,2433,0
"DDFCA3C931A4FDB5A5EB9996670511F801C6E7F2","Oddballers_Data\StreamingAssets\aa\StandaloneWindows64\94cecf4b7bc9bc2051d1c92ab4420082.bundle",15135203,15135203,13490401,0
"DDFCA3C931A4FDB5A5EB9996670511F801C6E7F2","Oddballers_Data\StreamingAssets\aa\StandaloneWindows64\956df31902246e337a01b8d73de27448.bundle",13681,13681,12009,0
"DDFCA3C931A4FDB5A5EB9996670511F801C6E7F2","Oddballers_Data\StreamingAssets\aa\StandaloneWindows64\95dc07fd27b8384a5418c5175e3b159a.bundle",4736318,4736318,3702697,0
"DDFCA3C931A4FDB5A5EB9996670511F801C6E7F2","Oddballers_Data\StreamingAssets\aa\StandaloneWindows64\96262e82346833cf9bb23ef6709e7b3c.bundle",72941,72941,57837,0
"DDFCA3C931A4FDB5A5EB9996670511F801C6E7F2","Oddballers_Data\StreamingAssets\aa\StandaloneWindows64\976d858221ad4967f51eb3c07632ebc0.bundle",113687,113687,81777,0
"DDFCA3C931A4FDB5A5EB9996670511F801C6E7F2","Oddballers_Data\StreamingAssets\aa\StandaloneWindows64\99229c277f049920aabb4271296fa46c.bundle",2415,2415,1967,0
"DDFCA3C931A4FDB5A5EB9996670511F801C6E7F2","Oddballers_Data\StreamingAssets\aa\StandaloneWindows64\9d3d3a43c221b037b456f9d79b84c728.bundle",428002,428002,292359,0
"DDFCA3C931A4FDB5A5EB9996670511F801C6E7F2","Oddballers_Data\StreamingAssets\aa\StandaloneWindows64\9ed014a790b2e03c4d31c74a1ca48f0a.bundle",18767,18767,14272,0
"DDFCA3C931A4FDB5A5EB9996670511F801C6E7F2","Oddballers_Data\StreamingAssets\aa\StandaloneWindows64\a179949f5025b19b4ea807c0f1b9cedf.bundle",18059,18059,14452,0
"DDFCA3C931A4FDB5A5EB9996670511F801C6E7F2","Oddballers_Data\StreamingAssets\aa\StandaloneWindows64\a219e05c74d68a3d48ae153c2e44e1d6.bundle",39690,39690,32949,0
"DDFCA3C931A4FDB5A5EB9996670511F801C6E7F2","Oddballers_Data\StreamingAssets\aa\StandaloneWindows64\a41f58915092c1ed6464749fd009a1cb.bundle",4239,4239,3560,0
"DDFCA3C931A4FDB5A5EB9996670511F801C6E7F2","Oddballers_Data\StreamingAssets\aa\StandaloneWindows64\a42bc482522cc5e7a9e9c287177950ee.bundle",1865985,1865985,1813594,0
"DDFCA3C931A4FDB5A5EB9996670511F801C6E7F2","Oddballers_Data\StreamingAssets\aa\StandaloneWindows64\a449722b1c3e28d98564b69ec6c26a04.bundle",9560,9560,7141,0
"DDFCA3C931A4FDB5A5EB9996670511F801C6E7F2","Oddballers_Data\StreamingAssets\aa\StandaloneWindows64\a609ac6bc41fe3ec957eec55b1048de7.bundle",91536,91536,70792,0
"DDFCA3C931A4FDB5A5EB9996670511F801C6E7F2","Oddballers_Data\StreamingAssets\aa\StandaloneWindows64\a7d10f18ee0d05695d65a9e35d7e5e25.bundle",80130,80130,75750,0
"DDFCA3C931A4FDB5A5EB9996670511F801C6E7F2","Oddballers_Data\StreamingAssets\aa\StandaloneWindows64\a815ab0f61250104cee57ff5b9e891c5.bundle",8986938,8986938,6136227,0
"DDFCA3C931A4FDB5A5EB9996670511F801C6E7F2","Oddballers_Data\StreamingAssets\aa\StandaloneWindows64\a81f6a623f12a7489a0b4d1a9e02e531.bundle",271642,271642,261676,0
"DDFCA3C931A4FDB5A5EB9996670511F801C6E7F2","Oddballers_Data\StreamingAssets\aa\StandaloneWindows64\a8988f9d52784d2834f02824dc0c034d.bundle",962652,962652,718342,0
"DDFCA3C931A4FDB5A5EB9996670511F801C6E7F2","Oddballers_Data\StreamingAssets\aa\StandaloneWindows64\ac209049cfe417e6a04c1d9f51cdfba2.bundle",5985,5985,4639,0
"DDFCA3C931A4FDB5A5EB9996670511F801C6E7F2","Oddballers_Data\StreamingAssets\aa\StandaloneWindows64\ac7112d5ab461ebefdd4f4dbd93ef75d.bundle",667530,667530,459110,0
"DDFCA3C931A4FDB5A5EB9996670511F801C6E7F2","Oddballers_Data\StreamingAssets\aa\StandaloneWindows64\ad2788d02af24d2374dee7127f61aae7.bundle",7214,7214,6087,0
"DDFCA3C931A4FDB5A5EB9996670511F801C6E7F2","Oddballers_Data\StreamingAssets\aa\StandaloneWindows64\ad3a91598e03748644606fb76e3ba233.bundle",271072,271072,181450,0
"DDFCA3C931A4FDB5A5EB9996670511F801C6E7F2","Oddballers_Data\StreamingAssets\aa\StandaloneWindows64\afde6d6c0029860a89f19553ef56b414.bundle",1648104,1648104,1609409,0
"DDFCA3C931A4FDB5A5EB9996670511F801C6E7F2","Oddballers_Data\StreamingAssets\aa\StandaloneWindows64\afed2b0ee9f8430dd384e0572a65aa62.bundle",69320,69320,65197,0
"DDFCA3C931A4FDB5A5EB9996670511F801C6E7F2","Oddballers_Data\StreamingAssets\aa\StandaloneWindows64\b0590be3d8e7b6129f5a04e9047c9a26.bundle",86369,86369,72231,0
"DDFCA3C931A4FDB5A5EB9996670511F801C6E7F2","Oddballers_Data\StreamingAssets\aa\StandaloneWindows64\b215d382659c5b7e4de98842245e6e0f.bundle",1936561,1936561,1392712,0
"DDFCA3C931A4FDB5A5EB9996670511F801C6E7F2","Oddballers_Data\StreamingAssets\aa\StandaloneWindows64\b23d6cc4c352302254f9d1d9e3d03a30.bundle",109552,109552,88280,0
"DDFCA3C931A4FDB5A5EB9996670511F801C6E7F2","Oddballers_Data\StreamingAssets\aa\StandaloneWindows64\b4adc22c176668a1113f0fc72bf1182a.bundle",2494,2494,2051,0
"DDFCA3C931A4FDB5A5EB9996670511F801C6E7F2","Oddballers_Data\StreamingAssets\aa\StandaloneWindows64\b514cfd3ade135da58d50b502c448ba4.bundle",34471,34471,29225,0
"DDFCA3C931A4FDB5A5EB9996670511F801C6E7F2","Oddballers_Data\StreamingAssets\aa\StandaloneWindows64\b54cdcc49ed2a72cac253ffe169ad8ac.bundle",19028,19028,12641,0
"DDFCA3C931A4FDB5A5EB9996670511F801C6E7F2","Oddballers_Data\StreamingAssets\aa\StandaloneWindows64\b6383f46c72bb733e426b4b50002adb9.bundle",41436956,41436956,41387289,0
"DDFCA3C931A4FDB5A5EB9996670511F801C6E7F2","Oddballers_Data\StreamingAssets\aa\StandaloneWindows64\b73ed245163151d82479b2bf4e444da6.bundle",397469,397469,212927,0
"DDFCA3C931A4FDB5A5EB9996670511F801C6E7F2","Oddballers_Data\StreamingAssets\aa\StandaloneWindows64\b84088352ff1ee56d2e04913a3dd4e64.bundle",227987,227987,176814,0
"DDFCA3C931A4FDB5A5EB9996670511F801C6E7F2","Oddballers_Data\StreamingAssets\aa\StandaloneWindows64\b947443abd57d0fda2eb08c47fce243b.bundle",34801,34801,21170,0
"DDFCA3C931A4FDB5A5EB9996670511F801C6E7F2","Oddballers_Data\StreamingAssets\aa\StandaloneWindows64\ba630db8778e61c4c5f296cfbdca1ce2.bundle",162449,162449,137973,0
"DDFCA3C931A4FDB5A5EB9996670511F801C6E7F2","Oddballers_Data\StreamingAssets\aa\StandaloneWindows64\bb495f2157a86bab68a28d36f1670878.bundle",26414,26414,18828,0
"DDFCA3C931A4FDB5A5EB9996670511F801C6E7F2","Oddballers_Data\StreamingAssets\aa\StandaloneWindows64\bb95219ffc6babfebc79ea2f9219c6d0.bundle",2644,2644,2153,0
"DDFCA3C931A4FDB5A5EB9996670511F801C6E7F2","Oddballers_Data\StreamingAssets\aa\StandaloneWindows64\bca83109d12e63f410dfe1ffe677ccca.bundle",26394,26394,18768,0
"DDFCA3C931A4FDB5A5EB9996670511F801C6E7F2","Oddballers_Data\StreamingAssets\aa\StandaloneWindows64\bcbf8239fe9cae0dbb355e0c080e0e24.bundle",65619,65619,53643,0
"DDFCA3C931A4FDB5A5EB9996670511F801C6E7F2","Oddballers_Data\StreamingAssets\aa\StandaloneWindows64\bd1cde43049696a9d027e7ecf0f2c652.bundle",49661712,49661712,40852130,0
"DDFCA3C931A4FDB5A5EB9996670511F801C6E7F2","Oddballers_Data\StreamingAssets\aa\StandaloneWindows64\be6c53dc332049d59e33176f558551a0.bundle",2023,2023,1602,0
"DDFCA3C931A4FDB5A5EB9996670511F801C6E7F2","Oddballers_Data\StreamingAssets\aa\StandaloneWindows64\c298142f962208877aa22882bcaf7ef1.bundle",343988,343988,262029,0
"DDFCA3C931A4FDB5A5EB9996670511F801C6E7F2","Oddballers_Data\StreamingAssets\aa\StandaloneWindows64\c2a72b4a4dff4ee806b5122d780d218e.bundle",33511,33511,28483,0
"DDFCA3C931A4FDB5A5EB9996670511F801C6E7F2","Oddballers_Data\StreamingAssets\aa\StandaloneWindows64\c34545f20b683c8c0a4620daac065340.bundle",82838,82838,78283,0
"DDFCA3C931A4FDB5A5EB9996670511F801C6E7F2","Oddballers_Data\StreamingAssets\aa\StandaloneWindows64\c35309056e1d4b7d20f811b34d432c77.bundle",213606,213606,151983,0
"DDFCA3C931A4FDB5A5EB9996670511F801C6E7F2","Oddballers_Data\StreamingAssets\aa\StandaloneWindows64\c40a7b5ad19039299fe750a4d62f00ae.bundle",59919935,59919935,42103664,0
"DDFCA3C931A4FDB5A5EB9996670511F801C6E7F2","Oddballers_Data\StreamingAssets\aa\StandaloneWindows64\c50ae6194aa9ac4de377b758c4626e35.bundle",41528692,41528692,41484738,0
"DDFCA3C931A4FDB5A5EB9996670511F801C6E7F2","Oddballers_Data\StreamingAssets\aa\StandaloneWindows64\c6988814462692422b796e2d90894b83.bundle",316814,316814,254845,0
"DDFCA3C931A4FDB5A5EB9996670511F801C6E7F2","Oddballers_Data\StreamingAssets\aa\StandaloneWindows64\cafc3004ab38aa08ca07f78cffde50eb.bundle",334403,334403,317775,0
"DDFCA3C931A4FDB5A5EB9996670511F801C6E7F2","Oddballers_Data\StreamingAssets\aa\StandaloneWindows64\cd48baed5bcacb961b92ce3b9942dbb4.bundle",67409,67409,55723,0
"DDFCA3C931A4FDB5A5EB9996670511F801C6E7F2","Oddballers_Data\StreamingAssets\aa\StandaloneWindows64\cea88f4e286ad095d9b2c70b9cad5f89.bundle",2242,2242,1752,0
"DDFCA3C931A4FDB5A5EB9996670511F801C6E7F2","Oddballers_Data\StreamingAssets\aa\StandaloneWindows64\ceecc514bcc3515e79fc43b860f65cbb.bundle",13624718,13624718,11185147,0
"DDFCA3C931A4FDB5A5EB9996670511F801C6E7F2","Oddballers_Data\StreamingAssets\aa\StandaloneWindows64\cf5e5f40827671d2916af3a3cb37edab.bundle",42387,42387,35517,0
"DDFCA3C931A4FDB5A5EB9996670511F801C6E7F2","Oddballers_Data\StreamingAssets\aa\StandaloneWindows64\d00aa368d4fdb5ceced623cdd3c921b4.bundle",2498426,2498426,1807365,0
"DDFCA3C931A4FDB5A5EB9996670511F801C6E7F2","Oddballers_Data\StreamingAssets\aa\StandaloneWindows64\d2db2b45dc7c6c675c98512ddc29be35.bundle",57792,57792,47430,0
"DDFCA3C931A4FDB5A5EB9996670511F801C6E7F2","Oddballers_Data\StreamingAssets\aa\StandaloneWindows64\d3ce5c99405bdbbfd1caafcc152cf0ca.bundle",450680,450680,433787,0
"DDFCA3C931A4FDB5A5EB9996670511F801C6E7F2","Oddballers_Data\StreamingAssets\aa\StandaloneWindows64\d6fa357c0f10b466269fbccc81e9bdc6.bundle",26401,26401,18773,0
"DDFCA3C931A4FDB5A5EB9996670511F801C6E7F2","Oddballers_Data\StreamingAssets\aa\StandaloneWindows64\d7a8ca9cda7a441c9177eb2f45a05da9.bundle",78739,78739,59754,0
"DDFCA3C931A4FDB5A5EB9996670511F801C6E7F2","Oddballers_Data\StreamingAssets\aa\StandaloneWindows64\d932016f9a037943e467ebdcf9530723.bundle",36519,36519,30085,0
"DDFCA3C931A4FDB5A5EB9996670511F801C6E7F2","Oddballers_Data\StreamingAssets\aa\StandaloneWindows64\dab879c68a1fd550653ef313014eb5ed.bundle",1905974,1905974,1057662,0
"DDFCA3C931A4FDB5A5EB9996670511F801C6E7F2","Oddballers_Data\StreamingAssets\aa\StandaloneWindows64\dc689362b6bcb2042b21571079823c39.bundle",6507578,6507578,6472313,0
"DDFCA3C931A4FDB5A5EB9996670511F801C6E7F2","Oddballers_Data\StreamingAssets\aa\StandaloneWindows64\dd6fd79ca868b22982f226181ff8edca.bundle",23178,23178,17684,0
"DDFCA3C931A4FDB5A5EB9996670511F801C6E7F2","Oddballers_Data\StreamingAssets\aa\StandaloneWindows64\df1177cc0ec4947a93412b3d9d6464d1.bundle",3256351,3256351,2553608,0
"DDFCA3C931A4FDB5A5EB9996670511F801C6E7F2","Oddballers_Data\StreamingAssets\aa\StandaloneWindows64\df14a1e3be4bc8a490e410261f62e6b9.bundle",298894,298894,237148,0
"DDFCA3C931A4FDB5A5EB9996670511F801C6E7F2","Oddballers_Data\StreamingAssets\aa\StandaloneWindows64\dffa286cd0c15b58f72e72ce6ae3eb11.bundle",13726285,13726285,8159972,0
"DDFCA3C931A4FDB5A5EB9996670511F801C6E7F2","Oddballers_Data\StreamingAssets\aa\StandaloneWindows64\e1174817c3a654120fd9e5f322e5edb1.bundle",361783,361783,344798,0
"DDFCA3C931A4FDB5A5EB9996670511F801C6E7F2","Oddballers_Data\StreamingAssets\aa\StandaloneWindows64\e22855ff5a9b0aab0910c17eca23a030.bundle",96862,96862,76681,0
"DDFCA3C931A4FDB5A5EB9996670511F801C6E7F2","Oddballers_Data\StreamingAssets\aa\StandaloneWindows64\e4b991c86ef2201e1ee0c709785db154.bundle",346767,346767,314322,0
"DDFCA3C931A4FDB5A5EB9996670511F801C6E7F2","Oddballers_Data\StreamingAssets\aa\StandaloneWindows64\e65b6119f7c7e7a81f9f4c6889f093f2.bundle",3461974,3461974,3049387,0
"DDFCA3C931A4FDB5A5EB9996670511F801C6E7F2","Oddballers_Data\StreamingAssets\aa\StandaloneWindows64\e7cb4c3b9d93af66994a07fd3d9991d6.bundle",108317,108317,95397,0
"DDFCA3C931A4FDB5A5EB9996670511F801C6E7F2","Oddballers_Data\StreamingAssets\aa\StandaloneWindows64\e8f654ad2b87abf5dca2e6a060718e85.bundle",718372,718372,511582,0
"DDFCA3C931A4FDB5A5EB9996670511F801C6E7F2","Oddballers_Data\StreamingAssets\aa\StandaloneWindows64\e91b5d75698ce7d1921196b426e5d880.bundle",258162,258162,215833,0
"DDFCA3C931A4FDB5A5EB9996670511F801C6E7F2","Oddballers_Data\StreamingAssets\aa\StandaloneWindows64\e984854782097250d13ce48761eae009.bundle",324459,324459,307577,0
"DDFCA3C931A4FDB5A5EB9996670511F801C6E7F2","Oddballers_Data\StreamingAssets\aa\StandaloneWindows64\ea65e07e185be5e312e1328550d7510f.bundle",35974,35974,29795,0
"DDFCA3C931A4FDB5A5EB9996670511F801C6E7F2","Oddballers_Data\StreamingAssets\aa\StandaloneWindows64\ea7da4f26ba3b3e1505ca1546f0f080a.bundle",8717,8717,7620,0
"DDFCA3C931A4FDB5A5EB9996670511F801C6E7F2","Oddballers_Data\StreamingAssets\aa\StandaloneWindows64\ebe6a08ec888920f55e361dc30de2231.bundle",35572,35572,29288,0
"DDFCA3C931A4FDB5A5EB9996670511F801C6E7F2","Oddballers_Data\StreamingAssets\aa\StandaloneWindows64\ec48f9727df5758d2b678b61e4f3868f.bundle",94190,94190,89174,0
"DDFCA3C931A4FDB5A5EB9996670511F801C6E7F2","Oddballers_Data\StreamingAssets\aa\StandaloneWindows64\ecd8dcda1c2bfd787164bedd3d4c4e99.bundle",4529,4529,3742,0
"DDFCA3C931A4FDB5A5EB9996670511F801C6E7F2","Oddballers_Data\StreamingAssets\aa\StandaloneWindows64\ee19b82a391c90bef061242f7d1958d3.bundle",5010,5010,4162,0
"DDFCA3C931A4FDB5A5EB9996670511F801C6E7F2","Oddballers_Data\StreamingAssets\aa\StandaloneWindows64\efd27dfda69a25af45467e83f969280a.bundle",7387090,7387090,6261723,0
"DDFCA3C931A4FDB5A5EB9996670511F801C6E7F2","Oddballers_Data\StreamingAssets\aa\StandaloneWindows64\f007b8e2f832f31aae378193ee0dffc7.bundle",9694,9694,8418,0
"DDFCA3C931A4FDB5A5EB9996670511F801C6E7F2","Oddballers_Data\StreamingAssets\aa\StandaloneWindows64\f048acc6e2c583054ad2351316717a98.bundle",14871,14871,11590,0
"DDFCA3C931A4FDB5A5EB9996670511F801C6E7F2","Oddballers_Data\StreamingAssets\aa\StandaloneWindows64\f0ba6a8e89b4a339b2c797bcd883ad11.bundle",6089,6089,5233,0
"DDFCA3C931A4FDB5A5EB9996670511F801C6E7F2","Oddballers_Data\StreamingAssets\aa\StandaloneWindows64\f0cc70b111410ddcb0d116183c9dadcd.bundle",13563,13563,10777,0
"DDFCA3C931A4FDB5A5EB9996670511F801C6E7F2","Oddballers_Data\StreamingAssets\aa\StandaloneWindows64\f33784fde660dce593638001084d5888.bundle",7464,7464,6492,0
"DDFCA3C931A4FDB5A5EB9996670511F801C6E7F2","Oddballers_Data\StreamingAssets\aa\StandaloneWindows64\f3d1238ffcd044857f9636aaf3da554f.bundle",149254,149254,115029,0
"DDFCA3C931A4FDB5A5EB9996670511F801C6E7F2","Oddballers_Data\StreamingAssets\aa\StandaloneWindows64\f4037a1063d3666a37e7c680a5ec8b96.bundle",41439997,41439997,41390351,0
"DDFCA3C931A4FDB5A5EB9996670511F801C6E7F2","Oddballers_Data\StreamingAssets\aa\StandaloneWindows64\f56393f8fe2917870223210bbb7a85fc.bundle",62328,62328,43890,0
"DDFCA3C931A4FDB5A5EB9996670511F801C6E7F2","Oddballers_Data\StreamingAssets\aa\StandaloneWindows64\f5ec20a755e4983c19ecc7e52c03ef7d.bundle",48752,48752,38801,0
"DDFCA3C931A4FDB5A5EB9996670511F801C6E7F2","Oddballers_Data\StreamingAssets\aa\StandaloneWindows64\f65f4d8f5da3b2d11c04a94e650be983.bundle",39335,39335,24672,0
"DDFCA3C931A4FDB5A5EB9996670511F801C6E7F2","Oddballers_Data\StreamingAssets\aa\StandaloneWindows64\f7ea59121b03225c9aa25f58aaffe8ad.bundle",17426251,17426251,10400344,0
"DDFCA3C931A4FDB5A5EB9996670511F801C6E7F2","Oddballers_Data\StreamingAssets\aa\StandaloneWindows64\f83a0f1afbcefa56eac1f73ebc229e3b.bundle",4565,4565,3655,0
"DDFCA3C931A4FDB5A5EB9996670511F801C6E7F2","Oddballers_Data\StreamingAssets\aa\StandaloneWindows64\f8e00309d3fb33fe9757688797cb5749.bundle",3862,3862,3210,0
"DDFCA3C931A4FDB5A5EB9996670511F801C6E7F2","Oddballers_Data\StreamingAssets\aa\StandaloneWindows64\f91ffc5a466e4a936e17e8580556736c.bundle",4868,4868,4092,0
"DDFCA3C931A4FDB5A5EB9996670511F801C6E7F2","Oddballers_Data\StreamingAssets\aa\StandaloneWindows64\f9a381599890a52de08072d62b7ae691.bundle",3814043,3814043,2887059,0
"DDFCA3C931A4FDB5A5EB9996670511F801C6E7F2","Oddballers_Data\StreamingAssets\aa\StandaloneWindows64\fb58dd7c2d52deef23d0440bb5558be1.bundle",218308,218308,169061,0
"DDFCA3C931A4FDB5A5EB9996670511F801C6E7F2","Oddballers_Data\StreamingAssets\aa\StandaloneWindows64\fc2e65fd0e8868e326ca78a8ae4554b7.bundle",26393,26393,18765,0
"DDFCA3C931A4FDB5A5EB9996670511F801C6E7F2","Oddballers_Data\StreamingAssets\aa\StandaloneWindows64\fca774f4f2d2b57a883c7dfb247a357b.bundle",8963,8963,7623,0
"DDFCA3C931A4FDB5A5EB9996670511F801C6E7F2","Oddballers_Data\StreamingAssets\aa\StandaloneWindows64\fd916b4ee035d333cbf81b7603c22299.bundle",867025,867025,631729,0
"DDFCA3C931A4FDB5A5EB9996670511F801C6E7F2","Oddballers_Data\StreamingAssets\aa\StandaloneWindows64\fe19aada4128a4725282e0436ba53428.bundle",383059,383059,341174,0
"DDFCA3C931A4FDB5A5EB9996670511F801C6E7F2","Support\.NET_Framework_4.6.2\NDP462-KB3151800-x86-x64-AllOS-ENU.exe",62008080,62008080,61888362,0
"DDFCA3C931A4FDB5A5EB9996670511F801C6E7F2","Support\Visual_C++_2013\vcredist_x64.exe",7194312,7194312,6957235,0
"DDFCA3C931A4FDB5A5EB9996670511F801C6E7F2","Support\Visual_C++_2013\vcredist_x86.exe",6503984,6503984,6262443,0
"DDFCA3C931A4FDB5A5EB9996670511F801C6E7F2","Support\Visual_C++_2015\vc_redist_x64.exe",14572000,14572000,14099651,0
"DDFCA3C931A4FDB5A5EB9996670511F801C6E7F2","Support\Visual_C++_2015\vc_redist_x86.exe",13767776,13767776,13295931,0
"DDFCA3C931A4FDB5A5EB9996670511F801C6E7F2","Support\Visual_C++_2017-19\VC_redist_x64.exe",25169400,25169400,24054419,0
"DDFCA3C931A4FDB5A5EB9996670511F801C6E7F2","Support\Visual_C++_2017-19\VC_redist_x86.exe",13782072,13782072,12678967,0
"DDFCA3C931A4FDB5A5EB9996670511F801C6E7F2","OddBallers_Plus\GameAssembly.dll",314125352,314125352,169568083,0
"DDFCA3C931A4FDB5A5EB9996670511F801C6E7F2","OddBallers_Plus\dbdata.dll",413256,413256,154356,0
"DDFCA3C931A4FDB5A5EB9996670511F801C6E7F2","OddBallers_Plus\Oddballers.exe",659496,659496,183513,0
"DDFCA3C931A4FDB5A5EB9996670511F801C6E7F2","OddBallers_Plus\UnityCrashHandler64.exe",1077896,1077896,355809,0
"DDFCA3C931A4FDB5A5EB9996670511F801C6E7F2","OddBallers_Plus\UnityPlayer.dll",26179720,26179720,10003117,0
"DDFCA3C931A4FDB5A5EB9996670511F801C6E7F2","OddBallers_Plus\Oddballers_Data\app.info",21,21,30,0
"DDFCA3C931A4FDB5A5EB9996670511F801C6E7F2","OddBallers_Plus\Oddballers_Data\boot.config",82,82,80,0
"DDFCA3C931A4FDB5A5EB9996670511F801C6E7F2","OddBallers_Plus\Oddballers_Data\globalgamemanagers",474772,474772,141843,0
"DDFCA3C931A4FDB5A5EB9996670511F801C6E7F2","OddBallers_Plus\Oddballers_Data\globalgamemanagers.assets",2893084,2893084,554388,0
"DDFCA3C931A4FDB5A5EB9996670511F801C6E7F2","OddBallers_Plus\Oddballers_Data\globalgamemanagers.assets.resS",10485760,10485760,70958,0
"DDFCA3C931A4FDB5A5EB9996670511F801C6E7F2","OddBallers_Plus\Oddballers_Data\level0",383552,383552,45143,0
"DDFCA3C931A4FDB5A5EB9996670511F801C6E7F2","OddBallers_Plus\Oddballers_Data\resources.assets",16421060,16421060,2908461,0
"DDFCA3C931A4FDB5A5EB9996670511F801C6E7F2","OddBallers_Plus\Oddballers_Data\resources.assets.resS",37888276,37888276,2059677,0
"DDFCA3C931A4FDB5A5EB9996670511F801C6E7F2","OddBallers_Plus\Oddballers_Data\resources.resource",2060672,2060672,1966530,0
"DDFCA3C931A4FDB5A5EB9996670511F801C6E7F2","OddBallers_Plus\Oddballers_Data\sharedassets0.assets",5837624,5837624,824571,0
"DDFCA3C931A4FDB5A5EB9996670511F801C6E7F2","OddBallers_Plus\Oddballers_Data\sharedassets0.assets.resS",17434656,17434656,3077306,0
"DDFCA3C931A4FDB5A5EB9996670511F801C6E7F2","OddBallers_Plus\Oddballers_Data\sharedassets0.resource",148096,148096,148111,0
"DDFCA3C931A4FDB5A5EB9996670511F801C6E7F2","OddBallers_Plus\Oddballers_Data\il2cpp_data\etc\mono\browscap.ini",311984,311984,29973,0
"DDFCA3C931A4FDB5A5EB9996670511F801C6E7F2","OddBallers_Plus\Oddballers_Data\il2cpp_data\etc\mono\config",3276,3276,613,0
"DDFCA3C931A4FDB5A5EB9996670511F801C6E7F2","OddBallers_Plus\Oddballers_Data\il2cpp_data\etc\mono\2.0\DefaultWsdlHelpGenerator.aspx",60575,60575,13371,0
"DDFCA3C931A4FDB5A5EB9996670511F801C6E7F2","OddBallers_Plus\Oddballers_Data\il2cpp_data\etc\mono\2.0\machine.config",29116,29116,3921,0
"DDFCA3C931A4FDB5A5EB9996670511F801C6E7F2","OddBallers_Plus\Oddballers_Data\il2cpp_data\etc\mono\2.0\settings.map",2622,2622,665,0
"DDFCA3C931A4FDB5A5EB9996670511F801C6E7F2","OddBallers_Plus\Oddballers_Data\il2cpp_data\etc\mono\2.0\web.config",11686,11686,1964,0
"DDFCA3C931A4FDB5A5EB9996670511F801C6E7F2","OddBallers_Plus\Oddballers_Data\il2cpp_data\etc\mono\2.0\Browsers\Compat.browser",1605,1605,591,0
"DDFCA3C931A4FDB5A5EB9996670511F801C6E7F2","OddBallers_Plus\Oddballers_Data\il2cpp_data\etc\mono\4.0\DefaultWsdlHelpGenerator.aspx",60575,60575,13371,0
"DDFCA3C931A4FDB5A5EB9996670511F801C6E7F2","OddBallers_Plus\Oddballers_Data\il2cpp_data\etc\mono\4.0\machine.config",33648,33648,4269,0
"DDFCA3C931A4FDB5A5EB9996670511F801C6E7F2","OddBallers_Plus\Oddballers_Data\il2cpp_data\etc\mono\4.0\settings.map",2622,2622,665,0
"DDFCA3C931A4FDB5A5EB9996670511F801C6E7F2","OddBallers_Plus\Oddballers_Data\il2cpp_data\etc\mono\4.0\web.config",18848,18848,2726,0
"DDFCA3C931A4FDB5A5EB9996670511F801C6E7F2","OddBallers_Plus\Oddballers_Data\il2cpp_data\etc\mono\4.0\Browsers\Compat.browser",1605,1605,591,0
"DDFCA3C931A4FDB5A5EB9996670511F801C6E7F2","OddBallers_Plus\Oddballers_Data\il2cpp_data\etc\mono\4.5\DefaultWsdlHelpGenerator.aspx",60575,60575,13371,0
"DDFCA3C931A4FDB5A5EB9996670511F801C6E7F2","OddBallers_Plus\Oddballers_Data\il2cpp_data\etc\mono\4.5\machine.config",34106,34106,4322,0
"DDFCA3C931A4FDB5A5EB9996670511F801C6E7F2","OddBallers_Plus\Oddballers_Data\il2cpp_data\etc\mono\4.5\settings.map",2622,2622,665,0
"DDFCA3C931A4FDB5A5EB9996670511F801C6E7F2","OddBallers_Plus\Oddballers_Data\il2cpp_data\etc\mono\4.5\web.config",18857,18857,2727,0
"DDFCA3C931A4FDB5A5EB9996670511F801C6E7F2","OddBallers_Plus\Oddballers_Data\il2cpp_data\etc\mono\4.5\Browsers\Compat.browser",1605,1605,591,0
"DDFCA3C931A4FDB5A5EB9996670511F801C6E7F2","OddBallers_Plus\Oddballers_Data\il2cpp_data\etc\mono\mconfig\config.xml",25817,25817,3019,0
"DDFCA3C931A4FDB5A5EB9996670511F801C6E7F2","OddBallers_Plus\Oddballers_Data\il2cpp_data\Metadata\global-metadata.dat",14151496,14151496,3395261,0
"DDFCA3C931A4FDB5A5EB9996670511F801C6E7F2","OddBallers_Plus\Oddballers_Data\il2cpp_data\Resources\mscorlib.dll-resources.dat",337563,337563,123146,0
"DDFCA3C931A4FDB5A5EB9996670511F801C6E7F2","OddBallers_Plus\Oddballers_Data\il2cpp_data\Resources\System.Buffers.dll-resources.dat",394,394,296,0
"DDFCA3C931A4FDB5A5EB9996670511F801C6E7F2","OddBallers_Plus\Oddballers_Data\il2cpp_data\Resources\System.Memory.dll-resources.dat",1811,1811,995,0
"DDFCA3C931A4FDB5A5EB9996670511F801C6E7F2","OddBallers_Plus\Oddballers_Data\Plugins\x86_64\Rewired_DirectInput.dll",12800,12800,5341,0
"DDFCA3C931A4FDB5A5EB9996670511F801C6E7F2","OddBallers_Plus\Oddballers_Data\Plugins\x86_64\ubiservices.dll",14179840,14179840,3585480,0
"DDFCA3C931A4FDB5A5EB9996670511F801C6E7F2","OddBallers_Plus\Oddballers_Data\Plugins\x86_64\uplay_r2_loader64.dll",416920,416920,155067,0
"DDFCA3C931A4FDB5A5EB9996670511F801C6E7F2","OddBallers_Plus\Oddballers_Data\Resources\unity default resources",3837044,3837044,179494,0
"DDFCA3C931A4FDB5A5EB9996670511F801C6E7F2","OddBallers_Plus\Oddballers_Data\Resources\unity_builtin_extra",404680,404680,68754,0
"DDFCA3C931A4FDB5A5EB9996670511F801C6E7F2","OddBallers_Plus\Oddballers_Data\StreamingAssets\PS4SessionImage.jpg",49063,49063,26467,0
"DDFCA3C931A4FDB5A5EB9996670511F801C6E7F2","OddBallers_Plus\Oddballers_Data\StreamingAssets\PS4SessionImage.png",158258,158258,156061,0
"DDFCA3C931A4FDB5A5EB9996670511F801C6E7F2","OddBallers_Plus\Oddballers_Data\StreamingAssets\SaveIcon.png",33575,33575,33048,0
"DDFCA3C931A4FDB5A5EB9996670511F801C6E7F2","OddBallers_Plus\Oddballers_Data\StreamingAssets\aa\catalog.json",4704158,4704158,788058,0
"DDFCA3C931A4FDB5A5EB9996670511F801C6E7F2","OddBallers_Plus\Oddballers_Data\StreamingAssets\aa\settings.json",861,861,464,0
"DDFCA3C931A4FDB5A5EB9996670511F801C6E7F2","OddBallers_Plus\Oddballers_Data\StreamingAssets\aa\AddressablesLink\link.xml",66030,66030,7662,0
"DDFCA3C931A4FDB5A5EB9996670511F801C6E7F2","OddBallers_Plus\Oddballers_Data\StreamingAssets\aa\StandaloneWindows64\00626619ecfe6043cc8d3569f4d33996.bundle",148456,148456,116436,0
"DDFCA3C931A4FDB5A5EB9996670511F801C6E7F2","OddBallers_Plus\Oddballers_Data\StreamingAssets\aa\StandaloneWindows64\00cab887c26f928fe54a36c3e80540ea.bundle",3734,3734,2933,0
"DDFCA3C931A4FDB5A5EB9996670511F801C6E7F2","OddBallers_Plus\Oddballers_Data\StreamingAssets\aa\StandaloneWindows64\00d5ede7fe273b6955185b29f22c0244.bundle",3405202,3405202,2299959,0
"DDFCA3C931A4FDB5A5EB9996670511F801C6E7F2","OddBallers_Plus\Oddballers_Data\StreamingAssets\aa\StandaloneWindows64\01383b92b3f2d35e17332fae420bf15b.bundle",1312277,1312277,1124665,0
"DDFCA3C931A4FDB5A5EB9996670511F801C6E7F2","OddBallers_Plus\Oddballers_Data\StreamingAssets\aa\StandaloneWindows64\0180a9e3dae08c8c8105427a83bdcb04.bundle",26398,26398,18774,0
"DDFCA3C931A4FDB5A5EB9996670511F801C6E7F2","OddBallers_Plus\Oddballers_Data\StreamingAssets\aa\StandaloneWindows64\01ca12239387dd2d62a12d565c454ea2.bundle",476293,476293,360522,0
"DDFCA3C931A4FDB5A5EB9996670511F801C6E7F2","OddBallers_Plus\Oddballers_Data\StreamingAssets\aa\StandaloneWindows64\01d716dbea7893afd980054de27f2b2a.bundle",355051,355051,307919,0
"DDFCA3C931A4FDB5A5EB9996670511F801C6E7F2","OddBallers_Plus\Oddballers_Data\StreamingAssets\aa\StandaloneWindows64\02722bcf403d18237b85635842f5e4b1.bundle",5020122,5020122,4749536,0
"DDFCA3C931A4FDB5A5EB9996670511F801C6E7F2","OddBallers_Plus\Oddballers_Data\StreamingAssets\aa\StandaloneWindows64\02b64c3ffaad9218d42b9351e5441022.bundle",2092,2092,1670,0
"DDFCA3C931A4FDB5A5EB9996670511F801C6E7F2","OddBallers_Plus\Oddballers_Data\StreamingAssets\aa\StandaloneWindows64\06ddccc51f074a2447aa9ef1722aade7.bundle",3707,3707,2986,0
"DDFCA3C931A4FDB5A5EB9996670511F801C6E7F2","OddBallers_Plus\Oddballers_Data\StreamingAssets\aa\StandaloneWindows64\0768fcd2c0767db0763f121d7090a566.bundle",27331,27331,21012,0
"DDFCA3C931A4FDB5A5EB9996670511F801C6E7F2","OddBallers_Plus\Oddballers_Data\StreamingAssets\aa\StandaloneWindows64\09bc2dd803e02abd34e921ebcc1526bd.bundle",5742712,5742712,4560945,0
"DDFCA3C931A4FDB5A5EB9996670511F801C6E7F2","OddBallers_Plus\Oddballers_Data\StreamingAssets\aa\StandaloneWindows64\09c3bf270c7b78a48b8e5549de5166d8.bundle",24339458,24339458,17603915,0
"DDFCA3C931A4FDB5A5EB9996670511F801C6E7F2","OddBallers_Plus\Oddballers_Data\StreamingAssets\aa\StandaloneWindows64\0a4758560e5de664978799492cea20a3.bundle",3975,3975,3323,0
"DDFCA3C931A4FDB5A5EB9996670511F801C6E7F2","OddBallers_Plus\Oddballers_Data\StreamingAssets\aa\StandaloneWindows64\0af61b7e8aec4e13fb9173cfb3fce663.bundle",101476,101476,78494,0
"DDFCA3C931A4FDB5A5EB9996670511F801C6E7F2","OddBallers_Plus\Oddballers_Data\StreamingAssets\aa\StandaloneWindows64\0b55f47794d79eebf86c546fd4746afb.bundle",365223,365223,358547,0
"DDFCA3C931A4FDB5A5EB9996670511F801C6E7F2","OddBallers_Plus\Oddballers_Data\StreamingAssets\aa\StandaloneWindows64\0d518c35c2f61f2d15a0d9dd9fa722e7.bundle",11355020,11355020,9806287,0
"DDFCA3C931A4FDB5A5EB9996670511F801C6E7F2","OddBallers_Plus\Oddballers_Data\StreamingAssets\aa\StandaloneWindows64\0dc7f26c87ddeb1f6e7b579e6cd5b6a1.bundle",1224910,1224910,1062693,0
"DDFCA3C931A4FDB5A5EB9996670511F801C6E7F2","OddBallers_Plus\Oddballers_Data\StreamingAssets\aa\StandaloneWindows64\0dfd4c33268766901c349984e823df43.bundle",170484,170484,124209,0
"DDFCA3C931A4FDB5A5EB9996670511F801C6E7F2","OddBallers_Plus\Oddballers_Data\StreamingAssets\aa\StandaloneWindows64\0e3c624f5c6016f01d574c7f388b4671.bundle",4201,4201,3420,0
"DDFCA3C931A4FDB5A5EB9996670511F801C6E7F2","OddBallers_Plus\Oddballers_Data\StreamingAssets\aa\StandaloneWindows64\0f600ccd658bc9c7e1733b38ab0f8f44.bundle",117729,117729,115284,0
"DDFCA3C931A4FDB5A5EB9996670511F801C6E7F2","OddBallers_Plus\Oddballers_Data\StreamingAssets\aa\StandaloneWindows64\10371a93c47ab909c2ec24a6faff0390.bundle",30593,30593,24551,0
"DDFCA3C931A4FDB5A5EB9996670511F801C6E7F2","OddBallers_Plus\Oddballers_Data\StreamingAssets\aa\StandaloneWindows64\110376f6c1ea78a403667215e36588bc.bundle",41200,41200,34015,0
"DDFCA3C931A4FDB5A5EB9996670511F801C6E7F2","OddBallers_Plus\Oddballers_Data\StreamingAssets\aa\StandaloneWindows64\12497de933a54cd0d11c1526c48cb7fc.bundle",32886,32886,29508,0
"DDFCA3C931A4FDB5A5EB9996670511F801C6E7F2","OddBallers_Plus\Oddballers_Data\StreamingAssets\aa\StandaloneWindows64\1436921bc6d8c54667d88ab3e8c68c26.bundle",4272526,4272526,3478877,0
"DDFCA3C931A4FDB5A5EB9996670511F801C6E7F2","OddBallers_Plus\Oddballers_Data\StreamingAssets\aa\StandaloneWindows64\144bd7993b719bd77b1a8846221c884b.bundle",811070,811070,546621,0
"DDFCA3C931A4FDB5A5EB9996670511F801C6E7F2","OddBallers_Plus\Oddballers_Data\StreamingAssets\aa\StandaloneWindows64\150d2139561a3c5f0281157a5f6474a7.bundle",73336,73336,60230,0
"DDFCA3C931A4FDB5A5EB9996670511F801C6E7F2","OddBallers_Plus\Oddballers_Data\StreamingAssets\aa\StandaloneWindows64\15552f19e66c419817e87395b7ce039b.bundle",3671068,3671068,2463753,0
"DDFCA3C931A4FDB5A5EB9996670511F801C6E7F2","OddBallers_Plus\Oddballers_Data\StreamingAssets\aa\StandaloneWindows64\170e19147da3a53af17c9ddd499edc1c.bundle",186793,186793,131337,0
"DDFCA3C931A4FDB5A5EB9996670511F801C6E7F2","OddBallers_Plus\Oddballers_Data\StreamingAssets\aa\StandaloneWindows64\1754ebcdab9ad801adacccd808c217d8.bundle",424626,424626,416140,0
"DDFCA3C931A4FDB5A5EB9996670511F801C6E7F2","OddBallers_Plus\Oddballers_Data\StreamingAssets\aa\StandaloneWindows64\1848aa5e52513b3bc06a59f830fe4fe2.bundle",29616,29616,19938,0
"DDFCA3C931A4FDB5A5EB9996670511F801C6E7F2","OddBallers_Plus\Oddballers_Data\StreamingAssets\aa\StandaloneWindows64\1932c6a5ab32e548fe7a46ec258ea838.bundle",49520451,49520451,39854805,0
"DDFCA3C931A4FDB5A5EB9996670511F801C6E7F2","OddBallers_Plus\Oddballers_Data\StreamingAssets\aa\StandaloneWindows64\1b66765573fd343fff45268074576299.bundle",6847,6847,5081,0
"DDFCA3C931A4FDB5A5EB9996670511F801C6E7F2","OddBallers_Plus\Oddballers_Data\StreamingAssets\aa\StandaloneWindows64\1d2bbc3f2cbd8a79b085aea88ec9335e.bundle",3972092,3972092,3779630,0
"DDFCA3C931A4FDB5A5EB9996670511F801C6E7F2","OddBallers_Plus\Oddballers_Data\StreamingAssets\aa\StandaloneWindows64\1dfd9d31b187c4fdcb108caf160c1f19.bundle",64999,64999,53006,0
"DDFCA3C931A4FDB5A5EB9996670511F801C6E7F2","OddBallers_Plus\Oddballers_Data\StreamingAssets\aa\StandaloneWindows64\1f4655190952f33c90a937deb33b7f04.bundle",83812,83812,72997,0
"DDFCA3C931A4FDB5A5EB9996670511F801C6E7F2","OddBallers_Plus\Oddballers_Data\StreamingAssets\aa\StandaloneWindows64\1ffcd6955ce83248cdf1094b393a64f9.bundle",714390,714390,567597,0
"DDFCA3C931A4FDB5A5EB9996670511F801C6E7F2","OddBallers_Plus\Oddballers_Data\StreamingAssets\aa\StandaloneWindows64\204b862c03fdbd25a8aef66f624cf5a3.bundle",26416,26416,18826,0
"DDFCA3C931A4FDB5A5EB9996670511F801C6E7F2","OddBallers_Plus\Oddballers_Data\StreamingAssets\aa\StandaloneWindows64\2158317fefb40a5642d7a3e07932e7c8.bundle",179310,179310,140146,0
"DDFCA3C931A4FDB5A5EB9996670511F801C6E7F2","OddBallers_Plus\Oddballers_Data\StreamingAssets\aa\StandaloneWindows64\21587ad738eca8ab9ddf402259103e84.bundle",11228,11228,8050,0
"DDFCA3C931A4FDB5A5EB9996670511F801C6E7F2","OddBallers_Plus\Oddballers_Data\StreamingAssets\aa\StandaloneWindows64\220cc68260c62f7a7755df10fd79bfe2.bundle",481469,481469,403395,0
"DDFCA3C931A4FDB5A5EB9996670511F801C6E7F2","OddBallers_Plus\Oddballers_Data\StreamingAssets\aa\StandaloneWindows64\227eb874c445c95cfcd6b666ed94d19b.bundle",23820,23820,19788,0
"DDFCA3C931A4FDB5A5EB9996670511F801C6E7F2","OddBallers_Plus\Oddballers_Data\StreamingAssets\aa\StandaloneWindows64\243ba877ceceb0346bbfc1c466c093eb.bundle",245705,245705,190907,0
"DDFCA3C931A4FDB5A5EB9996670511F801C6E7F2","OddBallers_Plus\Oddballers_Data\StreamingAssets\aa\StandaloneWindows64\274d9276393e34e6fcc8edfed8ee8767.bundle",18973,18973,12588,0
"DDFCA3C931A4FDB5A5EB9996670511F801C6E7F2","OddBallers_Plus\Oddballers_Data\StreamingAssets\aa\StandaloneWindows64\27cd09047f72299a42586750b5148564.bundle",2199657,2199657,2154004,0
"DDFCA3C931A4FDB5A5EB9996670511F801C6E7F2","OddBallers_Plus\Oddballers_Data\StreamingAssets\aa\StandaloneWindows64\29db8cb83b4f0b19962c6fc21d7d5b40.bundle",2333463,2333463,1554598,0
"DDFCA3C931A4FDB5A5EB9996670511F801C6E7F2","OddBallers_Plus\Oddballers_Data\StreamingAssets\aa\StandaloneWindows64\2a969762c7882fd43717864fa1d510ff.bundle",13069,13069,10034,0
"DDFCA3C931A4FDB5A5EB9996670511F801C6E7F2","OddBallers_Plus\Oddballers_Data\StreamingAssets\aa\StandaloneWindows64\2b8b90e17221ee243cd840b4ffb20c9c.bundle",7988,7988,6285,0
"DDFCA3C931A4FDB5A5EB9996670511F801C6E7F2","OddBallers_Plus\Oddballers_Data\StreamingAssets\aa\StandaloneWindows64\2bb711b3ed2b226e1874e4f0fa9c2e52.bundle",6368,6368,4698,0
"DDFCA3C931A4FDB5A5EB9996670511F801C6E7F2","OddBallers_Plus\Oddballers_Data\StreamingAssets\aa\StandaloneWindows64\2ca9705e2f231ccd1920b75148676696.bundle",4348132,4348132,3567877,0
"DDFCA3C931A4FDB5A5EB9996670511F801C6E7F2","OddBallers_Plus\Oddballers_Data\StreamingAssets\aa\StandaloneWindows64\2daf12b6fc47b03b207150425f7af58c.bundle",3098,3098,2533,0
"DDFCA3C931A4FDB5A5EB9996670511F801C6E7F2","OddBallers_Plus\Oddballers_Data\StreamingAssets\aa\StandaloneWindows64\2e7b6d2c767cb7b86cfa46221945e3a0.bundle",21861046,21861046,18709741,0
"DDFCA3C931A4FDB5A5EB9996670511F801C6E7F2","OddBallers_Plus\Oddballers_Data\StreamingAssets\aa\StandaloneWindows64\2f3c9e67dc983ec4611a88f6ad1e4e68.bundle",35674,35674,29299,0
"DDFCA3C931A4FDB5A5EB9996670511F801C6E7F2","OddBallers_Plus\Oddballers_Data\StreamingAssets\aa\StandaloneWindows64\2f7b154c15924d4334ee7fa9470ec9ba.bundle",39645,39645,32736,0
"DDFCA3C931A4FDB5A5EB9996670511F801C6E7F2","OddBallers_Plus\Oddballers_Data\StreamingAssets\aa\StandaloneWindows64\3045c5edf00ed1bb685f9c88d816ed08.bundle",36895,36895,30238,0
"DDFCA3C931A4FDB5A5EB9996670511F801C6E7F2","OddBallers_Plus\Oddballers_Data\StreamingAssets\aa\StandaloneWindows64\313663dbdbba1b45b2eecc915d861d7d.bundle",37950,37950,31462,0
"DDFCA3C931A4FDB5A5EB9996670511F801C6E7F2","OddBallers_Plus\Oddballers_Data\StreamingAssets\aa\StandaloneWindows64\3142833a1461d160467386703c80f681.bundle",41223,41223,21813,0
"DDFCA3C931A4FDB5A5EB9996670511F801C6E7F2","OddBallers_Plus\Oddballers_Data\StreamingAssets\aa\StandaloneWindows64\33038020ab56066b98fc6335ff4d31ec.bundle",4133876,4133876,3369437,0
"DDFCA3C931A4FDB5A5EB9996670511F801C6E7F2","OddBallers_Plus\Oddballers_Data\StreamingAssets\aa\StandaloneWindows64\34075833bc60e93be6de5d36a1c38bbd.bundle",2836112,2836112,2795225,0
"DDFCA3C931A4FDB5A5EB9996670511F801C6E7F2","OddBallers_Plus\Oddballers_Data\StreamingAssets\aa\StandaloneWindows64\34d3947b57054bee75bc2cf8c0523e85.bundle",19029,19029,12641,0
"DDFCA3C931A4FDB5A5EB9996670511F801C6E7F2","OddBallers_Plus\Oddballers_Data\StreamingAssets\aa\StandaloneWindows64\357156a977f32151f50371afdcfc666e.bundle",108943,108943,91994,0
"DDFCA3C931A4FDB5A5EB9996670511F801C6E7F2","OddBallers_Plus\Oddballers_Data\StreamingAssets\aa\StandaloneWindows64\36e33bdc5109cf36e73e4a3596258ec9.bundle",91645,91645,72209,0
"DDFCA3C931A4FDB5A5EB9996670511F801C6E7F2","OddBallers_Plus\Oddballers_Data\StreamingAssets\aa\StandaloneWindows64\36e96e8e941ccc963f930597a8740f37.bundle",95417,95417,79948,0
"DDFCA3C931A4FDB5A5EB9996670511F801C6E7F2","OddBallers_Plus\Oddballers_Data\StreamingAssets\aa\StandaloneWindows64\372d2086bb8ac00292d6454215ecd974.bundle",34511,34511,29379,0
"DDFCA3C931A4FDB5A5EB9996670511F801C6E7F2","OddBallers_Plus\Oddballers_Data\StreamingAssets\aa\StandaloneWindows64\386bc88e1b088087996525501dd5014d.bundle",33817,33817,28665,0
"DDFCA3C931A4FDB5A5EB9996670511F801C6E7F2","OddBallers_Plus\Oddballers_Data\StreamingAssets\aa\StandaloneWindows64\3916ccd284ddbb43309a5b15fdc428b7.bundle",39579188,39579188,32916932,0
"DDFCA3C931A4FDB5A5EB9996670511F801C6E7F2","OddBallers_Plus\Oddballers_Data\StreamingAssets\aa\StandaloneWindows64\3abdec214e44168832e0340df9091f4a.bundle",35284,35284,31440,0
"DDFCA3C931A4FDB5A5EB9996670511F801C6E7F2","OddBallers_Plus\Oddballers_Data\StreamingAssets\aa\StandaloneWindows64\3b52c4293a3761b07598c3b2d7d5b68d.bundle",4049,4049,3234,0
"DDFCA3C931A4FDB5A5EB9996670511F801C6E7F2","OddBallers_Plus\Oddballers_Data\StreamingAssets\aa\StandaloneWindows64\3cb13f7cb26787784d8093c8fa335f1b.bundle",272770,272770,229568,0
"DDFCA3C931A4FDB5A5EB9996670511F801C6E7F2","OddBallers_Plus\Oddballers_Data\StreamingAssets\aa\StandaloneWindows64\3db1f3eb6727acb78ec07ce57ef1db74.bundle",883056,883056,645066,0
"DDFCA3C931A4FDB5A5EB9996670511F801C6E7F2","OddBallers_Plus\Oddballers_Data\StreamingAssets\aa\StandaloneWindows64\3fda4c40249d20ea18679a17b64d8bc7.bundle",38492,38492,20988,0
"DDFCA3C931A4FDB5A5EB9996670511F801C6E7F2","OddBallers_Plus\Oddballers_Data\StreamingAssets\aa\StandaloneWindows64\3fe04bfbeced39afe54705838f7e0f86.bundle",12502386,12502386,11048669,0
"DDFCA3C931A4FDB5A5EB9996670511F801C6E7F2","OddBallers_Plus\Oddballers_Data\StreamingAssets\aa\StandaloneWindows64\40e6770083729d3701993b7c762dc6f1.bundle",150710,150710,111703,0
"DDFCA3C931A4FDB5A5EB9996670511F801C6E7F2","OddBallers_Plus\Oddballers_Data\StreamingAssets\aa\StandaloneWindows64\4171375b02fea7109c32ec1467607204.bundle",20926344,20926344,18888334,0
"DDFCA3C931A4FDB5A5EB9996670511F801C6E7F2","OddBallers_Plus\Oddballers_Data\StreamingAssets\aa\StandaloneWindows64\442a9ba4d14a1115066e8289d2f60316.bundle",4286,4286,3454,0
"DDFCA3C931A4FDB5A5EB9996670511F801C6E7F2","OddBallers_Plus\Oddballers_Data\StreamingAssets\aa\StandaloneWindows64\4541aa05a2e75f9b97bc8cd67096b99b.bundle",5829,5829,4516,0
"DDFCA3C931A4FDB5A5EB9996670511F801C6E7F2","OddBallers_Plus\Oddballers_Data\StreamingAssets\aa\StandaloneWindows64\457225895dd3b2ceeb021ea154a389bf.bundle",3539997,3539997,2387643,0
"DDFCA3C931A4FDB5A5EB9996670511F801C6E7F2","OddBallers_Plus\Oddballers_Data\StreamingAssets\aa\StandaloneWindows64\481e748b03787d4a3e42a2c494c85763.bundle",3516958,3516958,2242532,0
"DDFCA3C931A4FDB5A5EB9996670511F801C6E7F2","OddBallers_Plus\Oddballers_Data\StreamingAssets\aa\StandaloneWindows64\4b5ac23b568717447c38e5a8d9073ebf.bundle",2970,2970,2339,0
"DDFCA3C931A4FDB5A5EB9996670511F801C6E7F2","OddBallers_Plus\Oddballers_Data\StreamingAssets\aa\StandaloneWindows64\4bd12082e968dbb8ba8dee133880da9c.bundle",767487,767487,745675,0
"DDFCA3C931A4FDB5A5EB9996670511F801C6E7F2","OddBallers_Plus\Oddballers_Data\StreamingAssets\aa\StandaloneWindows64\4bddc963e7848ca2bfb0e0edae40287d.bundle",6673,6673,5047,0
"DDFCA3C931A4FDB5A5EB9996670511F801C6E7F2","OddBallers_Plus\Oddballers_Data\StreamingAssets\aa\StandaloneWindows64\4cd79edb195ea2333cf1b988d0da7851.bundle",6548,6548,5215,0
"DDFCA3C931A4FDB5A5EB9996670511F801C6E7F2","OddBallers_Plus\Oddballers_Data\StreamingAssets\aa\StandaloneWindows64\4d6c52c8ee38c535ec0e6d3c2bd46768.bundle",3741,3741,3044,0
"DDFCA3C931A4FDB5A5EB9996670511F801C6E7F2","OddBallers_Plus\Oddballers_Data\StreamingAssets\aa\StandaloneWindows64\4ea96512f9e02e9ebad0cde8e3497e13.bundle",5125837,5125837,3560524,0
"DDFCA3C931A4FDB5A5EB9996670511F801C6E7F2","OddBallers_Plus\Oddballers_Data\StreamingAssets\aa\StandaloneWindows64\4f3c1c4971aaec37b7612628e6329eed.bundle",27166199,27166199,19998152,0
"DDFCA3C931A4FDB5A5EB9996670511F801C6E7F2","OddBallers_Plus\Oddballers_Data\StreamingAssets\aa\StandaloneWindows64\505578fff1f5bda733c2e9222fe9fa9f.bundle",13319,13319,7864,0
"DDFCA3C931A4FDB5A5EB9996670511F801C6E7F2","OddBallers_Plus\Oddballers_Data\StreamingAssets\aa\StandaloneWindows64\50e43658950056da03933683740985c7.bundle",2551,2551,2057,0
"DDFCA3C931A4FDB5A5EB9996670511F801C6E7F2","OddBallers_Plus\Oddballers_Data\StreamingAssets\aa\StandaloneWindows64\527e213caf650f59c2e496610ff74a7f.bundle",36039204,36039204,24928442,0
"DDFCA3C931A4FDB5A5EB9996670511F801C6E7F2","OddBallers_Plus\Oddballers_Data\StreamingAssets\aa\StandaloneWindows64\5776778a097f2aab21516d2a09d3fdf3.bundle",103770,103770,82217,0
"DDFCA3C931A4FDB5A5EB9996670511F801C6E7F2","OddBallers_Plus\Oddballers_Data\StreamingAssets\aa\StandaloneWindows64\597d145049d176bfa348d95b4b44528b.bundle",2446,2446,1981,0
"DDFCA3C931A4FDB5A5EB9996670511F801C6E7F2","OddBallers_Plus\Oddballers_Data\StreamingAssets\aa\StandaloneWindows64\59ceb20e1b00d3aa7b9c2a716560dddc.bundle",4407,4407,3399,0
"DDFCA3C931A4FDB5A5EB9996670511F801C6E7F2","OddBallers_Plus\Oddballers_Data\StreamingAssets\aa\StandaloneWindows64\5b607ac833313f1d9126a656f16131e7.bundle",2583937,2583937,2469081,0
"DDFCA3C931A4FDB5A5EB9996670511F801C6E7F2","OddBallers_Plus\Oddballers_Data\StreamingAssets\aa\StandaloneWindows64\5d5811df4dbb9d65c8bbfab62972ff86.bundle",5429,5429,4604,0
"DDFCA3C931A4FDB5A5EB9996670511F801C6E7F2","OddBallers_Plus\Oddballers_Data\StreamingAssets\aa\StandaloneWindows64\5dd1d93c2b2a7d59719a95df54f2e7c4.bundle",17367924,17367924,15371267,0
"DDFCA3C931A4FDB5A5EB9996670511F801C6E7F2","OddBallers_Plus\Oddballers_Data\StreamingAssets\aa\StandaloneWindows64\5e5d78c15be659aa8077d7e9397c32f5.bundle",204796,204796,202519,0
"DDFCA3C931A4FDB5A5EB9996670511F801C6E7F2","OddBallers_Plus\Oddballers_Data\StreamingAssets\aa\StandaloneWindows64\5fcc4ab36a332b96de802345db9bb227.bundle",152460,152460,149842,0
"DDFCA3C931A4FDB5A5EB9996670511F801C6E7F2","OddBallers_Plus\Oddballers_Data\StreamingAssets\aa\StandaloneWindows64\609c0913a7da25dd54d24d08334bdfcc.bundle",39903,39903,23126,0
"DDFCA3C931A4FDB5A5EB9996670511F801C6E7F2","OddBallers_Plus\Oddballers_Data\StreamingAssets\aa\StandaloneWindows64\61e3f6e8a1123d71926c528081abee88.bundle",295909,295909,237490,0
"DDFCA3C931A4FDB5A5EB9996670511F801C6E7F2","OddBallers_Plus\Oddballers_Data\StreamingAssets\aa\StandaloneWindows64\6314bbfbaef92d376bfe8e7972f0a697.bundle",19005,19005,12628,0
"DDFCA3C931A4FDB5A5EB9996670511F801C6E7F2","OddBallers_Plus\Oddballers_Data\StreamingAssets\aa\StandaloneWindows64\65144e7acafe772821b6f92586e31388.bundle",3139212,3139212,2597655,0
"DDFCA3C931A4FDB5A5EB9996670511F801C6E7F2","OddBallers_Plus\Oddballers_Data\StreamingAssets\aa\StandaloneWindows64\6577300aae557ca4ddb923cfbf50eb4f.bundle",510729,510729,421396,0
"DDFCA3C931A4FDB5A5EB9996670511F801C6E7F2","OddBallers_Plus\Oddballers_Data\StreamingAssets\aa\StandaloneWindows64\667d150a278d41831d2b1958574721dd.bundle",615443944,615443944,360834211,0
"DDFCA3C931A4FDB5A5EB9996670511F801C6E7F2","OddBallers_Plus\Oddballers_Data\StreamingAssets\aa\StandaloneWindows64\671a1e51d772bb57f1ed9eb58335f0a4.bundle",9174918,9174918,6581461,0
"DDFCA3C931A4FDB5A5EB9996670511F801C6E7F2","OddBallers_Plus\Oddballers_Data\StreamingAssets\aa\StandaloneWindows64\68e0e62c17e771a1346324b57d3712ec.bundle",12699,12699,10276,0
"DDFCA3C931A4FDB5A5EB9996670511F801C6E7F2","OddBallers_Plus\Oddballers_Data\StreamingAssets\aa\StandaloneWindows64\68e64b69ec95810992a34ddb4c811956.bundle",32315,32315,27510,0
"DDFCA3C931A4FDB5A5EB9996670511F801C6E7F2","OddBallers_Plus\Oddballers_Data\StreamingAssets\aa\StandaloneWindows64\692b5f0eaf9be25219ec06482b8326f7.bundle",6558,6558,5269,0
"DDFCA3C931A4FDB5A5EB9996670511F801C6E7F2","OddBallers_Plus\Oddballers_Data\StreamingAssets\aa\StandaloneWindows64\69d94c7bdc7f09ac8e25e8d30553d95e.bundle",62338354,62338354,61151894,0
"DDFCA3C931A4FDB5A5EB9996670511F801C6E7F2","OddBallers_Plus\Oddballers_Data\StreamingAssets\aa\StandaloneWindows64\69d99c2b6ef450b729b03ccaf15f1372.bundle",44394739,44394739,29180501,0
"DDFCA3C931A4FDB5A5EB9996670511F801C6E7F2","OddBallers_Plus\Oddballers_Data\StreamingAssets\aa\StandaloneWindows64\6ff8b8e6ee56a3b11f373cee14633c36.bundle",57068455,57068455,46245324,0
"DDFCA3C931A4FDB5A5EB9996670511F801C6E7F2","OddBallers_Plus\Oddballers_Data\StreamingAssets\aa\StandaloneWindows64\7032156291fb409ce6985a2d68e28498.bundle",5379798,5379798,5309773,0
"DDFCA3C931A4FDB5A5EB9996670511F801C6E7F2","OddBallers_Plus\Oddballers_Data\StreamingAssets\aa\StandaloneWindows64\703a908f17f788b688e7c752717414c2.bundle",5231862,5231862,4971798,0
"DDFCA3C931A4FDB5A5EB9996670511F801C6E7F2","OddBallers_Plus\Oddballers_Data\StreamingAssets\aa\StandaloneWindows64\70715ba79936093bab036000991e1031.bundle",61363030,61363030,59822836,0
"DDFCA3C931A4FDB5A5EB9996670511F801C6E7F2","OddBallers_Plus\Oddballers_Data\StreamingAssets\aa\StandaloneWindows64\717e8f4b3409623eb890986ca71a29a7.bundle",51717,51717,48511,0
"DDFCA3C931A4FDB5A5EB9996670511F801C6E7F2","OddBallers_Plus\Oddballers_Data\StreamingAssets\aa\StandaloneWindows64\725ac897f9f4055d72106ba2ab4051af.bundle",42695,42695,35751,0
"DDFCA3C931A4FDB5A5EB9996670511F801C6E7F2","OddBallers_Plus\Oddballers_Data\StreamingAssets\aa\StandaloneWindows64\72a0621be0d806f64273531977711d27.bundle",59198,59198,48008,0
"DDFCA3C931A4FDB5A5EB9996670511F801C6E7F2","OddBallers_Plus\Oddballers_Data\StreamingAssets\aa\StandaloneWindows64\735abf2ad9df3848c396bf906c8d2a7b.bundle",2434,2434,1953,0
"DDFCA3C931A4FDB5A5EB9996670511F801C6E7F2","OddBallers_Plus\Oddballers_Data\StreamingAssets\aa\StandaloneWindows64\73df3da6a6d018e2d388eb5f3c335b24.bundle",34584,34584,26290,0
"DDFCA3C931A4FDB5A5EB9996670511F801C6E7F2","OddBallers_Plus\Oddballers_Data\StreamingAssets\aa\StandaloneWindows64\73f88de7b8026442e2af4e2f26160803.bundle",88870,88870,75156,0
"DDFCA3C931A4FDB5A5EB9996670511F801C6E7F2","OddBallers_Plus\Oddballers_Data\StreamingAssets\aa\StandaloneWindows64\75ff7ac8ec02dd1cddb9e86d4af21159.bundle",944743,944743,517018,0
"DDFCA3C931A4FDB5A5EB9996670511F801C6E7F2","OddBallers_Plus\Oddballers_Data\StreamingAssets\aa\StandaloneWindows64\764d51075347a0444c37cced965a870c.bundle",3692263,3692263,2706781,0
"DDFCA3C931A4FDB5A5EB9996670511F801C6E7F2","OddBallers_Plus\Oddballers_Data\StreamingAssets\aa\StandaloneWindows64\76fd897c249879f127343a85fe1b5d16.bundle",44284,44284,35613,0
"DDFCA3C931A4FDB5A5EB9996670511F801C6E7F2","OddBallers_Plus\Oddballers_Data\StreamingAssets\aa\StandaloneWindows64\777796efba753b19ee5e85cb062679fd.bundle",396470,396470,385879,0
"DDFCA3C931A4FDB5A5EB9996670511F801C6E7F2","OddBallers_Plus\Oddballers_Data\StreamingAssets\aa\StandaloneWindows64\77ba983766ad158dcf706778e4257e54.bundle",19396,19396,16430,0
"DDFCA3C931A4FDB5A5EB9996670511F801C6E7F2","OddBallers_Plus\Oddballers_Data\StreamingAssets\aa\StandaloneWindows64\7ac91a5b6e00181c8437f4dd4e0793d8.bundle",103536,103536,87154,0
"DDFCA3C931A4FDB5A5EB9996670511F801C6E7F2","OddBallers_Plus\Oddballers_Data\StreamingAssets\aa\StandaloneWindows64\7c749ce59996e23859b93857c3b3b8ef.bundle",148905,148905,115414,0
"DDFCA3C931A4FDB5A5EB9996670511F801C6E7F2","OddBallers_Plus\Oddballers_Data\StreamingAssets\aa\StandaloneWindows64\7cc01b34b55227748a84da8d3fc2dc09.bundle",29247,29247,18615,0
"DDFCA3C931A4FDB5A5EB9996670511F801C6E7F2","OddBallers_Plus\Oddballers_Data\StreamingAssets\aa\StandaloneWindows64\7d1f42776bbc25a9f5b009c1619456e0.bundle",1400684,1400684,1038029,0
"DDFCA3C931A4FDB5A5EB9996670511F801C6E7F2","OddBallers_Plus\Oddballers_Data\StreamingAssets\aa\StandaloneWindows64\7ebac646025a4153ee67003f55fa2e99.bundle",11748979,11748979,11405853,0
"DDFCA3C931A4FDB5A5EB9996670511F801C6E7F2","OddBallers_Plus\Oddballers_Data\StreamingAssets\aa\StandaloneWindows64\8173ade1de62e897a6b674c98abd6810.bundle",77261,77261,55673,0
"DDFCA3C931A4FDB5A5EB9996670511F801C6E7F2","OddBallers_Plus\Oddballers_Data\StreamingAssets\aa\StandaloneWindows64\8177bb045476e0179e79dd82c7c94c0b.bundle",166315,166315,105732,0
"DDFCA3C931A4FDB5A5EB9996670511F801C6E7F2","OddBallers_Plus\Oddballers_Data\StreamingAssets\aa\StandaloneWindows64\81a4cbea3683fc9f3394a05186ee99ab.bundle",529403,529403,367535,0
"DDFCA3C931A4FDB5A5EB9996670511F801C6E7F2","OddBallers_Plus\Oddballers_Data\StreamingAssets\aa\StandaloneWindows64\826252b2a0f87dfc6ca8a7ce65516069.bundle",263601,263601,219723,0
"DDFCA3C931A4FDB5A5EB9996670511F801C6E7F2","OddBallers_Plus\Oddballers_Data\StreamingAssets\aa\StandaloneWindows64\837b71948327770eb8d60480210d5475.bundle",8284,8284,5727,0
"DDFCA3C931A4FDB5A5EB9996670511F801C6E7F2","OddBallers_Plus\Oddballers_Data\StreamingAssets\aa\StandaloneWindows64\840117c466649461e5bb0fbbd9f10bf0.bundle",2667,2667,2114,0
"DDFCA3C931A4FDB5A5EB9996670511F801C6E7F2","OddBallers_Plus\Oddballers_Data\StreamingAssets\aa\StandaloneWindows64\84f27a1e2bdfd2a9befa2a744d8d9d7d.bundle",804194,804194,588712,0
"DDFCA3C931A4FDB5A5EB9996670511F801C6E7F2","OddBallers_Plus\Oddballers_Data\StreamingAssets\aa\StandaloneWindows64\85b3adb577486f5b01bfefc691552a7b.bundle",67789,67789,63545,0
"DDFCA3C931A4FDB5A5EB9996670511F801C6E7F2","OddBallers_Plus\Oddballers_Data\StreamingAssets\aa\StandaloneWindows64\879ad44fea30f8e2db24a7bb7c4efa23.bundle",51911,51911,41845,0
"DDFCA3C931A4FDB5A5EB9996670511F801C6E7F2","OddBallers_Plus\Oddballers_Data\StreamingAssets\aa\StandaloneWindows64\893fa9957f5842d6a1e363e047438441.bundle",10343799,10343799,7395086,0
"DDFCA3C931A4FDB5A5EB9996670511F801C6E7F2","OddBallers_Plus\Oddballers_Data\StreamingAssets\aa\StandaloneWindows64\89e96b0ec15ea7cb2c2b6fdfe3fede6e.bundle",127094,127094,96739,0
"DDFCA3C931A4FDB5A5EB9996670511F801C6E7F2","OddBallers_Plus\Oddballers_Data\StreamingAssets\aa\StandaloneWindows64\8b74d38f0bb56c2638bc61a6dee3c354.bundle",3214340,3214340,2356933,0
"DDFCA3C931A4FDB5A5EB9996670511F801C6E7F2","OddBallers_Plus\Oddballers_Data\StreamingAssets\aa\StandaloneWindows64\8d3ae7883d94803edb9402c6b1ea8f16.bundle",38747,38747,31996,0
"DDFCA3C931A4FDB5A5EB9996670511F801C6E7F2","OddBallers_Plus\Oddballers_Data\StreamingAssets\aa\StandaloneWindows64\8d613829e659df2a24ef86c729491ed2.bundle",3293,3293,2699,0
"DDFCA3C931A4FDB5A5EB9996670511F801C6E7F2","OddBallers_Plus\Oddballers_Data\StreamingAssets\aa\StandaloneWindows64\8d657c0b1446cf5e1eda3a5a3e68e393.bundle",7012,7012,4900,0
"DDFCA3C931A4FDB5A5EB9996670511F801C6E7F2","OddBallers_Plus\Oddballers_Data\StreamingAssets\aa\StandaloneWindows64\8d825102bc282e008c0b11bb818728a5.bundle",6966,6966,5423,0
"DDFCA3C931A4FDB5A5EB9996670511F801C6E7F2","OddBallers_Plus\Oddballers_Data\StreamingAssets\aa\StandaloneWindows64\8eebfe6fad116e4011f65a0405363ce8.bundle",89082,89082,75627,0
"DDFCA3C931A4FDB5A5EB9996670511F801C6E7F2","OddBallers_Plus\Oddballers_Data\StreamingAssets\aa\StandaloneWindows64\8fbb7953a7c6985fc27545b26c161c43.bundle",1808,1808,1458,0
"DDFCA3C931A4FDB5A5EB9996670511F801C6E7F2","OddBallers_Plus\Oddballers_Data\StreamingAssets\aa\StandaloneWindows64\906f48393ec111aa5c7291491fe441a8.bundle",78959005,78959005,54802883,0
"DDFCA3C931A4FDB5A5EB9996670511F801C6E7F2","OddBallers_Plus\Oddballers_Data\StreamingAssets\aa\StandaloneWindows64\9279afd486eaa81175e0c36a9e494b4e.bundle",2953,2953,2433,0
"DDFCA3C931A4FDB5A5EB9996670511F801C6E7F2","OddBallers_Plus\Oddballers_Data\StreamingAssets\aa\StandaloneWindows64\94cecf4b7bc9bc2051d1c92ab4420082.bundle",15135203,15135203,13490401,0
"DDFCA3C931A4FDB5A5EB9996670511F801C6E7F2","OddBallers_Plus\Oddballers_Data\StreamingAssets\aa\StandaloneWindows64\956df31902246e337a01b8d73de27448.bundle",13681,13681,12009,0
"DDFCA3C931A4FDB5A5EB9996670511F801C6E7F2","OddBallers_Plus\Oddballers_Data\StreamingAssets\aa\StandaloneWindows64\95dc07fd27b8384a5418c5175e3b159a.bundle",4736318,4736318,3702697,0
"DDFCA3C931A4FDB5A5EB9996670511F801C6E7F2","OddBallers_Plus\Oddballers_Data\StreamingAssets\aa\StandaloneWindows64\96262e82346833cf9bb23ef6709e7b3c.bundle",72941,72941,57837,0
"DDFCA3C931A4FDB5A5EB9996670511F801C6E7F2","OddBallers_Plus\Oddballers_Data\StreamingAssets\aa\StandaloneWindows64\976d858221ad4967f51eb3c07632ebc0.bundle",113687,113687,81777,0
"DDFCA3C931A4FDB5A5EB9996670511F801C6E7F2","OddBallers_Plus\Oddballers_Data\StreamingAssets\aa\StandaloneWindows64\99229c277f049920aabb4271296fa46c.bundle",2415,2415,1967,0
"DDFCA3C931A4FDB5A5EB9996670511F801C6E7F2","OddBallers_Plus\Oddballers_Data\StreamingAssets\aa\StandaloneWindows64\9d3d3a43c221b037b456f9d79b84c728.bundle",428002,428002,292359,0
"DDFCA3C931A4FDB5A5EB9996670511F801C6E7F2","OddBallers_Plus\Oddballers_Data\StreamingAssets\aa\StandaloneWindows64\9ed014a790b2e03c4d31c74a1ca48f0a.bundle",18767,18767,14272,0
"DDFCA3C931A4FDB5A5EB9996670511F801C6E7F2","OddBallers_Plus\Oddballers_Data\StreamingAssets\aa\StandaloneWindows64\a179949f5025b19b4ea807c0f1b9cedf.bundle",18059,18059,14452,0
"DDFCA3C931A4FDB5A5EB9996670511F801C6E7F2","OddBallers_Plus\Oddballers_Data\StreamingAssets\aa\StandaloneWindows64\a219e05c74d68a3d48ae153c2e44e1d6.bundle",39690,39690,32949,0
"DDFCA3C931A4FDB5A5EB9996670511F801C6E7F2","OddBallers_Plus\Oddballers_Data\StreamingAssets\aa\StandaloneWindows64\a41f58915092c1ed6464749fd009a1cb.bundle",4239,4239,3560,0
"DDFCA3C931A4FDB5A5EB9996670511F801C6E7F2","OddBallers_Plus\Oddballers_Data\StreamingAssets\aa\StandaloneWindows64\a42bc482522cc5e7a9e9c287177950ee.bundle",1865985,1865985,1813594,0
"DDFCA3C931A4FDB5A5EB9996670511F801C6E7F2","OddBallers_Plus\Oddballers_Data\StreamingAssets\aa\StandaloneWindows64\a449722b1c3e28d98564b69ec6c26a04.bundle",9560,9560,7141,0
"DDFCA3C931A4FDB5A5EB9996670511F801C6E7F2","OddBallers_Plus\Oddballers_Data\StreamingAssets\aa\StandaloneWindows64\a609ac6bc41fe3ec957eec55b1048de7.bundle",91536,91536,70792,0
"DDFCA3C931A4FDB5A5EB9996670511F801C6E7F2","OddBallers_Plus\Oddballers_Data\StreamingAssets\aa\StandaloneWindows64\a7d10f18ee0d05695d65a9e35d7e5e25.bundle",80130,80130,75750,0
"DDFCA3C931A4FDB5A5EB9996670511F801C6E7F2","OddBallers_Plus\Oddballers_Data\StreamingAssets\aa\StandaloneWindows64\a815ab0f61250104cee57ff5b9e891c5.bundle",8986938,8986938,6136227,0
"DDFCA3C931A4FDB5A5EB9996670511F801C6E7F2","OddBallers_Plus\Oddballers_Data\StreamingAssets\aa\StandaloneWindows64\a81f6a623f12a7489a0b4d1a9e02e531.bundle",271642,271642,261676,0
"DDFCA3C931A4FDB5A5EB9996670511F801C6E7F2","OddBallers_Plus\Oddballers_Data\StreamingAssets\aa\StandaloneWindows64\a8988f9d52784d2834f02824dc0c034d.bundle",962652,962652,718342,0
"DDFCA3C931A4FDB5A5EB9996670511F801C6E7F2","OddBallers_Plus\Oddballers_Data\StreamingAssets\aa\StandaloneWindows64\ac209049cfe417e6a04c1d9f51cdfba2.bundle",5985,5985,4639,0
"DDFCA3C931A4FDB5A5EB9996670511F801C6E7F2","OddBallers_Plus\Oddballers_Data\StreamingAssets\aa\StandaloneWindows64\ac7112d5ab461ebefdd4f4dbd93ef75d.bundle",667530,667530,459110,0
"DDFCA3C931A4FDB5A5EB9996670511F801C6E7F2","OddBallers_Plus\Oddballers_Data\StreamingAssets\aa\StandaloneWindows64\ad2788d02af24d2374dee7127f61aae7.bundle",7214,7214,6087,0
"DDFCA3C931A4FDB5A5EB9996670511F801C6E7F2","OddBallers_Plus\Oddballers_Data\StreamingAssets\aa\StandaloneWindows64\ad3a91598e03748644606fb76e3ba233.bundle",271072,271072,181450,0
"DDFCA3C931A4FDB5A5EB9996670511F801C6E7F2","OddBallers_Plus\Oddballers_Data\StreamingAssets\aa\StandaloneWindows64\afde6d6c0029860a89f19553ef56b414.bundle",1648104,1648104,1609409,0
"DDFCA3C931A4FDB5A5EB9996670511F801C6E7F2","OddBallers_Plus\Oddballers_Data\StreamingAssets\aa\StandaloneWindows64\afed2b0ee9f8430dd384e0572a65aa62.bundle",69320,69320,65197,0
"DDFCA3C931A4FDB5A5EB9996670511F801C6E7F2","OddBallers_Plus\Oddballers_Data\StreamingAssets\aa\StandaloneWindows64\b0590be3d8e7b6129f5a04e9047c9a26.bundle",86369,86369,72231,0
"DDFCA3C931A4FDB5A5EB9996670511F801C6E7F2","OddBallers_Plus\Oddballers_Data\StreamingAssets\aa\StandaloneWindows64\b215d382659c5b7e4de98842245e6e0f.bundle",1936561,1936561,1392712,0
"DDFCA3C931A4FDB5A5EB9996670511F801C6E7F2","OddBallers_Plus\Oddballers_Data\StreamingAssets\aa\StandaloneWindows64\b23d6cc4c352302254f9d1d9e3d03a30.bundle",109552,109552,88280,0
"DDFCA3C931A4FDB5A5EB9996670511F801C6E7F2","OddBallers_Plus\Oddballers_Data\StreamingAssets\aa\StandaloneWindows64\b4adc22c176668a1113f0fc72bf1182a.bundle",2494,2494,2051,0
"DDFCA3C931A4FDB5A5EB9996670511F801C6E7F2","OddBallers_Plus\Oddballers_Data\StreamingAssets\aa\StandaloneWindows64\b514cfd3ade135da58d50b502c448ba4.bundle",34471,34471,29225,0
"DDFCA3C931A4FDB5A5EB9996670511F801C6E7F2","OddBallers_Plus\Oddballers_Data\StreamingAssets\aa\StandaloneWindows64\b54cdcc49ed2a72cac253ffe169ad8ac.bundle",19028,19028,12641,0
"DDFCA3C931A4FDB5A5EB9996670511F801C6E7F2","OddBallers_Plus\Oddballers_Data\StreamingAssets\aa\StandaloneWindows64\b6383f46c72bb733e426b4b50002adb9.bundle",41436956,41436956,41387289,0
"DDFCA3C931A4FDB5A5EB9996670511F801C6E7F2","OddBallers_Plus\Oddballers_Data\StreamingAssets\aa\StandaloneWindows64\b73ed245163151d82479b2bf4e444da6.bundle",397469,397469,212927,0
"DDFCA3C931A4FDB5A5EB9996670511F801C6E7F2","OddBallers_Plus\Oddballers_Data\StreamingAssets\aa\StandaloneWindows64\b84088352ff1ee56d2e04913a3dd4e64.bundle",227987,227987,176814,0
"DDFCA3C931A4FDB5A5EB9996670511F801C6E7F2","OddBallers_Plus\Oddballers_Data\StreamingAssets\aa\StandaloneWindows64\b947443abd57d0fda2eb08c47fce243b.bundle",34801,34801,21170,0
"DDFCA3C931A4FDB5A5EB9996670511F801C6E7F2","OddBallers_Plus\Oddballers_Data\StreamingAssets\aa\StandaloneWindows64\ba630db8778e61c4c5f296cfbdca1ce2.bundle",162449,162449,137973,0
"DDFCA3C931A4FDB5A5EB9996670511F801C6E7F2","OddBallers_Plus\Oddballers_Data\StreamingAssets\aa\StandaloneWindows64\bb495f2157a86bab68a28d36f1670878.bundle",26414,26414,18828,0
"DDFCA3C931A4FDB5A5EB9996670511F801C6E7F2","OddBallers_Plus\Oddballers_Data\StreamingAssets\aa\StandaloneWindows64\bb95219ffc6babfebc79ea2f9219c6d0.bundle",2644,2644,2153,0
"DDFCA3C931A4FDB5A5EB9996670511F801C6E7F2","OddBallers_Plus\Oddballers_Data\StreamingAssets\aa\StandaloneWindows64\bca83109d12e63f410dfe1ffe677ccca.bundle",26394,26394,18768,0
"DDFCA3C931A4FDB5A5EB9996670511F801C6E7F2","OddBallers_Plus\Oddballers_Data\StreamingAssets\aa\StandaloneWindows64\bcbf8239fe9cae0dbb355e0c080e0e24.bundle",65619,65619,53643,0
"DDFCA3C931A4FDB5A5EB9996670511F801C6E7F2","OddBallers_Plus\Oddballers_Data\StreamingAssets\aa\StandaloneWindows64\bd1cde43049696a9d027e7ecf0f2c652.bundle",49661712,49661712,40852130,0
"DDFCA3C931A4FDB5A5EB9996670511F801C6E7F2","OddBallers_Plus\Oddballers_Data\StreamingAssets\aa\StandaloneWindows64\be6c53dc332049d59e33176f558551a0.bundle",2023,2023,1602,0
"DDFCA3C931A4FDB5A5EB9996670511F801C6E7F2","OddBallers_Plus\Oddballers_Data\StreamingAssets\aa\StandaloneWindows64\c298142f962208877aa22882bcaf7ef1.bundle",343988,343988,262029,0
"DDFCA3C931A4FDB5A5EB9996670511F801C6E7F2","OddBallers_Plus\Oddballers_Data\StreamingAssets\aa\StandaloneWindows64\c2a72b4a4dff4ee806b5122d780d218e.bundle",33511,33511,28483,0
"DDFCA3C931A4FDB5A5EB9996670511F801C6E7F2","OddBallers_Plus\Oddballers_Data\StreamingAssets\aa\StandaloneWindows64\c34545f20b683c8c0a4620daac065340.bundle",82838,82838,78283,0
"DDFCA3C931A4FDB5A5EB9996670511F801C6E7F2","OddBallers_Plus\Oddballers_Data\StreamingAssets\aa\StandaloneWindows64\c35309056e1d4b7d20f811b34d432c77.bundle",213606,213606,151983,0
"DDFCA3C931A4FDB5A5EB9996670511F801C6E7F2","OddBallers_Plus\Oddballers_Data\StreamingAssets\aa\StandaloneWindows64\c40a7b5ad19039299fe750a4d62f00ae.bundle",59919935,59919935,42103664,0
"DDFCA3C931A4FDB5A5EB9996670511F801C6E7F2","OddBallers_Plus\Oddballers_Data\StreamingAssets\aa\StandaloneWindows64\c50ae6194aa9ac4de377b758c4626e35.bundle",41528692,41528692,41484738,0
"DDFCA3C931A4FDB5A5EB9996670511F801C6E7F2","OddBallers_Plus\Oddballers_Data\StreamingAssets\aa\StandaloneWindows64\c6988814462692422b796e2d90894b83.bundle",316814,316814,254845,0
"DDFCA3C931A4FDB5A5EB9996670511F801C6E7F2","OddBallers_Plus\Oddballers_Data\StreamingAssets\aa\StandaloneWindows64\cafc3004ab38aa08ca07f78cffde50eb.bundle",334403,334403,317775,0
"DDFCA3C931A4FDB5A5EB9996670511F801C6E7F2","OddBallers_Plus\Oddballers_Data\StreamingAssets\aa\StandaloneWindows64\cd48baed5bcacb961b92ce3b9942dbb4.bundle",67409,67409,55723,0
"DDFCA3C931A4FDB5A5EB9996670511F801C6E7F2","OddBallers_Plus\Oddballers_Data\StreamingAssets\aa\StandaloneWindows64\cea88f4e286ad095d9b2c70b9cad5f89.bundle",2242,2242,1752,0
"DDFCA3C931A4FDB5A5EB9996670511F801C6E7F2","OddBallers_Plus\Oddballers_Data\StreamingAssets\aa\StandaloneWindows64\ceecc514bcc3515e79fc43b860f65cbb.bundle",13624718,13624718,11185147,0
"DDFCA3C931A4FDB5A5EB9996670511F801C6E7F2","OddBallers_Plus\Oddballers_Data\StreamingAssets\aa\StandaloneWindows64\cf5e5f40827671d2916af3a3cb37edab.bundle",42387,42387,35517,0
"DDFCA3C931A4FDB5A5EB9996670511F801C6E7F2","OddBallers_Plus\Oddballers_Data\StreamingAssets\aa\StandaloneWindows64\d00aa368d4fdb5ceced623cdd3c921b4.bundle",2498426,2498426,1807365,0
"DDFCA3C931A4FDB5A5EB9996670511F801C6E7F2","OddBallers_Plus\Oddballers_Data\StreamingAssets\aa\StandaloneWindows64\d2db2b45dc7c6c675c98512ddc29be35.bundle",57792,57792,47430,0
"DDFCA3C931A4FDB5A5EB9996670511F801C6E7F2","OddBallers_Plus\Oddballers_Data\StreamingAssets\aa\StandaloneWindows64\d3ce5c99405bdbbfd1caafcc152cf0ca.bundle",450680,450680,433787,0
"DDFCA3C931A4FDB5A5EB9996670511F801C6E7F2","OddBallers_Plus\Oddballers_Data\StreamingAssets\aa\StandaloneWindows64\d6fa357c0f10b466269fbccc81e9bdc6.bundle",26401,26401,18773,0
"DDFCA3C931A4FDB5A5EB9996670511F801C6E7F2","OddBallers_Plus\Oddballers_Data\StreamingAssets\aa\StandaloneWindows64\d7a8ca9cda7a441c9177eb2f45a05da9.bundle",78739,78739,59754,0
"DDFCA3C931A4FDB5A5EB9996670511F801C6E7F2","OddBallers_Plus\Oddballers_Data\StreamingAssets\aa\StandaloneWindows64\d932016f9a037943e467ebdcf9530723.bundle",36519,36519,30085,0
"DDFCA3C931A4FDB5A5EB9996670511F801C6E7F2","OddBallers_Plus\Oddballers_Data\StreamingAssets\aa\StandaloneWindows64\dab879c68a1fd550653ef313014eb5ed.bundle",1905974,1905974,1057662,0
"DDFCA3C931A4FDB5A5EB9996670511F801C6E7F2","OddBallers_Plus\Oddballers_Data\StreamingAssets\aa\StandaloneWindows64\dc689362b6bcb2042b21571079823c39.bundle",6507578,6507578,6472313,0
"DDFCA3C931A4FDB5A5EB9996670511F801C6E7F2","OddBallers_Plus\Oddballers_Data\StreamingAssets\aa\StandaloneWindows64\dd6fd79ca868b22982f226181ff8edca.bundle",23178,23178,17684,0
"DDFCA3C931A4FDB5A5EB9996670511F801C6E7F2","OddBallers_Plus\Oddballers_Data\StreamingAssets\aa\StandaloneWindows64\df1177cc0ec4947a93412b3d9d6464d1.bundle",3256351,3256351,2553608,0
"DDFCA3C931A4FDB5A5EB9996670511F801C6E7F2","OddBallers_Plus\Oddballers_Data\StreamingAssets\aa\StandaloneWindows64\df14a1e3be4bc8a490e410261f62e6b9.bundle",298894,298894,237148,0
"DDFCA3C931A4FDB5A5EB9996670511F801C6E7F2","OddBallers_Plus\Oddballers_Data\StreamingAssets\aa\StandaloneWindows64\dffa286cd0c15b58f72e72ce6ae3eb11.bundle",13726285,13726285,8159972,0
"DDFCA3C931A4FDB5A5EB9996670511F801C6E7F2","OddBallers_Plus\Oddballers_Data\StreamingAssets\aa\StandaloneWindows64\e1174817c3a654120fd9e5f322e5edb1.bundle",361783,361783,344798,0
"DDFCA3C931A4FDB5A5EB9996670511F801C6E7F2","OddBallers_Plus\Oddballers_Data\StreamingAssets\aa\StandaloneWindows64\e22855ff5a9b0aab0910c17eca23a030.bundle",96862,96862,76681,0
"DDFCA3C931A4FDB5A5EB9996670511F801C6E7F2","OddBallers_Plus\Oddballers_Data\StreamingAssets\aa\StandaloneWindows64\e4b991c86ef2201e1ee0c709785db154.bundle",346767,346767,314322,0
"DDFCA3C931A4FDB5A5EB9996670511F801C6E7F2","OddBallers_Plus\Oddballers_Data\StreamingAssets\aa\StandaloneWindows64\e65b6119f7c7e7a81f9f4c6889f093f2.bundle",3461974,3461974,3049387,0
"DDFCA3C931A4FDB5A5EB9996670511F801C6E7F2","OddBallers_Plus\Oddballers_Data\StreamingAssets\aa\StandaloneWindows64\e7cb4c3b9d93af66994a07fd3d9991d6.bundle",108317,108317,95397,0
"DDFCA3C931A4FDB5A5EB9996670511F801C6E7F2","OddBallers_Plus\Oddballers_Data\StreamingAssets\aa\StandaloneWindows64\e8f654ad2b87abf5dca2e6a060718e85.bundle",718372,718372,511582,0
"DDFCA3C931A4FDB5A5EB9996670511F801C6E7F2","OddBallers_Plus\Oddballers_Data\StreamingAssets\aa\StandaloneWindows64\e91b5d75698ce7d1921196b426e5d880.bundle",258162,258162,215833,0
"DDFCA3C931A4FDB5A5EB9996670511F801C6E7F2","OddBallers_Plus\Oddballers_Data\StreamingAssets\aa\StandaloneWindows64\e984854782097250d13ce48761eae009.bundle",324459,324459,307577,0
"DDFCA3C931A4FDB5A5EB9996670511F801C6E7F2","OddBallers_Plus\Oddballers_Data\StreamingAssets\aa\StandaloneWindows64\ea65e07e185be5e312e1328550d7510f.bundle",35974,35974,29795,0
"DDFCA3C931A4FDB5A5EB9996670511F801C6E7F2","OddBallers_Plus\Oddballers_Data\StreamingAssets\aa\StandaloneWindows64\ea7da4f26ba3b3e1505ca1546f0f080a.bundle",8717,8717,7620,0
"DDFCA3C931A4FDB5A5EB9996670511F801C6E7F2","OddBallers_Plus\Oddballers_Data\StreamingAssets\aa\StandaloneWindows64\ebe6a08ec888920f55e361dc30de2231.bundle",35572,35572,29288,0
"DDFCA3C931A4FDB5A5EB9996670511F801C6E7F2","OddBallers_Plus\Oddballers_Data\StreamingAssets\aa\StandaloneWindows64\ec48f9727df5758d2b678b61e4f3868f.bundle",94190,94190,89174,0
"DDFCA3C931A4FDB5A5EB9996670511F801C6E7F2","OddBallers_Plus\Oddballers_Data\StreamingAssets\aa\StandaloneWindows64\ecd8dcda1c2bfd787164bedd3d4c4e99.bundle",4529,4529,3742,0
"DDFCA3C931A4FDB5A5EB9996670511F801C6E7F2","OddBallers_Plus\Oddballers_Data\StreamingAssets\aa\StandaloneWindows64\ee19b82a391c90bef061242f7d1958d3.bundle",5010,5010,4162,0
"DDFCA3C931A4FDB5A5EB9996670511F801C6E7F2","OddBallers_Plus\Oddballers_Data\StreamingAssets\aa\StandaloneWindows64\efd27dfda69a25af45467e83f969280a.bundle",7387090,7387090,6261723,0
"DDFCA3C931A4FDB5A5EB9996670511F801C6E7F2","OddBallers_Plus\Oddballers_Data\StreamingAssets\aa\StandaloneWindows64\f007b8e2f832f31aae378193ee0dffc7.bundle",9694,9694,8418,0
"DDFCA3C931A4FDB5A5EB9996670511F801C6E7F2","OddBallers_Plus\Oddballers_Data\StreamingAssets\aa\StandaloneWindows64\f048acc6e2c583054ad2351316717a98.bundle",14871,14871,11590,0
"DDFCA3C931A4FDB5A5EB9996670511F801C6E7F2","OddBallers_Plus\Oddballers_Data\StreamingAssets\aa\StandaloneWindows64\f0ba6a8e89b4a339b2c797bcd883ad11.bundle",6089,6089,5233,0
"DDFCA3C931A4FDB5A5EB9996670511F801C6E7F2","OddBallers_Plus\Oddballers_Data\StreamingAssets\aa\StandaloneWindows64\f0cc70b111410ddcb0d116183c9dadcd.bundle",13563,13563,10777,0
"DDFCA3C931A4FDB5A5EB9996670511F801C6E7F2","OddBallers_Plus\Oddballers_Data\StreamingAssets\aa\StandaloneWindows64\f33784fde660dce593638001084d5888.bundle",7464,7464,6492,0
"DDFCA3C931A4FDB5A5EB9996670511F801C6E7F2","OddBallers_Plus\Oddballers_Data\StreamingAssets\aa\StandaloneWindows64\f3d1238ffcd044857f9636aaf3da554f.bundle",149254,149254,115029,0
"DDFCA3C931A4FDB5A5EB9996670511F801C6E7F2","OddBallers_Plus\Oddballers_Data\StreamingAssets\aa\StandaloneWindows64\f4037a1063d3666a37e7c680a5ec8b96.bundle",41439997,41439997,41390351,0
"DDFCA3C931A4FDB5A5EB9996670511F801C6E7F2","OddBallers_Plus\Oddballers_Data\StreamingAssets\aa\StandaloneWindows64\f56393f8fe2917870223210bbb7a85fc.bundle",62328,62328,43890,0
"DDFCA3C931A4FDB5A5EB9996670511F801C6E7F2","OddBallers_Plus\Oddballers_Data\StreamingAssets\aa\StandaloneWindows64\f5ec20a755e4983c19ecc7e52c03ef7d.bundle",48752,48752,38801,0
"DDFCA3C931A4FDB5A5EB9996670511F801C6E7F2","OddBallers_Plus\Oddballers_Data\StreamingAssets\aa\StandaloneWindows64\f65f4d8f5da3b2d11c04a94e650be983.bundle",39335,39335,24672,0
"DDFCA3C931A4FDB5A5EB9996670511F801C6E7F2","OddBallers_Plus\Oddballers_Data\StreamingAssets\aa\StandaloneWindows64\f7ea59121b03225c9aa25f58aaffe8ad.bundle",17426251,17426251,10400344,0
"DDFCA3C931A4FDB5A5EB9996670511F801C6E7F2","OddBallers_Plus\Oddballers_Data\StreamingAssets\aa\StandaloneWindows64\f83a0f1afbcefa56eac1f73ebc229e3b.bundle",4565,4565,3655,0
"DDFCA3C931A4FDB5A5EB9996670511F801C6E7F2","OddBallers_Plus\Oddballers_Data\StreamingAssets\aa\StandaloneWindows64\f8e00309d3fb33fe9757688797cb5749.bundle",3862,3862,3210,0
"DDFCA3C931A4FDB5A5EB9996670511F801C6E7F2","OddBallers_Plus\Oddballers_Data\StreamingAssets\aa\StandaloneWindows64\f91ffc5a466e4a936e17e8580556736c.bundle",4868,4868,4092,0
"DDFCA3C931A4FDB5A5EB9996670511F801C6E7F2","OddBallers_Plus\Oddballers_Data\StreamingAssets\aa\StandaloneWindows64\f9a381599890a52de08072d62b7ae691.bundle",3814043,3814043,2887059,0
"DDFCA3C931A4FDB5A5EB9996670511F801C6E7F2","OddBallers_Plus\Oddballers_Data\StreamingAssets\aa\StandaloneWindows64\fb58dd7c2d52deef23d0440bb5558be1.bundle",218308,218308,169061,0
"DDFCA3C931A4FDB5A5EB9996670511F801C6E7F2","OddBallers_Plus\Oddballers_Data\StreamingAssets\aa\StandaloneWindows64\fc2e65fd0e8868e326ca78a8ae4554b7.bundle",26393,26393,18765,0
"DDFCA3C931A4FDB5A5EB9996670511F801C6E7F2","OddBallers_Plus\Oddballers_Data\StreamingAssets\aa\StandaloneWindows64\fca774f4f2d2b57a883c7dfb247a357b.bundle",8963,8963,7623,0
"DDFCA3C931A4FDB5A5EB9996670511F801C6E7F2","OddBallers_Plus\Oddballers_Data\StreamingAssets\aa\StandaloneWindows64\fd916b4ee035d333cbf81b7603c22299.bundle",867025,867025,631729,0
"DDFCA3C931A4FDB5A5EB9996670511F801C6E7F2","OddBallers_Plus\Oddballers_Data\StreamingAssets\aa\StandaloneWindows64\fe19aada4128a4725282e0436ba53428.bundle",383059,383059,341174,0
