"20","C35029928EF0BF8F4FD904CD9F64C99CE56EF57B","0000-00-00",491,7362909697,3067942401,2106924021,1
"C35029928EF0BF8F4FD904CD9F64C99CE56EF57B","binkw32.dll",187392,187392,107419,0
"C35029928EF0BF8F4FD904CD9F64C99CE56EF57B","DataPC.forge",20545833,20545833,16560034,0
"C35029928EF0BF8F4FD904CD9F64C99CE56EF57B","DataPC_01.forge",658210816,658210816,600007715,0
"C35029928EF0BF8F4FD904CD9F64C99CE56EF57B","DataPC_01_A_FYM.forge",46727168,46727168,40944021,0
"C35029928EF0BF8F4FD904CD9F64C99CE56EF57B","DataPC_01_B_FYM.forge",37748736,37748736,32588067,0
"C35029928EF0BF8F4FD904CD9F64C99CE56EF57B","DataPC_02.forge",713326592,713326592,646859360,0
"C35029928EF0BF8F4FD904CD9F64C99CE56EF57B","DataPC_02_FYM.forge",28311552,28311552,24028408,0
"C35029928EF0BF8F4FD904CD9F64C99CE56EF57B","DataPC_02_Multi.forge",65765376,65765376,58078035,0
"C35029928EF0BF8F4FD904CD9F64C99CE56EF57B","DataPC_03.forge",484114432,484114432,439599390,0
"C35029928EF0BF8F4FD904CD9F64C99CE56EF57B","DataPC_03_FYM.forge",34078720,34078720,29409366,0
"C35029928EF0BF8F4FD904CD9F64C99CE56EF57B","DataPC_03_Multi.forge",148832256,148832256,132957935,0
"C35029928EF0BF8F4FD904CD9F64C99CE56EF57B","DataPC_03_Robot_01.forge",22937600,22937600,19225441,0
"C35029928EF0BF8F4FD904CD9F64C99CE56EF57B","DataPC_03_Robot_02.forge",26411008,26411008,22345025,0
"C35029928EF0BF8F4FD904CD9F64C99CE56EF57B","DataPC_04.forge",564920320,564920320,515362054,0
"C35029928EF0BF8F4FD904CD9F64C99CE56EF57B","DataPC_04_FYM.forge",32964608,32964608,28246897,0
"C35029928EF0BF8F4FD904CD9F64C99CE56EF57B","DataPC_04_Multi.forge",115310592,115310592,104085650,0
"C35029928EF0BF8F4FD904CD9F64C99CE56EF57B","DataPC_04_Robot_01.forge",23625728,23625728,19854468,0
"C35029928EF0BF8F4FD904CD9F64C99CE56EF57B","DataPC_04_Robot_02.forge",22970368,22970368,19263571,0
"C35029928EF0BF8F4FD904CD9F64C99CE56EF57B","DataPC_04_Stronghold.forge",78249984,78249984,69877134,0
"C35029928EF0BF8F4FD904CD9F64C99CE56EF57B","DataPC_05.forge",204537856,204537856,184472886,0
"C35029928EF0BF8F4FD904CD9F64C99CE56EF57B","DataPC_05_Multi.forge",47054848,47054848,41009128,0
"C35029928EF0BF8F4FD904CD9F64C99CE56EF57B","DataPC_05_Robot_01.forge",23527424,23527424,19736798,0
"C35029928EF0BF8F4FD904CD9F64C99CE56EF57B","DataPC_06.forge",347865088,347865088,312421575,0
"C35029928EF0BF8F4FD904CD9F64C99CE56EF57B","DataPC_Customization.forge",23330816,23330816,19533528,0
"C35029928EF0BF8F4FD904CD9F64C99CE56EF57B","DataPC_DefaultSetCustomizationData.forge",327614464,327614464,301986021,0
"C35029928EF0BF8F4FD904CD9F64C99CE56EF57B","DataPC_extra.forge",43057152,43057152,37503514,0
"C35029928EF0BF8F4FD904CD9F64C99CE56EF57B","DataPC_GypsyCustomizationData.forge",4653056,4653056,2609554,0
"C35029928EF0BF8F4FD904CD9F64C99CE56EF57B","DataPC_MadClownCustomizationData.forge",4259840,4259840,2203403,0
"C35029928EF0BF8F4FD904CD9F64C99CE56EF57B","DataPC_Main_Menu.forge",18677760,18677760,15409645,0
"C35029928EF0BF8F4FD904CD9F64C99CE56EF57B","DataPC_MinistryCustomizationData.forge",2850816,2850816,929957,0
"C35029928EF0BF8F4FD904CD9F64C99CE56EF57B","DataPC_ShaunCustomizationData.forge",5931008,5931008,3783550,0
"C35029928EF0BF8F4FD904CD9F64C99CE56EF57B","DataPC_StreamedSounds.forge",1024196608,1024196608,835589610,0
"C35029928EF0BF8F4FD904CD9F64C99CE56EF57B","DataPC_StreamedSoundsEng.forge",290258944,290258944,235452663,0
"C35029928EF0BF8F4FD904CD9F64C99CE56EF57B","DataPC_StreamedSoundsFre.forge",264372224,264372224,228862376,0
"C35029928EF0BF8F4FD904CD9F64C99CE56EF57B","DataPC_StreamedSoundsGer.forge",286687232,286687232,247259486,0
"C35029928EF0BF8F4FD904CD9F64C99CE56EF57B","DataPC_StreamedSoundsIta.forge",281411584,281411584,244482294,0
"C35029928EF0BF8F4FD904CD9F64C99CE56EF57B","DataPC_StreamedSoundsSpa.forge",290816000,290816000,249370070,0
"C35029928EF0BF8F4FD904CD9F64C99CE56EF57B","DataPC_SW.forge",52953088,52953088,46709663,0
"C35029928EF0BF8F4FD904CD9F64C99CE56EF57B","DataPC_TattooFreakCustomizationData.forge",3768320,3768320,1764415,0
"C35029928EF0BF8F4FD904CD9F64C99CE56EF57B","DataPC_YetiCustomizationData.forge",4128768,4128768,2121674,0
"C35029928EF0BF8F4FD904CD9F64C99CE56EF57B","DefaultBindings.map",15197,15197,1238,0
"C35029928EF0BF8F4FD904CD9F64C99CE56EF57B","ekshadersinitpccompress.bin",86059,86059,78462,0
"C35029928EF0BF8F4FD904CD9F64C99CE56EF57B","ekshadersPChigh.bin",35094609,35094609,4728218,0
"C35029928EF0BF8F4FD904CD9F64C99CE56EF57B","ekshadersPChighcompress.bin",8772168,8772168,7653161,0
"C35029928EF0BF8F4FD904CD9F64C99CE56EF57B","ekshadersPClow.bin",16310862,16310862,2043172,0
"C35029928EF0BF8F4FD904CD9F64C99CE56EF57B","ekshadersPClowcompress.bin",3746524,3746524,3284616,0
"C35029928EF0BF8F4FD904CD9F64C99CE56EF57B","ekshadersPCmed.bin",34181857,34181857,4350588,0
"C35029928EF0BF8F4FD904CD9F64C99CE56EF57B","ekshadersPCmedcompress.bin",8205957,8205957,7113417,0
"C35029928EF0BF8F4FD904CD9F64C99CE56EF57B","GameSettings.exe",1608824,1608824,526058,0
"C35029928EF0BF8F4FD904CD9F64C99CE56EF57B","gdf.dll",535160,535160,233652,0
"C35029928EF0BF8F4FD904CD9F64C99CE56EF57B","gu-MCE.png",163699,163699,163755,0
"C35029928EF0BF8F4FD904CD9F64C99CE56EF57B","gu.exe",26954360,26954360,10037558,0
"C35029928EF0BF8F4FD904CD9F64C99CE56EF57B","Shaun White Skateboarding.exe",26954360,26954360,10037558,0
"C35029928EF0BF8F4FD904CD9F64C99CE56EF57B","UPlayBrowser.exe",3210872,3210872,1485232,0
"C35029928EF0BF8F4FD904CD9F64C99CE56EF57B","UPlayBrowserMedia.ubf",18460989,18460989,11503856,0
"C35029928EF0BF8F4FD904CD9F64C99CE56EF57B","Videos\dreamsequence.bik",63682204,63682204,62503058,0
"C35029928EF0BF8F4FD904CD9F64C99CE56EF57B","Videos\head_tv.bik",28545608,28545608,28029823,0
"C35029928EF0BF8F4FD904CD9F64C99CE56EF57B","Videos\news_reader.bik",2274692,2274692,2208878,0
"C35029928EF0BF8F4FD904CD9F64C99CE56EF57B","Videos\q16_sq13.bik",14439600,14439600,14324734,0
"C35029928EF0BF8F4FD904CD9F64C99CE56EF57B","Videos\sk8video3.bik",521676,521676,508268,0
"C35029928EF0BF8F4FD904CD9F64C99CE56EF57B","Videos\startup\esrb.bik",86812,86812,36270,0
"C35029928EF0BF8F4FD904CD9F64C99CE56EF57B","Videos\startup\short_intro.bik",21721248,21721248,19680928,0
"C35029928EF0BF8F4FD904CD9F64C99CE56EF57B","Videos\startup\ubilogo_1280x720.bik",6285492,6285492,5788601,0
"C35029928EF0BF8F4FD904CD9F64C99CE56EF57B","Videos\trickbookbinks\nollievariant.bik",1941092,1941092,1914285,0
"C35029928EF0BF8F4FD904CD9F64C99CE56EF57B","Videos\trickbookbinks\nollievariantvert.bik",1715728,1715728,1704084,0
"C35029928EF0BF8F4FD904CD9F64C99CE56EF57B","localization\texts\local_danish.ini",9032,9032,2655,0
"C35029928EF0BF8F4FD904CD9F64C99CE56EF57B","localization\texts\local_dutch.ini",9004,9004,2613,0
"C35029928EF0BF8F4FD904CD9F64C99CE56EF57B","localization\texts\local_english.ini",9052,9052,2608,0
"C35029928EF0BF8F4FD904CD9F64C99CE56EF57B","localization\texts\local_french.ini",9568,9568,2723,0
"C35029928EF0BF8F4FD904CD9F64C99CE56EF57B","localization\texts\local_german.ini",9902,9902,2904,0
"C35029928EF0BF8F4FD904CD9F64C99CE56EF57B","localization\texts\local_italian.ini",9442,9442,2745,0
"C35029928EF0BF8F4FD904CD9F64C99CE56EF57B","localization\texts\local_norwegian.ini",8972,8972,2636,0
"C35029928EF0BF8F4FD904CD9F64C99CE56EF57B","localization\texts\local_polish.ini",9582,9582,2932,0
"C35029928EF0BF8F4FD904CD9F64C99CE56EF57B","localization\texts\local_spanish.ini",9640,9640,2801,0
"C35029928EF0BF8F4FD904CD9F64C99CE56EF57B","localization\texts\local_swedish.ini",8976,8976,2662,0
"C35029928EF0BF8F4FD904CD9F64C99CE56EF57B","Videos\trickbookbinks\advancedstreet\advstreet_360flip.bik",1682320,1682320,1659339,0
"C35029928EF0BF8F4FD904CD9F64C99CE56EF57B","Videos\trickbookbinks\advancedstreet\advstreet_360hardflip.bik",1707376,1707376,1684120,0
"C35029928EF0BF8F4FD904CD9F64C99CE56EF57B","Videos\trickbookbinks\advancedstreet\advstreet_360inwardheelflip.bik",1778268,1778268,1754469,0
"C35029928EF0BF8F4FD904CD9F64C99CE56EF57B","Videos\trickbookbinks\advancedstreet\advstreet_doubleheelflip.bik",1744952,1744952,1720567,0
"C35029928EF0BF8F4FD904CD9F64C99CE56EF57B","Videos\trickbookbinks\advancedstreet\advstreet_doublekickflip.bik",1853424,1853424,1829071,0
"C35029928EF0BF8F4FD904CD9F64C99CE56EF57B","Videos\trickbookbinks\advancedstreet\advstreet_forwardflip.bik",1803332,1803332,1778325,0
"C35029928EF0BF8F4FD904CD9F64C99CE56EF57B","Videos\trickbookbinks\advancedstreet\advstreet_impossible.bik",1498680,1498680,1479551,0
"C35029928EF0BF8F4FD904CD9F64C99CE56EF57B","Videos\trickbookbinks\advancedstreet\advstreet_laserflip.bik",1648976,1648976,1626161,0
"C35029928EF0BF8F4FD904CD9F64C99CE56EF57B","Videos\trickbookbinks\advancedvert\advvert_360flipairrun.bik",1331700,1331700,1322734,0
"C35029928EF0BF8F4FD904CD9F64C99CE56EF57B","Videos\trickbookbinks\advancedvert\advvert_360hardflipbenihana.bik",1469476,1469476,1459220,0
"C35029928EF0BF8F4FD904CD9F64C99CE56EF57B","Videos\trickbookbinks\advancedvert\advvert_360inwardheelfliprocketair.bik",1406828,1406828,1397786,0
"C35029928EF0BF8F4FD904CD9F64C99CE56EF57B","Videos\trickbookbinks\advancedvert\advvert_forwardfliponefootnose.bik",1402672,1402672,1393226,0
"C35029928EF0BF8F4FD904CD9F64C99CE56EF57B","Videos\trickbookbinks\advancedvert\advvert_heelfliplatefingerflip.bik",1444428,1444428,1434220,0
"C35029928EF0BF8F4FD904CD9F64C99CE56EF57B","Videos\trickbookbinks\advancedvert\advvert_impossibletailgrab.bik",1398488,1398488,1388731,0
"C35029928EF0BF8F4FD904CD9F64C99CE56EF57B","Videos\trickbookbinks\advancedvert\advvert_kickfliplatefingerflip.bik",1381796,1381796,1372764,0
"C35029928EF0BF8F4FD904CD9F64C99CE56EF57B","Videos\trickbookbinks\advancedvert\advvert_laserflipchristair.bik",1456932,1456932,1447092,0
"C35029928EF0BF8F4FD904CD9F64C99CE56EF57B","Videos\trickbookbinks\complex\complex_180varial360.bik",1406848,1406848,1395814,0
"C35029928EF0BF8F4FD904CD9F64C99CE56EF57B","Videos\trickbookbinks\complex\complex_armadillo.bik",1465284,1465284,1452975,0
"C35029928EF0BF8F4FD904CD9F64C99CE56EF57B","Videos\trickbookbinks\complex\complex_backflip.bik",1465324,1465324,1453408,0
"C35029928EF0BF8F4FD904CD9F64C99CE56EF57B","Videos\trickbookbinks\complex\complex_frontflip.bik",1452784,1452784,1439397,0
"C35029928EF0BF8F4FD904CD9F64C99CE56EF57B","Videos\trickbookbinks\complex\complex_frontside540.bik",1481976,1481976,1469694,0
"C35029928EF0BF8F4FD904CD9F64C99CE56EF57B","Videos\trickbookbinks\complex\complex_mctwist.bik",1444412,1444412,1432236,0
"C35029928EF0BF8F4FD904CD9F64C99CE56EF57B","Videos\trickbookbinks\complex\complex_popshuvit.bik",1402664,1402664,1391253,0
"C35029928EF0BF8F4FD904CD9F64C99CE56EF57B","Videos\trickbookbinks\complex\complex_varialmctwist.bik",1461132,1461132,1448969,0
"C35029928EF0BF8F4FD904CD9F64C99CE56EF57B","Videos\trickbookbinks\grabs\grab_airwalk.bik",2909508,2909508,2891991,0
"C35029928EF0BF8F4FD904CD9F64C99CE56EF57B","Videos\trickbookbinks\grabs\grab_cannonball.bik",2905324,2905324,2885689,0
"C35029928EF0BF8F4FD904CD9F64C99CE56EF57B","Videos\trickbookbinks\grabs\grab_indy.bik",2704924,2704924,2686497,0
"C35029928EF0BF8F4FD904CD9F64C99CE56EF57B","Videos\trickbookbinks\grabs\grab_judo.bik",2909468,2909468,2892686,0
"C35029928EF0BF8F4FD904CD9F64C99CE56EF57B","Videos\trickbookbinks\grabs\grab_madonna.bik",2792648,2792648,2775483,0
"C35029928EF0BF8F4FD904CD9F64C99CE56EF57B","Videos\trickbookbinks\grabs\grab_melon.bik",2905316,2905316,2886160,0
"C35029928EF0BF8F4FD904CD9F64C99CE56EF57B","Videos\trickbookbinks\grabs\grab_nosegrab.bik",2809320,2809320,2790719,0
"C35029928EF0BF8F4FD904CD9F64C99CE56EF57B","Videos\trickbookbinks\grabs\grab_tailgrab.bik",3026388,3026388,3005881,0
"C35029928EF0BF8F4FD904CD9F64C99CE56EF57B","Videos\trickbookbinks\grind\grind_5050.bik",1373652,1373652,1360282,0
"C35029928EF0BF8F4FD904CD9F64C99CE56EF57B","Videos\trickbookbinks\grind\grind_5_0.bik",1461280,1461280,1446419,0
"C35029928EF0BF8F4FD904CD9F64C99CE56EF57B","Videos\trickbookbinks\grind\grind_boardslide.bik",1436292,1436292,1421336,0
"C35029928EF0BF8F4FD904CD9F64C99CE56EF57B","Videos\trickbookbinks\grind\grind_crooked.bik",1386168,1386168,1374079,0
"C35029928EF0BF8F4FD904CD9F64C99CE56EF57B","Videos\trickbookbinks\grind\grind_nosegrind.bik",1486348,1486348,1471200,0
"C35029928EF0BF8F4FD904CD9F64C99CE56EF57B","Videos\trickbookbinks\grind\grind_noseslide_noseblunt.bik",1482264,1482264,1467926,0
"C35029928EF0BF8F4FD904CD9F64C99CE56EF57B","Videos\trickbookbinks\grind\grind_salad.bik",1482188,1482188,1466753,0
"C35029928EF0BF8F4FD904CD9F64C99CE56EF57B","Videos\trickbookbinks\grind\grind_tailslide_tailblunt.bik",1248396,1248396,1236876,0
"C35029928EF0BF8F4FD904CD9F64C99CE56EF57B","Videos\trickbookbinks\grind\grind_verttogrind.bik",1740708,1740708,1721601,0
"C35029928EF0BF8F4FD904CD9F64C99CE56EF57B","Videos\trickbookbinks\plant_stall\ps_blunt.bik",1360880,1360880,1344739,0
"C35029928EF0BF8F4FD904CD9F64C99CE56EF57B","Videos\trickbookbinks\plant_stall\ps_bsblunt.bik",1340060,1340060,1322612,0
"C35029928EF0BF8F4FD904CD9F64C99CE56EF57B","Videos\trickbookbinks\plant_stall\ps_eggplant.bik",1315040,1315040,1298308,0
"C35029928EF0BF8F4FD904CD9F64C99CE56EF57B","Videos\trickbookbinks\plant_stall\ps_fsblunt.bik",1398504,1398504,1381551,0
"C35029928EF0BF8F4FD904CD9F64C99CE56EF57B","Videos\trickbookbinks\plant_stall\ps_muteplant.bik",1494520,1494520,1474343,0
"C35029928EF0BF8F4FD904CD9F64C99CE56EF57B","Videos\trickbookbinks\plant_stall\ps_starfish.bik",1381760,1381760,1364897,0
"C35029928EF0BF8F4FD904CD9F64C99CE56EF57B","Videos\trickbookbinks\street\street_hardflip.bik",1744904,1744904,1721465,0
"C35029928EF0BF8F4FD904CD9F64C99CE56EF57B","Videos\trickbookbinks\street\street_heelflip.bik",1907692,1907692,1880921,0
"C35029928EF0BF8F4FD904CD9F64C99CE56EF57B","Videos\trickbookbinks\street\street_inwardheelflip.bik",1394328,1394328,1377828,0
"C35029928EF0BF8F4FD904CD9F64C99CE56EF57B","Videos\trickbookbinks\street\street_kickflip.bik",1711516,1711516,1688514,0
"C35029928EF0BF8F4FD904CD9F64C99CE56EF57B","Videos\trickbookbinks\street\street_manual.bik",1577956,1577956,1554237,0
"C35029928EF0BF8F4FD904CD9F64C99CE56EF57B","Videos\trickbookbinks\street\street_nosemanual.bik",1523808,1523808,1506608,0
"C35029928EF0BF8F4FD904CD9F64C99CE56EF57B","Videos\trickbookbinks\street\street_ollie.bik",1724044,1724044,1698791,0
"C35029928EF0BF8F4FD904CD9F64C99CE56EF57B","Videos\trickbookbinks\street\street_popshuvitbs.bik",1648892,1648892,1626075,0
"C35029928EF0BF8F4FD904CD9F64C99CE56EF57B","Videos\trickbookbinks\street\street_varialheelflip.bik",1694832,1694832,1671875,0
"C35029928EF0BF8F4FD904CD9F64C99CE56EF57B","Videos\trickbookbinks\street\street_varialkickflip.bik",1769968,1769968,1745767,0
"C35029928EF0BF8F4FD904CD9F64C99CE56EF57B","Videos\trickbookbinks\vert\vert_hardflipcannonball.bik",1319228,1319228,1311653,0
"C35029928EF0BF8F4FD904CD9F64C99CE56EF57B","Videos\trickbookbinks\vert\vert_heelflipmelon.bik",1390124,1390124,1380701,0
"C35029928EF0BF8F4FD904CD9F64C99CE56EF57B","Videos\trickbookbinks\vert\vert_inwardheelflipmadonna.bik",1473672,1473672,1464109,0
"C35029928EF0BF8F4FD904CD9F64C99CE56EF57B","Videos\trickbookbinks\vert\vert_kickflipindy.bik",1419344,1419344,1410767,0
"C35029928EF0BF8F4FD904CD9F64C99CE56EF57B","Videos\trickbookbinks\vert\vert_ollie.bik",1369244,1369244,1360065,0
"C35029928EF0BF8F4FD904CD9F64C99CE56EF57B","Videos\trickbookbinks\vert\vert_popshuvitbsnosegrab.bik",1423512,1423512,1414120,0
"C35029928EF0BF8F4FD904CD9F64C99CE56EF57B","Videos\trickbookbinks\vert\vert_pumping.bik",2016340,2016340,1955593,0
"C35029928EF0BF8F4FD904CD9F64C99CE56EF57B","Videos\trickbookbinks\vert\vert_transfer.bik",1536240,1536240,1511259,0
"C35029928EF0BF8F4FD904CD9F64C99CE56EF57B","Videos\trickbookbinks\vert\vert_varialheelflipjudo.bik",1486408,1486408,1476798,0
"C35029928EF0BF8F4FD904CD9F64C99CE56EF57B","Videos\trickbookbinks\vert\vert_varialkickflipairwalk.bik",1440240,1440240,1431639,0
"C35029928EF0BF8F4FD904CD9F64C99CE56EF57B","localization\images\default\bkgsettings.bmp",1160816,1160816,10576,0
"C35029928EF0BF8F4FD904CD9F64C99CE56EF57B","localization\images\default\bkgsplashscreen.bmp",96056,96056,46801,0
"C35029928EF0BF8F4FD904CD9F64C99CE56EF57B","localization\images\default\frgdetection.bmp",567056,567056,136062,0
"C35029928EF0BF8F4FD904CD9F64C99CE56EF57B","localization\images\default\frggraphic.bmp",567056,567056,147080,0
"C35029928EF0BF8F4FD904CD9F64C99CE56EF57B","localization\images\default\frglanguage.bmp",567056,567056,133629,0
"C35029928EF0BF8F4FD904CD9F64C99CE56EF57B","localization\images\default\imagelist.bmp",630,630,304,0
"C35029928EF0BF8F4FD904CD9F64C99CE56EF57B","Support\inst.bat",820,820,418,1
"C35029928EF0BF8F4FD904CD9F64C99CE56EF57B","Support\DirectX\Apr2005_d3dx9_25_x64.cab",1347354,1347354,1345090,1
"C35029928EF0BF8F4FD904CD9F64C99CE56EF57B","Support\DirectX\Apr2005_d3dx9_25_x86.cab",1078962,1078962,1074320,1
"C35029928EF0BF8F4FD904CD9F64C99CE56EF57B","Support\DirectX\Apr2006_d3dx9_30_x64.cab",1397830,1397830,1395673,1
"C35029928EF0BF8F4FD904CD9F64C99CE56EF57B","Support\DirectX\Apr2006_d3dx9_30_x86.cab",1115221,1115221,1110860,1
"C35029928EF0BF8F4FD904CD9F64C99CE56EF57B","Support\DirectX\Apr2006_MDX1_x86.cab",916430,916430,910569,1
"C35029928EF0BF8F4FD904CD9F64C99CE56EF57B","Support\DirectX\Apr2006_MDX1_x86_Archive.cab",4162630,4162630,4161708,1
"C35029928EF0BF8F4FD904CD9F64C99CE56EF57B","Support\DirectX\Apr2006_XACT_x64.cab",179133,179133,177108,1
"C35029928EF0BF8F4FD904CD9F64C99CE56EF57B","Support\DirectX\Apr2006_XACT_x86.cab",133103,133103,131038,1
"C35029928EF0BF8F4FD904CD9F64C99CE56EF57B","Support\DirectX\Apr2006_xinput_x64.cab",87101,87101,85126,1
"C35029928EF0BF8F4FD904CD9F64C99CE56EF57B","Support\DirectX\Apr2006_xinput_x86.cab",46010,46010,43970,1
"C35029928EF0BF8F4FD904CD9F64C99CE56EF57B","Support\DirectX\APR2007_d3dx10_33_x64.cab",698612,698612,696618,1
"C35029928EF0BF8F4FD904CD9F64C99CE56EF57B","Support\DirectX\APR2007_d3dx10_33_x86.cab",695865,695865,693742,1
"C35029928EF0BF8F4FD904CD9F64C99CE56EF57B","Support\DirectX\APR2007_d3dx9_33_x64.cab",1607358,1607358,1604805,1
"C35029928EF0BF8F4FD904CD9F64C99CE56EF57B","Support\DirectX\APR2007_d3dx9_33_x86.cab",1606039,1606039,1601403,1
"C35029928EF0BF8F4FD904CD9F64C99CE56EF57B","Support\DirectX\APR2007_XACT_x64.cab",195766,195766,193759,1
"C35029928EF0BF8F4FD904CD9F64C99CE56EF57B","Support\DirectX\APR2007_XACT_x86.cab",151225,151225,149209,1
"C35029928EF0BF8F4FD904CD9F64C99CE56EF57B","Support\DirectX\APR2007_xinput_x64.cab",96817,96817,94770,1
"C35029928EF0BF8F4FD904CD9F64C99CE56EF57B","Support\DirectX\APR2007_xinput_x86.cab",53302,53302,51294,1
"C35029928EF0BF8F4FD904CD9F64C99CE56EF57B","Support\DirectX\Aug2005_d3dx9_27_x64.cab",1350542,1350542,1348487,1
"C35029928EF0BF8F4FD904CD9F64C99CE56EF57B","Support\DirectX\Aug2005_d3dx9_27_x86.cab",1077644,1077644,1073346,1
"C35029928EF0BF8F4FD904CD9F64C99CE56EF57B","Support\DirectX\AUG2006_XACT_x64.cab",182903,182903,180879,1
"C35029928EF0BF8F4FD904CD9F64C99CE56EF57B","Support\DirectX\AUG2006_XACT_x86.cab",137235,137235,135173,1
"C35029928EF0BF8F4FD904CD9F64C99CE56EF57B","Support\DirectX\AUG2006_xinput_x64.cab",87142,87142,85139,1
"C35029928EF0BF8F4FD904CD9F64C99CE56EF57B","Support\DirectX\AUG2006_xinput_x86.cab",46058,46058,44028,1
"C35029928EF0BF8F4FD904CD9F64C99CE56EF57B","Support\DirectX\AUG2007_d3dx10_35_x64.cab",852286,852286,850066,1
"C35029928EF0BF8F4FD904CD9F64C99CE56EF57B","Support\DirectX\AUG2007_d3dx10_35_x86.cab",796867,796867,794377,1
"C35029928EF0BF8F4FD904CD9F64C99CE56EF57B","Support\DirectX\AUG2007_d3dx9_35_x64.cab",1800160,1800160,1798021,1
"C35029928EF0BF8F4FD904CD9F64C99CE56EF57B","Support\DirectX\AUG2007_d3dx9_35_x86.cab",1708152,1708152,1703472,1
"C35029928EF0BF8F4FD904CD9F64C99CE56EF57B","Support\DirectX\AUG2007_XACT_x64.cab",198096,198096,196081,1
"C35029928EF0BF8F4FD904CD9F64C99CE56EF57B","Support\DirectX\AUG2007_XACT_x86.cab",153012,153012,151008,1
"C35029928EF0BF8F4FD904CD9F64C99CE56EF57B","Support\DirectX\Aug2008_d3dx10_39_x64.cab",867612,867612,864961,1
"C35029928EF0BF8F4FD904CD9F64C99CE56EF57B","Support\DirectX\Aug2008_d3dx10_39_x86.cab",849167,849167,846545,1
"C35029928EF0BF8F4FD904CD9F64C99CE56EF57B","Support\DirectX\Aug2008_d3dx9_39_x64.cab",1794084,1794084,1791200,1
"C35029928EF0BF8F4FD904CD9F64C99CE56EF57B","Support\DirectX\Aug2008_d3dx9_39_x86.cab",1464672,1464672,1462268,1
"C35029928EF0BF8F4FD904CD9F64C99CE56EF57B","Support\DirectX\Aug2008_XACT_x64.cab",121772,121772,119723,1
"C35029928EF0BF8F4FD904CD9F64C99CE56EF57B","Support\DirectX\Aug2008_XACT_x86.cab",92996,92996,90959,1
"C35029928EF0BF8F4FD904CD9F64C99CE56EF57B","Support\DirectX\Aug2008_XAudio_x64.cab",271412,271412,269402,1
"C35029928EF0BF8F4FD904CD9F64C99CE56EF57B","Support\DirectX\Aug2008_XAudio_x86.cab",271038,271038,268867,1
"C35029928EF0BF8F4FD904CD9F64C99CE56EF57B","Support\DirectX\Aug2009_D3DCompiler_42_x64.cab",919044,919044,912244,1
"C35029928EF0BF8F4FD904CD9F64C99CE56EF57B","Support\DirectX\Aug2009_D3DCompiler_42_x86.cab",900598,900598,895303,1
"C35029928EF0BF8F4FD904CD9F64C99CE56EF57B","Support\DirectX\Aug2009_d3dcsx_42_x64.cab",3112111,3112111,3110919,1
"C35029928EF0BF8F4FD904CD9F64C99CE56EF57B","Support\DirectX\Aug2009_d3dcsx_42_x86.cab",3319740,3319740,3316437,1
"C35029928EF0BF8F4FD904CD9F64C99CE56EF57B","Support\DirectX\Aug2009_d3dx10_42_x64.cab",232635,232635,230633,1
"C35029928EF0BF8F4FD904CD9F64C99CE56EF57B","Support\DirectX\Aug2009_d3dx10_42_x86.cab",192131,192131,190066,1
"C35029928EF0BF8F4FD904CD9F64C99CE56EF57B","Support\DirectX\Aug2009_d3dx11_42_x64.cab",136301,136301,134230,1
"C35029928EF0BF8F4FD904CD9F64C99CE56EF57B","Support\DirectX\Aug2009_d3dx11_42_x86.cab",105044,105044,102912,1
"C35029928EF0BF8F4FD904CD9F64C99CE56EF57B","Support\DirectX\Aug2009_d3dx9_42_x64.cab",930116,930116,927457,1
"C35029928EF0BF8F4FD904CD9F64C99CE56EF57B","Support\DirectX\Aug2009_d3dx9_42_x86.cab",728456,728456,725571,1
"C35029928EF0BF8F4FD904CD9F64C99CE56EF57B","Support\DirectX\Aug2009_XACT_x64.cab",122408,122408,120363,1
"C35029928EF0BF8F4FD904CD9F64C99CE56EF57B","Support\DirectX\Aug2009_XACT_x86.cab",93106,93106,91070,1
"C35029928EF0BF8F4FD904CD9F64C99CE56EF57B","Support\DirectX\Aug2009_XAudio_x64.cab",273264,273264,271262,1
"C35029928EF0BF8F4FD904CD9F64C99CE56EF57B","Support\DirectX\Aug2009_XAudio_x86.cab",272642,272642,270508,1
"C35029928EF0BF8F4FD904CD9F64C99CE56EF57B","Support\DirectX\BDANT.cab",1155491,1155491,1151351,1
"C35029928EF0BF8F4FD904CD9F64C99CE56EF57B","Support\DirectX\BDAXP.cab",975148,975148,971458,1
"C35029928EF0BF8F4FD904CD9F64C99CE56EF57B","Support\DirectX\Dec2005_d3dx9_28_x64.cab",1357976,1357976,1355636,1
"C35029928EF0BF8F4FD904CD9F64C99CE56EF57B","Support\DirectX\Dec2005_d3dx9_28_x86.cab",1079456,1079456,1075165,1
"C35029928EF0BF8F4FD904CD9F64C99CE56EF57B","Support\DirectX\DEC2006_d3dx10_00_x64.cab",212807,212807,210830,1
"C35029928EF0BF8F4FD904CD9F64C99CE56EF57B","Support\DirectX\DEC2006_d3dx10_00_x86.cab",191720,191720,189660,1
"C35029928EF0BF8F4FD904CD9F64C99CE56EF57B","Support\DirectX\DEC2006_d3dx9_32_x64.cab",1571154,1571154,1568889,1
"C35029928EF0BF8F4FD904CD9F64C99CE56EF57B","Support\DirectX\DEC2006_d3dx9_32_x86.cab",1574376,1574376,1569964,1
"C35029928EF0BF8F4FD904CD9F64C99CE56EF57B","Support\DirectX\DEC2006_XACT_x64.cab",192475,192475,190486,1
"C35029928EF0BF8F4FD904CD9F64C99CE56EF57B","Support\DirectX\DEC2006_XACT_x86.cab",145599,145599,143574,1
"C35029928EF0BF8F4FD904CD9F64C99CE56EF57B","Support\DirectX\DSETUP.dll",94040,94040,49583,1
"C35029928EF0BF8F4FD904CD9F64C99CE56EF57B","Support\DirectX\dsetup32.dll",1691480,1691480,157089,1
"C35029928EF0BF8F4FD904CD9F64C99CE56EF57B","Support\DirectX\dxdllreg_x86.cab",44448,44448,42438,1
"C35029928EF0BF8F4FD904CD9F64C99CE56EF57B","Support\DirectX\dxnt.cab",13264168,13264168,13219389,1
"C35029928EF0BF8F4FD904CD9F64C99CE56EF57B","Support\DirectX\DXSETUP.exe",525656,525656,116825,1
"C35029928EF0BF8F4FD904CD9F64C99CE56EF57B","Support\DirectX\dxupdate.cab",95820,95820,93731,1
"C35029928EF0BF8F4FD904CD9F64C99CE56EF57B","Support\DirectX\Feb2005_d3dx9_24_x64.cab",1247499,1247499,1245378,1
"C35029928EF0BF8F4FD904CD9F64C99CE56EF57B","Support\DirectX\Feb2005_d3dx9_24_x86.cab",1013225,1013225,1008869,1
"C35029928EF0BF8F4FD904CD9F64C99CE56EF57B","Support\DirectX\Feb2006_d3dx9_29_x64.cab",1362796,1362796,1360547,1
"C35029928EF0BF8F4FD904CD9F64C99CE56EF57B","Support\DirectX\Feb2006_d3dx9_29_x86.cab",1084720,1084720,1080219,1
"C35029928EF0BF8F4FD904CD9F64C99CE56EF57B","Support\DirectX\Feb2006_XACT_x64.cab",178359,178359,176311,1
"C35029928EF0BF8F4FD904CD9F64C99CE56EF57B","Support\DirectX\Feb2006_XACT_x86.cab",132409,132409,130328,1
"C35029928EF0BF8F4FD904CD9F64C99CE56EF57B","Support\DirectX\FEB2007_XACT_x64.cab",194675,194675,192683,1
"C35029928EF0BF8F4FD904CD9F64C99CE56EF57B","Support\DirectX\FEB2007_XACT_x86.cab",147983,147983,145966,1
"C35029928EF0BF8F4FD904CD9F64C99CE56EF57B","Support\DirectX\Feb2010_X3DAudio_x64.cab",54678,54678,52638,1
"C35029928EF0BF8F4FD904CD9F64C99CE56EF57B","Support\DirectX\Feb2010_X3DAudio_x86.cab",20713,20713,18627,1
"C35029928EF0BF8F4FD904CD9F64C99CE56EF57B","Support\DirectX\Feb2010_XACT_x64.cab",122446,122446,120404,1
"C35029928EF0BF8F4FD904CD9F64C99CE56EF57B","Support\DirectX\Feb2010_XACT_x86.cab",93180,93180,91146,1
"C35029928EF0BF8F4FD904CD9F64C99CE56EF57B","Support\DirectX\Feb2010_XAudio_x64.cab",276960,276960,274953,1
"C35029928EF0BF8F4FD904CD9F64C99CE56EF57B","Support\DirectX\Feb2010_XAudio_x86.cab",277191,277191,275009,1
"C35029928EF0BF8F4FD904CD9F64C99CE56EF57B","Support\DirectX\Jun2005_d3dx9_26_x64.cab",1336002,1336002,1333611,1
"C35029928EF0BF8F4FD904CD9F64C99CE56EF57B","Support\DirectX\Jun2005_d3dx9_26_x86.cab",1064925,1064925,1060362,1
"C35029928EF0BF8F4FD904CD9F64C99CE56EF57B","Support\DirectX\JUN2006_XACT_x64.cab",180785,180785,178759,1
"C35029928EF0BF8F4FD904CD9F64C99CE56EF57B","Support\DirectX\JUN2006_XACT_x86.cab",133671,133671,131600,1
"C35029928EF0BF8F4FD904CD9F64C99CE56EF57B","Support\DirectX\JUN2007_d3dx10_34_x64.cab",699044,699044,697084,1
"C35029928EF0BF8F4FD904CD9F64C99CE56EF57B","Support\DirectX\JUN2007_d3dx10_34_x86.cab",698472,698472,696314,1
"C35029928EF0BF8F4FD904CD9F64C99CE56EF57B","Support\DirectX\JUN2007_d3dx9_34_x64.cab",1607774,1607774,1605502,1
"C35029928EF0BF8F4FD904CD9F64C99CE56EF57B","Support\DirectX\JUN2007_d3dx9_34_x86.cab",1607286,1607286,1602606,1
"C35029928EF0BF8F4FD904CD9F64C99CE56EF57B","Support\DirectX\JUN2007_XACT_x64.cab",197122,197122,195120,1
"C35029928EF0BF8F4FD904CD9F64C99CE56EF57B","Support\DirectX\JUN2007_XACT_x86.cab",152909,152909,150911,1
"C35029928EF0BF8F4FD904CD9F64C99CE56EF57B","Support\DirectX\JUN2008_d3dx10_38_x64.cab",867828,867828,865234,1
"C35029928EF0BF8F4FD904CD9F64C99CE56EF57B","Support\DirectX\JUN2008_d3dx10_38_x86.cab",849919,849919,847316,1
"C35029928EF0BF8F4FD904CD9F64C99CE56EF57B","Support\DirectX\JUN2008_d3dx9_38_x64.cab",1792608,1792608,1789704,1
"C35029928EF0BF8F4FD904CD9F64C99CE56EF57B","Support\DirectX\JUN2008_d3dx9_38_x86.cab",1463878,1463878,1460895,1
"C35029928EF0BF8F4FD904CD9F64C99CE56EF57B","Support\DirectX\JUN2008_X3DAudio_x64.cab",55154,55154,53072,1
"C35029928EF0BF8F4FD904CD9F64C99CE56EF57B","Support\DirectX\JUN2008_X3DAudio_x86.cab",21905,21905,19811,1
"C35029928EF0BF8F4FD904CD9F64C99CE56EF57B","Support\DirectX\JUN2008_XACT_x64.cab",121054,121054,118990,1
"C35029928EF0BF8F4FD904CD9F64C99CE56EF57B","Support\DirectX\JUN2008_XACT_x86.cab",93128,93128,91091,1
"C35029928EF0BF8F4FD904CD9F64C99CE56EF57B","Support\DirectX\JUN2008_XAudio_x64.cab",269628,269628,267599,1
"C35029928EF0BF8F4FD904CD9F64C99CE56EF57B","Support\DirectX\JUN2008_XAudio_x86.cab",269024,269024,266883,1
"C35029928EF0BF8F4FD904CD9F64C99CE56EF57B","Support\DirectX\Mar2008_d3dx10_37_x64.cab",844884,844884,842304,1
"C35029928EF0BF8F4FD904CD9F64C99CE56EF57B","Support\DirectX\Mar2008_d3dx10_37_x86.cab",818260,818260,815191,1
"C35029928EF0BF8F4FD904CD9F64C99CE56EF57B","Support\DirectX\Mar2008_d3dx9_37_x64.cab",1769862,1769862,1766690,1
"C35029928EF0BF8F4FD904CD9F64C99CE56EF57B","Support\DirectX\Mar2008_d3dx9_37_x86.cab",1443282,1443282,1440115,1
"C35029928EF0BF8F4FD904CD9F64C99CE56EF57B","Support\DirectX\Mar2008_X3DAudio_x64.cab",55058,55058,53011,1
"C35029928EF0BF8F4FD904CD9F64C99CE56EF57B","Support\DirectX\Mar2008_X3DAudio_x86.cab",21867,21867,19754,1
"C35029928EF0BF8F4FD904CD9F64C99CE56EF57B","Support\DirectX\Mar2008_XACT_x64.cab",122336,122336,120283,1
"C35029928EF0BF8F4FD904CD9F64C99CE56EF57B","Support\DirectX\Mar2008_XACT_x86.cab",93734,93734,91699,1
"C35029928EF0BF8F4FD904CD9F64C99CE56EF57B","Support\DirectX\Mar2008_XAudio_x64.cab",251194,251194,249237,1
"C35029928EF0BF8F4FD904CD9F64C99CE56EF57B","Support\DirectX\Mar2008_XAudio_x86.cab",226250,226250,224104,1
"C35029928EF0BF8F4FD904CD9F64C99CE56EF57B","Support\DirectX\Mar2009_d3dx10_41_x64.cab",1067160,1067160,1061050,1
"C35029928EF0BF8F4FD904CD9F64C99CE56EF57B","Support\DirectX\Mar2009_d3dx10_41_x86.cab",1040745,1040745,1035630,1
"C35029928EF0BF8F4FD904CD9F64C99CE56EF57B","Support\DirectX\Mar2009_d3dx9_41_x64.cab",1973702,1973702,1966291,1
"C35029928EF0BF8F4FD904CD9F64C99CE56EF57B","Support\DirectX\Mar2009_d3dx9_41_x86.cab",1612446,1612446,1608079,1
"C35029928EF0BF8F4FD904CD9F64C99CE56EF57B","Support\DirectX\Mar2009_X3DAudio_x64.cab",54600,54600,52565,1
"C35029928EF0BF8F4FD904CD9F64C99CE56EF57B","Support\DirectX\Mar2009_X3DAudio_x86.cab",21298,21298,19231,1
"C35029928EF0BF8F4FD904CD9F64C99CE56EF57B","Support\DirectX\Mar2009_XACT_x64.cab",121506,121506,119448,1
"C35029928EF0BF8F4FD904CD9F64C99CE56EF57B","Support\DirectX\Mar2009_XACT_x86.cab",92740,92740,90695,1
"C35029928EF0BF8F4FD904CD9F64C99CE56EF57B","Support\DirectX\Mar2009_XAudio_x64.cab",275044,275044,273045,1
"C35029928EF0BF8F4FD904CD9F64C99CE56EF57B","Support\DirectX\Mar2009_XAudio_x86.cab",273018,273018,270824,1
"C35029928EF0BF8F4FD904CD9F64C99CE56EF57B","Support\DirectX\Nov2007_d3dx10_36_x64.cab",864600,864600,862547,1
"C35029928EF0BF8F4FD904CD9F64C99CE56EF57B","Support\DirectX\Nov2007_d3dx10_36_x86.cab",803884,803884,801448,1
"C35029928EF0BF8F4FD904CD9F64C99CE56EF57B","Support\DirectX\Nov2007_d3dx9_36_x64.cab",1802058,1802058,1799943,1
"C35029928EF0BF8F4FD904CD9F64C99CE56EF57B","Support\DirectX\Nov2007_d3dx9_36_x86.cab",1709360,1709360,1704386,1
"C35029928EF0BF8F4FD904CD9F64C99CE56EF57B","Support\DirectX\NOV2007_X3DAudio_x64.cab",46144,46144,44070,1
"C35029928EF0BF8F4FD904CD9F64C99CE56EF57B","Support\DirectX\NOV2007_X3DAudio_x86.cab",18496,18496,16374,1
"C35029928EF0BF8F4FD904CD9F64C99CE56EF57B","Support\DirectX\NOV2007_XACT_x64.cab",196762,196762,194757,1
"C35029928EF0BF8F4FD904CD9F64C99CE56EF57B","Support\DirectX\NOV2007_XACT_x86.cab",148264,148264,146202,1
"C35029928EF0BF8F4FD904CD9F64C99CE56EF57B","Support\DirectX\Nov2008_d3dx10_40_x64.cab",994154,994154,989102,1
"C35029928EF0BF8F4FD904CD9F64C99CE56EF57B","Support\DirectX\Nov2008_d3dx10_40_x86.cab",965421,965421,961283,1
"C35029928EF0BF8F4FD904CD9F64C99CE56EF57B","Support\DirectX\Nov2008_d3dx9_40_x64.cab",1906878,1906878,1901164,1
"C35029928EF0BF8F4FD904CD9F64C99CE56EF57B","Support\DirectX\Nov2008_d3dx9_40_x86.cab",1550796,1550796,1547222,1
"C35029928EF0BF8F4FD904CD9F64C99CE56EF57B","Support\DirectX\Nov2008_X3DAudio_x64.cab",54522,54522,52489,1
"C35029928EF0BF8F4FD904CD9F64C99CE56EF57B","Support\DirectX\Nov2008_X3DAudio_x86.cab",21851,21851,19734,1
"C35029928EF0BF8F4FD904CD9F64C99CE56EF57B","Support\DirectX\Nov2008_XACT_x64.cab",121794,121794,119743,1
"C35029928EF0BF8F4FD904CD9F64C99CE56EF57B","Support\DirectX\Nov2008_XACT_x86.cab",92684,92684,90646,1
"C35029928EF0BF8F4FD904CD9F64C99CE56EF57B","Support\DirectX\Nov2008_XAudio_x64.cab",273960,273960,271955,1
"C35029928EF0BF8F4FD904CD9F64C99CE56EF57B","Support\DirectX\Nov2008_XAudio_x86.cab",272611,272611,270460,1
"C35029928EF0BF8F4FD904CD9F64C99CE56EF57B","Support\DirectX\Oct2005_xinput_x64.cab",86037,86037,84038,1
"C35029928EF0BF8F4FD904CD9F64C99CE56EF57B","Support\DirectX\Oct2005_xinput_x86.cab",45359,45359,43326,1
"C35029928EF0BF8F4FD904CD9F64C99CE56EF57B","Support\DirectX\OCT2006_d3dx9_31_x64.cab",1412902,1412902,1410507,1
"C35029928EF0BF8F4FD904CD9F64C99CE56EF57B","Support\DirectX\OCT2006_d3dx9_31_x86.cab",1127217,1127217,1122685,1
"C35029928EF0BF8F4FD904CD9F64C99CE56EF57B","Support\DirectX\OCT2006_XACT_x64.cab",182361,182361,180313,1
"C35029928EF0BF8F4FD904CD9F64C99CE56EF57B","Support\DirectX\OCT2006_XACT_x86.cab",138017,138017,135948,1
"C35029928EF0BF8F4FD904CD9F64C99CE56EF57B","Support\utils\FirewallInstall.exe",85608,85608,45173,1
"C35029928EF0BF8F4FD904CD9F64C99CE56EF57B","Support\utils\FirewallInstallHelper.dll",55400,55400,26693,1
"C35029928EF0BF8F4FD904CD9F64C99CE56EF57B","Support\utils\GameuxInstallHelper.dll",111240,111240,50320,1
"C35029928EF0BF8F4FD904CD9F64C99CE56EF57B","Support\utils\GDFInstaller.exe",27240,27240,13724,1
"C35029928EF0BF8F4FD904CD9F64C99CE56EF57B","Support\VCRedist\vcredist_x86.exe",4216840,4216840,4194951,1
"C35029928EF0BF8F4FD904CD9F64C99CE56EF57B","Support\Dx_june_2010\Apr2005_d3dx9_25_x64.cab",1347354,1347354,1345089,1
"C35029928EF0BF8F4FD904CD9F64C99CE56EF57B","Support\Dx_june_2010\Apr2005_d3dx9_25_x86.cab",1078962,1078962,1074313,1
"C35029928EF0BF8F4FD904CD9F64C99CE56EF57B","Support\Dx_june_2010\Apr2006_d3dx9_30_x64.cab",1397830,1397830,1395674,1
"C35029928EF0BF8F4FD904CD9F64C99CE56EF57B","Support\Dx_june_2010\Apr2006_d3dx9_30_x86.cab",1115221,1115221,1110861,1
"C35029928EF0BF8F4FD904CD9F64C99CE56EF57B","Support\Dx_june_2010\Apr2006_MDX1_x86.cab",916430,916430,910566,1
"C35029928EF0BF8F4FD904CD9F64C99CE56EF57B","Support\Dx_june_2010\Apr2006_MDX1_x86_Archive.cab",4162630,4162630,4161709,1
"C35029928EF0BF8F4FD904CD9F64C99CE56EF57B","Support\Dx_june_2010\Apr2006_XACT_x64.cab",179133,179133,177107,1
"C35029928EF0BF8F4FD904CD9F64C99CE56EF57B","Support\Dx_june_2010\Apr2006_XACT_x86.cab",133103,133103,131040,1
"C35029928EF0BF8F4FD904CD9F64C99CE56EF57B","Support\Dx_june_2010\Apr2006_xinput_x64.cab",87101,87101,85126,1
"C35029928EF0BF8F4FD904CD9F64C99CE56EF57B","Support\Dx_june_2010\Apr2006_xinput_x86.cab",46010,46010,43969,1
"C35029928EF0BF8F4FD904CD9F64C99CE56EF57B","Support\Dx_june_2010\APR2007_d3dx10_33_x64.cab",698612,698612,696617,1
"C35029928EF0BF8F4FD904CD9F64C99CE56EF57B","Support\Dx_june_2010\APR2007_d3dx10_33_x86.cab",695865,695865,693738,1
"C35029928EF0BF8F4FD904CD9F64C99CE56EF57B","Support\Dx_june_2010\APR2007_d3dx9_33_x64.cab",1607358,1607358,1604804,1
"C35029928EF0BF8F4FD904CD9F64C99CE56EF57B","Support\Dx_june_2010\APR2007_d3dx9_33_x86.cab",1606039,1606039,1601400,1
"C35029928EF0BF8F4FD904CD9F64C99CE56EF57B","Support\Dx_june_2010\APR2007_XACT_x64.cab",195766,195766,193759,1
"C35029928EF0BF8F4FD904CD9F64C99CE56EF57B","Support\Dx_june_2010\APR2007_XACT_x86.cab",151225,151225,149211,1
"C35029928EF0BF8F4FD904CD9F64C99CE56EF57B","Support\Dx_june_2010\APR2007_xinput_x64.cab",96817,96817,94772,1
"C35029928EF0BF8F4FD904CD9F64C99CE56EF57B","Support\Dx_june_2010\APR2007_xinput_x86.cab",53302,53302,51294,1
"C35029928EF0BF8F4FD904CD9F64C99CE56EF57B","Support\Dx_june_2010\Aug2005_d3dx9_27_x64.cab",1350542,1350542,1348488,1
"C35029928EF0BF8F4FD904CD9F64C99CE56EF57B","Support\Dx_june_2010\Aug2005_d3dx9_27_x86.cab",1077644,1077644,1073344,1
"C35029928EF0BF8F4FD904CD9F64C99CE56EF57B","Support\Dx_june_2010\AUG2006_XACT_x64.cab",182903,182903,180880,1
"C35029928EF0BF8F4FD904CD9F64C99CE56EF57B","Support\Dx_june_2010\AUG2006_XACT_x86.cab",137235,137235,135174,1
"C35029928EF0BF8F4FD904CD9F64C99CE56EF57B","Support\Dx_june_2010\AUG2006_xinput_x64.cab",87142,87142,85138,1
"C35029928EF0BF8F4FD904CD9F64C99CE56EF57B","Support\Dx_june_2010\AUG2006_xinput_x86.cab",46058,46058,44033,1
"C35029928EF0BF8F4FD904CD9F64C99CE56EF57B","Support\Dx_june_2010\AUG2007_d3dx10_35_x64.cab",852286,852286,850068,1
"C35029928EF0BF8F4FD904CD9F64C99CE56EF57B","Support\Dx_june_2010\AUG2007_d3dx10_35_x86.cab",796867,796867,794376,1
"C35029928EF0BF8F4FD904CD9F64C99CE56EF57B","Support\Dx_june_2010\AUG2007_d3dx9_35_x64.cab",1800160,1800160,1798026,1
"C35029928EF0BF8F4FD904CD9F64C99CE56EF57B","Support\Dx_june_2010\AUG2007_d3dx9_35_x86.cab",1708152,1708152,1703476,1
"C35029928EF0BF8F4FD904CD9F64C99CE56EF57B","Support\Dx_june_2010\AUG2007_XACT_x64.cab",198096,198096,196083,1
"C35029928EF0BF8F4FD904CD9F64C99CE56EF57B","Support\Dx_june_2010\AUG2007_XACT_x86.cab",153012,153012,151009,1
"C35029928EF0BF8F4FD904CD9F64C99CE56EF57B","Support\Dx_june_2010\Aug2008_d3dx10_39_x64.cab",867612,867612,864964,1
"C35029928EF0BF8F4FD904CD9F64C99CE56EF57B","Support\Dx_june_2010\Aug2008_d3dx10_39_x86.cab",849167,849167,846546,1
"C35029928EF0BF8F4FD904CD9F64C99CE56EF57B","Support\Dx_june_2010\Aug2008_d3dx9_39_x64.cab",1794084,1794084,1791198,1
"C35029928EF0BF8F4FD904CD9F64C99CE56EF57B","Support\Dx_june_2010\Aug2008_d3dx9_39_x86.cab",1464672,1464672,1462272,1
"C35029928EF0BF8F4FD904CD9F64C99CE56EF57B","Support\Dx_june_2010\Aug2008_XACT_x64.cab",121772,121772,119723,1
"C35029928EF0BF8F4FD904CD9F64C99CE56EF57B","Support\Dx_june_2010\Aug2008_XACT_x86.cab",92996,92996,90958,1
"C35029928EF0BF8F4FD904CD9F64C99CE56EF57B","Support\Dx_june_2010\Aug2008_XAudio_x64.cab",271412,271412,269401,1
"C35029928EF0BF8F4FD904CD9F64C99CE56EF57B","Support\Dx_june_2010\Aug2008_XAudio_x86.cab",271038,271038,268867,1
"C35029928EF0BF8F4FD904CD9F64C99CE56EF57B","Support\Dx_june_2010\Aug2009_D3DCompiler_42_x64.cab",919044,919044,912244,1
"C35029928EF0BF8F4FD904CD9F64C99CE56EF57B","Support\Dx_june_2010\Aug2009_D3DCompiler_42_x86.cab",900598,900598,895304,1
"C35029928EF0BF8F4FD904CD9F64C99CE56EF57B","Support\Dx_june_2010\Aug2009_d3dcsx_42_x64.cab",3112111,3112111,3110918,1
"C35029928EF0BF8F4FD904CD9F64C99CE56EF57B","Support\Dx_june_2010\Aug2009_d3dcsx_42_x86.cab",3319740,3319740,3316437,1
"C35029928EF0BF8F4FD904CD9F64C99CE56EF57B","Support\Dx_june_2010\Aug2009_d3dx10_42_x64.cab",232635,232635,230634,1
"C35029928EF0BF8F4FD904CD9F64C99CE56EF57B","Support\Dx_june_2010\Aug2009_d3dx10_42_x86.cab",192131,192131,190066,1
"C35029928EF0BF8F4FD904CD9F64C99CE56EF57B","Support\Dx_june_2010\Aug2009_d3dx11_42_x64.cab",136301,136301,134226,1
"C35029928EF0BF8F4FD904CD9F64C99CE56EF57B","Support\Dx_june_2010\Aug2009_d3dx11_42_x86.cab",105044,105044,102908,1
"C35029928EF0BF8F4FD904CD9F64C99CE56EF57B","Support\Dx_june_2010\Aug2009_d3dx9_42_x64.cab",930116,930116,927457,1
"C35029928EF0BF8F4FD904CD9F64C99CE56EF57B","Support\Dx_june_2010\Aug2009_d3dx9_42_x86.cab",728456,728456,725571,1
"C35029928EF0BF8F4FD904CD9F64C99CE56EF57B","Support\Dx_june_2010\Aug2009_XACT_x64.cab",122408,122408,120361,1
"C35029928EF0BF8F4FD904CD9F64C99CE56EF57B","Support\Dx_june_2010\Aug2009_XACT_x86.cab",93106,93106,91071,1
"C35029928EF0BF8F4FD904CD9F64C99CE56EF57B","Support\Dx_june_2010\Aug2009_XAudio_x64.cab",273264,273264,271259,1
"C35029928EF0BF8F4FD904CD9F64C99CE56EF57B","Support\Dx_june_2010\Aug2009_XAudio_x86.cab",272642,272642,270500,1
"C35029928EF0BF8F4FD904CD9F64C99CE56EF57B","Support\Dx_june_2010\Dec2005_d3dx9_28_x64.cab",1357976,1357976,1355636,1
"C35029928EF0BF8F4FD904CD9F64C99CE56EF57B","Support\Dx_june_2010\Dec2005_d3dx9_28_x86.cab",1079456,1079456,1075165,1
"C35029928EF0BF8F4FD904CD9F64C99CE56EF57B","Support\Dx_june_2010\DEC2006_d3dx10_00_x64.cab",212807,212807,210834,1
"C35029928EF0BF8F4FD904CD9F64C99CE56EF57B","Support\Dx_june_2010\DEC2006_d3dx10_00_x86.cab",191720,191720,189654,1
"C35029928EF0BF8F4FD904CD9F64C99CE56EF57B","Support\Dx_june_2010\DEC2006_d3dx9_32_x64.cab",1571154,1571154,1568888,1
"C35029928EF0BF8F4FD904CD9F64C99CE56EF57B","Support\Dx_june_2010\DEC2006_d3dx9_32_x86.cab",1574376,1574376,1569959,1
"C35029928EF0BF8F4FD904CD9F64C99CE56EF57B","Support\Dx_june_2010\DEC2006_XACT_x64.cab",192475,192475,190484,1
"C35029928EF0BF8F4FD904CD9F64C99CE56EF57B","Support\Dx_june_2010\DEC2006_XACT_x86.cab",145599,145599,143575,1
"C35029928EF0BF8F4FD904CD9F64C99CE56EF57B","Support\Dx_june_2010\DSETUP.dll",95576,95576,49626,1
"C35029928EF0BF8F4FD904CD9F64C99CE56EF57B","Support\Dx_june_2010\dsetup32.dll",1566040,1566040,137067,1
"C35029928EF0BF8F4FD904CD9F64C99CE56EF57B","Support\Dx_june_2010\dxdllreg_x86.cab",44624,44624,42614,1
"C35029928EF0BF8F4FD904CD9F64C99CE56EF57B","Support\Dx_june_2010\DXSETUP.exe",517976,517976,114979,1
"C35029928EF0BF8F4FD904CD9F64C99CE56EF57B","Support\Dx_june_2010\dxupdate.cab",97152,97152,95010,1
"C35029928EF0BF8F4FD904CD9F64C99CE56EF57B","Support\Dx_june_2010\Feb2005_d3dx9_24_x64.cab",1247499,1247499,1245379,1
"C35029928EF0BF8F4FD904CD9F64C99CE56EF57B","Support\Dx_june_2010\Feb2005_d3dx9_24_x86.cab",1013225,1013225,1008867,1
"C35029928EF0BF8F4FD904CD9F64C99CE56EF57B","Support\Dx_june_2010\Feb2006_d3dx9_29_x64.cab",1362796,1362796,1360547,1
"C35029928EF0BF8F4FD904CD9F64C99CE56EF57B","Support\Dx_june_2010\Feb2006_d3dx9_29_x86.cab",1084720,1084720,1080219,1
"C35029928EF0BF8F4FD904CD9F64C99CE56EF57B","Support\Dx_june_2010\Feb2006_XACT_x64.cab",178359,178359,176310,1
"C35029928EF0BF8F4FD904CD9F64C99CE56EF57B","Support\Dx_june_2010\Feb2006_XACT_x86.cab",132409,132409,130330,1
"C35029928EF0BF8F4FD904CD9F64C99CE56EF57B","Support\Dx_june_2010\FEB2007_XACT_x64.cab",194675,194675,192685,1
"C35029928EF0BF8F4FD904CD9F64C99CE56EF57B","Support\Dx_june_2010\FEB2007_XACT_x86.cab",147983,147983,145962,1
"C35029928EF0BF8F4FD904CD9F64C99CE56EF57B","Support\Dx_june_2010\Feb2010_X3DAudio_x64.cab",54678,54678,52637,1
"C35029928EF0BF8F4FD904CD9F64C99CE56EF57B","Support\Dx_june_2010\Feb2010_X3DAudio_x86.cab",20713,20713,18625,1
"C35029928EF0BF8F4FD904CD9F64C99CE56EF57B","Support\Dx_june_2010\Feb2010_XACT_x64.cab",122446,122446,120408,1
"C35029928EF0BF8F4FD904CD9F64C99CE56EF57B","Support\Dx_june_2010\Feb2010_XACT_x86.cab",93180,93180,91146,1
"C35029928EF0BF8F4FD904CD9F64C99CE56EF57B","Support\Dx_june_2010\Feb2010_XAudio_x64.cab",276960,276960,274951,1
"C35029928EF0BF8F4FD904CD9F64C99CE56EF57B","Support\Dx_june_2010\Feb2010_XAudio_x86.cab",277191,277191,275007,1
"C35029928EF0BF8F4FD904CD9F64C99CE56EF57B","Support\Dx_june_2010\Jun2005_d3dx9_26_x64.cab",1336002,1336002,1333611,1
"C35029928EF0BF8F4FD904CD9F64C99CE56EF57B","Support\Dx_june_2010\Jun2005_d3dx9_26_x86.cab",1064925,1064925,1060364,1
"C35029928EF0BF8F4FD904CD9F64C99CE56EF57B","Support\Dx_june_2010\JUN2006_XACT_x64.cab",180785,180785,178758,1
"C35029928EF0BF8F4FD904CD9F64C99CE56EF57B","Support\Dx_june_2010\JUN2006_XACT_x86.cab",133671,133671,131599,1
"C35029928EF0BF8F4FD904CD9F64C99CE56EF57B","Support\Dx_june_2010\JUN2007_d3dx10_34_x64.cab",699044,699044,697088,1
"C35029928EF0BF8F4FD904CD9F64C99CE56EF57B","Support\Dx_june_2010\JUN2007_d3dx10_34_x86.cab",698472,698472,696313,1
"C35029928EF0BF8F4FD904CD9F64C99CE56EF57B","Support\Dx_june_2010\JUN2007_d3dx9_34_x64.cab",1607774,1607774,1605505,1
"C35029928EF0BF8F4FD904CD9F64C99CE56EF57B","Support\Dx_june_2010\JUN2007_d3dx9_34_x86.cab",1607286,1607286,1602606,1
"C35029928EF0BF8F4FD904CD9F64C99CE56EF57B","Support\Dx_june_2010\JUN2007_XACT_x64.cab",197122,197122,195121,1
"C35029928EF0BF8F4FD904CD9F64C99CE56EF57B","Support\Dx_june_2010\JUN2007_XACT_x86.cab",152909,152909,150914,1
"C35029928EF0BF8F4FD904CD9F64C99CE56EF57B","Support\Dx_june_2010\JUN2008_d3dx10_38_x64.cab",867828,867828,865234,1
"C35029928EF0BF8F4FD904CD9F64C99CE56EF57B","Support\Dx_june_2010\JUN2008_d3dx10_38_x86.cab",849919,849919,847318,1
"C35029928EF0BF8F4FD904CD9F64C99CE56EF57B","Support\Dx_june_2010\JUN2008_d3dx9_38_x64.cab",1792608,1792608,1789705,1
"C35029928EF0BF8F4FD904CD9F64C99CE56EF57B","Support\Dx_june_2010\JUN2008_d3dx9_38_x86.cab",1463878,1463878,1460895,1
"C35029928EF0BF8F4FD904CD9F64C99CE56EF57B","Support\Dx_june_2010\JUN2008_X3DAudio_x64.cab",55154,55154,53076,1
"C35029928EF0BF8F4FD904CD9F64C99CE56EF57B","Support\Dx_june_2010\JUN2008_X3DAudio_x86.cab",21905,21905,19815,1
"C35029928EF0BF8F4FD904CD9F64C99CE56EF57B","Support\Dx_june_2010\JUN2008_XACT_x64.cab",121054,121054,118988,1
"C35029928EF0BF8F4FD904CD9F64C99CE56EF57B","Support\Dx_june_2010\JUN2008_XACT_x86.cab",93128,93128,91093,1
"C35029928EF0BF8F4FD904CD9F64C99CE56EF57B","Support\Dx_june_2010\JUN2008_XAudio_x64.cab",269628,269628,267600,1
"C35029928EF0BF8F4FD904CD9F64C99CE56EF57B","Support\Dx_june_2010\JUN2008_XAudio_x86.cab",269024,269024,266881,1
"C35029928EF0BF8F4FD904CD9F64C99CE56EF57B","Support\Dx_june_2010\Jun2010_D3DCompiler_43_x64.cab",944460,944460,942411,1
"C35029928EF0BF8F4FD904CD9F64C99CE56EF57B","Support\Dx_june_2010\Jun2010_D3DCompiler_43_x86.cab",931471,931471,928499,1
"C35029928EF0BF8F4FD904CD9F64C99CE56EF57B","Support\Dx_june_2010\Jun2010_d3dcsx_43_x64.cab",752783,752783,748357,1
"C35029928EF0BF8F4FD904CD9F64C99CE56EF57B","Support\Dx_june_2010\Jun2010_d3dcsx_43_x86.cab",762188,762188,753064,1
"C35029928EF0BF8F4FD904CD9F64C99CE56EF57B","Support\Dx_june_2010\Jun2010_d3dx10_43_x64.cab",235955,235955,233877,1
"C35029928EF0BF8F4FD904CD9F64C99CE56EF57B","Support\Dx_june_2010\Jun2010_d3dx10_43_x86.cab",197283,197283,195159,1
"C35029928EF0BF8F4FD904CD9F64C99CE56EF57B","Support\Dx_june_2010\Jun2010_d3dx11_43_x64.cab",138205,138205,136109,1
"C35029928EF0BF8F4FD904CD9F64C99CE56EF57B","Support\Dx_june_2010\Jun2010_d3dx11_43_x86.cab",109445,109445,107328,1
"C35029928EF0BF8F4FD904CD9F64C99CE56EF57B","Support\Dx_june_2010\Jun2010_d3dx9_43_x64.cab",937246,937246,934766,1
"C35029928EF0BF8F4FD904CD9F64C99CE56EF57B","Support\Dx_june_2010\Jun2010_d3dx9_43_x86.cab",768036,768036,765310,1
"C35029928EF0BF8F4FD904CD9F64C99CE56EF57B","Support\Dx_june_2010\Jun2010_XACT_x64.cab",124596,124596,122554,1
"C35029928EF0BF8F4FD904CD9F64C99CE56EF57B","Support\Dx_june_2010\Jun2010_XACT_x86.cab",93686,93686,91646,1
"C35029928EF0BF8F4FD904CD9F64C99CE56EF57B","Support\Dx_june_2010\Jun2010_XAudio_x64.cab",277338,277338,275349,1
"C35029928EF0BF8F4FD904CD9F64C99CE56EF57B","Support\Dx_june_2010\Jun2010_XAudio_x86.cab",278060,278060,275848,1
"C35029928EF0BF8F4FD904CD9F64C99CE56EF57B","Support\Dx_june_2010\Mar2008_d3dx10_37_x64.cab",844884,844884,842303,1
"C35029928EF0BF8F4FD904CD9F64C99CE56EF57B","Support\Dx_june_2010\Mar2008_d3dx10_37_x86.cab",818260,818260,815189,1
"C35029928EF0BF8F4FD904CD9F64C99CE56EF57B","Support\Dx_june_2010\Mar2008_d3dx9_37_x64.cab",1769862,1769862,1766697,1
"C35029928EF0BF8F4FD904CD9F64C99CE56EF57B","Support\Dx_june_2010\Mar2008_d3dx9_37_x86.cab",1443282,1443282,1440114,1
"C35029928EF0BF8F4FD904CD9F64C99CE56EF57B","Support\Dx_june_2010\Mar2008_X3DAudio_x64.cab",55058,55058,53008,1
"C35029928EF0BF8F4FD904CD9F64C99CE56EF57B","Support\Dx_june_2010\Mar2008_X3DAudio_x86.cab",21867,21867,19752,1
"C35029928EF0BF8F4FD904CD9F64C99CE56EF57B","Support\Dx_june_2010\Mar2008_XACT_x64.cab",122336,122336,120278,1
"C35029928EF0BF8F4FD904CD9F64C99CE56EF57B","Support\Dx_june_2010\Mar2008_XACT_x86.cab",93734,93734,91700,1
"C35029928EF0BF8F4FD904CD9F64C99CE56EF57B","Support\Dx_june_2010\Mar2008_XAudio_x64.cab",251194,251194,249239,1
"C35029928EF0BF8F4FD904CD9F64C99CE56EF57B","Support\Dx_june_2010\Mar2008_XAudio_x86.cab",226250,226250,224106,1
"C35029928EF0BF8F4FD904CD9F64C99CE56EF57B","Support\Dx_june_2010\Mar2009_d3dx10_41_x64.cab",1067160,1067160,1061050,1
"C35029928EF0BF8F4FD904CD9F64C99CE56EF57B","Support\Dx_june_2010\Mar2009_d3dx10_41_x86.cab",1040745,1040745,1035632,1
"C35029928EF0BF8F4FD904CD9F64C99CE56EF57B","Support\Dx_june_2010\Mar2009_d3dx9_41_x64.cab",1973702,1973702,1966293,1
"C35029928EF0BF8F4FD904CD9F64C99CE56EF57B","Support\Dx_june_2010\Mar2009_d3dx9_41_x86.cab",1612446,1612446,1608077,1
"C35029928EF0BF8F4FD904CD9F64C99CE56EF57B","Support\Dx_june_2010\Mar2009_X3DAudio_x64.cab",54600,54600,52565,1
"C35029928EF0BF8F4FD904CD9F64C99CE56EF57B","Support\Dx_june_2010\Mar2009_X3DAudio_x86.cab",21298,21298,19229,1
"C35029928EF0BF8F4FD904CD9F64C99CE56EF57B","Support\Dx_june_2010\Mar2009_XACT_x64.cab",121506,121506,119447,1
"C35029928EF0BF8F4FD904CD9F64C99CE56EF57B","Support\Dx_june_2010\Mar2009_XACT_x86.cab",92740,92740,90697,1
"C35029928EF0BF8F4FD904CD9F64C99CE56EF57B","Support\Dx_june_2010\Mar2009_XAudio_x64.cab",275044,275044,273048,1
"C35029928EF0BF8F4FD904CD9F64C99CE56EF57B","Support\Dx_june_2010\Mar2009_XAudio_x86.cab",273018,273018,270826,1
"C35029928EF0BF8F4FD904CD9F64C99CE56EF57B","Support\Dx_june_2010\Nov2007_d3dx10_36_x64.cab",864600,864600,862549,1
"C35029928EF0BF8F4FD904CD9F64C99CE56EF57B","Support\Dx_june_2010\Nov2007_d3dx10_36_x86.cab",803884,803884,801447,1
"C35029928EF0BF8F4FD904CD9F64C99CE56EF57B","Support\Dx_june_2010\Nov2007_d3dx9_36_x64.cab",1802058,1802058,1799941,1
"C35029928EF0BF8F4FD904CD9F64C99CE56EF57B","Support\Dx_june_2010\Nov2007_d3dx9_36_x86.cab",1709360,1709360,1704384,1
"C35029928EF0BF8F4FD904CD9F64C99CE56EF57B","Support\Dx_june_2010\NOV2007_X3DAudio_x64.cab",46144,46144,44073,1
"C35029928EF0BF8F4FD904CD9F64C99CE56EF57B","Support\Dx_june_2010\NOV2007_X3DAudio_x86.cab",18496,18496,16371,1
"C35029928EF0BF8F4FD904CD9F64C99CE56EF57B","Support\Dx_june_2010\NOV2007_XACT_x64.cab",196762,196762,194756,1
"C35029928EF0BF8F4FD904CD9F64C99CE56EF57B","Support\Dx_june_2010\NOV2007_XACT_x86.cab",148264,148264,146203,1
"C35029928EF0BF8F4FD904CD9F64C99CE56EF57B","Support\Dx_june_2010\Nov2008_d3dx10_40_x64.cab",994154,994154,989097,1
"C35029928EF0BF8F4FD904CD9F64C99CE56EF57B","Support\Dx_june_2010\Nov2008_d3dx10_40_x86.cab",965421,965421,961285,1
"C35029928EF0BF8F4FD904CD9F64C99CE56EF57B","Support\Dx_june_2010\Nov2008_d3dx9_40_x64.cab",1906878,1906878,1901166,1
"C35029928EF0BF8F4FD904CD9F64C99CE56EF57B","Support\Dx_june_2010\Nov2008_d3dx9_40_x86.cab",1550796,1550796,1547221,1
"C35029928EF0BF8F4FD904CD9F64C99CE56EF57B","Support\Dx_june_2010\Nov2008_X3DAudio_x64.cab",54522,54522,52486,1
"C35029928EF0BF8F4FD904CD9F64C99CE56EF57B","Support\Dx_june_2010\Nov2008_X3DAudio_x86.cab",21851,21851,19736,1
"C35029928EF0BF8F4FD904CD9F64C99CE56EF57B","Support\Dx_june_2010\Nov2008_XACT_x64.cab",121794,121794,119740,1
"C35029928EF0BF8F4FD904CD9F64C99CE56EF57B","Support\Dx_june_2010\Nov2008_XACT_x86.cab",92684,92684,90646,1
"C35029928EF0BF8F4FD904CD9F64C99CE56EF57B","Support\Dx_june_2010\Nov2008_XAudio_x64.cab",273960,273960,271956,1
"C35029928EF0BF8F4FD904CD9F64C99CE56EF57B","Support\Dx_june_2010\Nov2008_XAudio_x86.cab",272611,272611,270459,1
"C35029928EF0BF8F4FD904CD9F64C99CE56EF57B","Support\Dx_june_2010\Oct2005_xinput_x64.cab",86037,86037,84042,1
"C35029928EF0BF8F4FD904CD9F64C99CE56EF57B","Support\Dx_june_2010\Oct2005_xinput_x86.cab",45359,45359,43326,1
"C35029928EF0BF8F4FD904CD9F64C99CE56EF57B","Support\Dx_june_2010\OCT2006_d3dx9_31_x64.cab",1412902,1412902,1410505,1
"C35029928EF0BF8F4FD904CD9F64C99CE56EF57B","Support\Dx_june_2010\OCT2006_d3dx9_31_x86.cab",1127217,1127217,1122685,1
"C35029928EF0BF8F4FD904CD9F64C99CE56EF57B","Support\Dx_june_2010\OCT2006_XACT_x64.cab",182361,182361,180312,1
"C35029928EF0BF8F4FD904CD9F64C99CE56EF57B","Support\Dx_june_2010\OCT2006_XACT_x86.cab",138017,138017,135946,1
"C35029928EF0BF8F4FD904CD9F64C99CE56EF57B","Support\utils\GDFLang\Danish.lang",398,398,180,1
"C35029928EF0BF8F4FD904CD9F64C99CE56EF57B","Support\utils\GDFLang\Dutch.lang",432,432,189,1
"C35029928EF0BF8F4FD904CD9F64C99CE56EF57B","Support\utils\GDFLang\English.lang",398,398,167,1
"C35029928EF0BF8F4FD904CD9F64C99CE56EF57B","Support\utils\GDFLang\French.lang",412,412,189,1
"C35029928EF0BF8F4FD904CD9F64C99CE56EF57B","Support\utils\GDFLang\German.lang",420,420,182,1
"C35029928EF0BF8F4FD904CD9F64C99CE56EF57B","Support\utils\GDFLang\Italian.lang",422,422,186,1
"C35029928EF0BF8F4FD904CD9F64C99CE56EF57B","Support\utils\GDFLang\Norwegian.lang",402,402,173,1
"C35029928EF0BF8F4FD904CD9F64C99CE56EF57B","Support\utils\GDFLang\Polish.lang",396,396,187,1
"C35029928EF0BF8F4FD904CD9F64C99CE56EF57B","Support\utils\GDFLang\Spanish.lang",418,418,192,1
"C35029928EF0BF8F4FD904CD9F64C99CE56EF57B","Support\utils\GDFLang\Swedish.lang",402,402,185,1
"C35029928EF0BF8F4FD904CD9F64C99CE56EF57B","Support\Manual\Danish\Manual.pdf",1797568,1797568,1595755,1
"C35029928EF0BF8F4FD904CD9F64C99CE56EF57B","Support\Manual\Dutch\Manual.pdf",1909957,1909957,1700951,1
"C35029928EF0BF8F4FD904CD9F64C99CE56EF57B","Support\Manual\English\Manual.pdf",3506915,3506915,3364651,1
"C35029928EF0BF8F4FD904CD9F64C99CE56EF57B","Support\Manual\English (UK)\Manual.pdf",1797568,1797568,1595755,1
"C35029928EF0BF8F4FD904CD9F64C99CE56EF57B","Support\Manual\French\Manual.pdf",1905680,1905680,1697592,1
"C35029928EF0BF8F4FD904CD9F64C99CE56EF57B","Support\Manual\French (Canada)\Manual.pdf",3166029,3166029,3056139,1
"C35029928EF0BF8F4FD904CD9F64C99CE56EF57B","Support\Manual\German\Manual.pdf",1931193,1931193,1720870,1
"C35029928EF0BF8F4FD904CD9F64C99CE56EF57B","Support\Manual\Italian\Manual.pdf",1894378,1894378,1688954,1
"C35029928EF0BF8F4FD904CD9F64C99CE56EF57B","Support\Manual\Norwegian\Manual.pdf",1797568,1797568,1595755,1
"C35029928EF0BF8F4FD904CD9F64C99CE56EF57B","Support\Manual\Polish\Manual.pdf",1776889,1776889,1625938,1
"C35029928EF0BF8F4FD904CD9F64C99CE56EF57B","Support\Manual\Spanish\Manual.pdf",1903616,1903616,1696915,1
"C35029928EF0BF8F4FD904CD9F64C99CE56EF57B","Support\Manual\Swedish\Manual.pdf",1797568,1797568,1595755,1
"C35029928EF0BF8F4FD904CD9F64C99CE56EF57B","Support\Readme\Danish\LaesMig.txt",9205,9205,3613,1
"C35029928EF0BF8F4FD904CD9F64C99CE56EF57B","Support\Readme\Dutch\LeesMij.txt",11027,11027,4055,1
"C35029928EF0BF8F4FD904CD9F64C99CE56EF57B","Support\Readme\English\ReadMe.txt",9958,9958,3918,1
"C35029928EF0BF8F4FD904CD9F64C99CE56EF57B","Support\Readme\English (UK)\ReadMe.txt",9829,9829,3853,1
"C35029928EF0BF8F4FD904CD9F64C99CE56EF57B","Support\Readme\French\LisezMoi.txt",8666,8666,3293,1
"C35029928EF0BF8F4FD904CD9F64C99CE56EF57B","Support\Readme\French (Canada)\LisezMoi.txt",8340,8340,3122,1
"C35029928EF0BF8F4FD904CD9F64C99CE56EF57B","Support\Readme\German\Liesmich.txt",8788,8788,3508,1
"C35029928EF0BF8F4FD904CD9F64C99CE56EF57B","Support\Readme\Italian\Leggimi.txt",9611,9611,3662,1
"C35029928EF0BF8F4FD904CD9F64C99CE56EF57B","Support\Readme\Norwegian\ReadMe.txt",9677,9677,3668,1
"C35029928EF0BF8F4FD904CD9F64C99CE56EF57B","Support\Readme\Polish\ReadMe.txt",10354,10354,4095,1
"C35029928EF0BF8F4FD904CD9F64C99CE56EF57B","Support\Readme\Spanish\Leeme.txt",9950,9950,3627,1
"C35029928EF0BF8F4FD904CD9F64C99CE56EF57B","Support\Readme\Swedish\Lasmig.txt",9288,9288,3655,1
