"2855","A8D58A80A2CFB20A2CE0EB11EFF9C9DDB8E31A5E","0000-00-00",344,60841454331,711912187,2219672751,1
"A8D58A80A2CFB20A2CE0EB11EFF9C9DDB8E31A5E","Support\Software\vcredist_x64.exe",15298360,15298360,15085300,1
"A8D58A80A2CFB20A2CE0EB11EFF9C9DDB8E31A5E","Support\Software\Windows6.1-KB2670838-x64.msu",11840839,11840839,11838241,1
"A8D58A80A2CFB20A2CE0EB11EFF9C9DDB8E31A5E","Support\Software\UplayInstaller.exe",99454192,99454192,99133752,1
"A8D58A80A2CFB20A2CE0EB11EFF9C9DDB8E31A5E","Support\Software\DirectX\Apr2005_d3dx9_25_x64.cab",1347354,1347354,1345055,1
"A8D58A80A2CFB20A2CE0EB11EFF9C9DDB8E31A5E","Support\Software\DirectX\Apr2005_d3dx9_25_x86.cab",1078962,1078962,1074298,1
"A8D58A80A2CFB20A2CE0EB11EFF9C9DDB8E31A5E","Support\Software\DirectX\Apr2006_d3dx9_30_x64.cab",1397830,1397830,1395632,1
"A8D58A80A2CFB20A2CE0EB11EFF9C9DDB8E31A5E","Support\Software\DirectX\Apr2006_d3dx9_30_x86.cab",1115221,1115221,1110854,1
"A8D58A80A2CFB20A2CE0EB11EFF9C9DDB8E31A5E","Support\Software\DirectX\Apr2006_MDX1_x86.cab",916430,916430,910566,1
"A8D58A80A2CFB20A2CE0EB11EFF9C9DDB8E31A5E","Support\Software\DirectX\Apr2006_MDX1_x86_Archive.cab",4162630,4162630,4161695,1
"A8D58A80A2CFB20A2CE0EB11EFF9C9DDB8E31A5E","Support\Software\DirectX\Apr2006_XACT_x64.cab",179133,179133,177107,1
"A8D58A80A2CFB20A2CE0EB11EFF9C9DDB8E31A5E","Support\Software\DirectX\Apr2006_XACT_x86.cab",133103,133103,131040,1
"A8D58A80A2CFB20A2CE0EB11EFF9C9DDB8E31A5E","Support\Software\DirectX\Apr2006_xinput_x64.cab",87101,87101,85126,1
"A8D58A80A2CFB20A2CE0EB11EFF9C9DDB8E31A5E","Support\Software\DirectX\Apr2006_xinput_x86.cab",46010,46010,43969,1
"A8D58A80A2CFB20A2CE0EB11EFF9C9DDB8E31A5E","Support\Software\DirectX\APR2007_d3dx10_33_x64.cab",698612,698612,696617,1
"A8D58A80A2CFB20A2CE0EB11EFF9C9DDB8E31A5E","Support\Software\DirectX\APR2007_d3dx10_33_x86.cab",695865,695865,693738,1
"A8D58A80A2CFB20A2CE0EB11EFF9C9DDB8E31A5E","Support\Software\DirectX\APR2007_d3dx9_33_x64.cab",1607358,1607358,1604824,1
"A8D58A80A2CFB20A2CE0EB11EFF9C9DDB8E31A5E","Support\Software\DirectX\APR2007_d3dx9_33_x86.cab",1606039,1606039,1601400,1
"A8D58A80A2CFB20A2CE0EB11EFF9C9DDB8E31A5E","Support\Software\DirectX\APR2007_XACT_x64.cab",195766,195766,193759,1
"A8D58A80A2CFB20A2CE0EB11EFF9C9DDB8E31A5E","Support\Software\DirectX\APR2007_XACT_x86.cab",151225,151225,149211,1
"A8D58A80A2CFB20A2CE0EB11EFF9C9DDB8E31A5E","Support\Software\DirectX\APR2007_xinput_x64.cab",96817,96817,94772,1
"A8D58A80A2CFB20A2CE0EB11EFF9C9DDB8E31A5E","Support\Software\DirectX\APR2007_xinput_x86.cab",53302,53302,51294,1
"A8D58A80A2CFB20A2CE0EB11EFF9C9DDB8E31A5E","Support\Software\DirectX\Aug2005_d3dx9_27_x64.cab",1350542,1350542,1348512,1
"A8D58A80A2CFB20A2CE0EB11EFF9C9DDB8E31A5E","Support\Software\DirectX\Aug2005_d3dx9_27_x86.cab",1077644,1077644,1073323,1
"A8D58A80A2CFB20A2CE0EB11EFF9C9DDB8E31A5E","Support\Software\DirectX\AUG2006_XACT_x64.cab",182903,182903,180880,1
"A8D58A80A2CFB20A2CE0EB11EFF9C9DDB8E31A5E","Support\Software\DirectX\AUG2006_XACT_x86.cab",137235,137235,135174,1
"A8D58A80A2CFB20A2CE0EB11EFF9C9DDB8E31A5E","Support\Software\DirectX\AUG2006_xinput_x64.cab",87142,87142,85138,1
"A8D58A80A2CFB20A2CE0EB11EFF9C9DDB8E31A5E","Support\Software\DirectX\AUG2006_xinput_x86.cab",46058,46058,44033,1
"A8D58A80A2CFB20A2CE0EB11EFF9C9DDB8E31A5E","Support\Software\DirectX\AUG2007_d3dx10_35_x64.cab",852286,852286,850068,1
"A8D58A80A2CFB20A2CE0EB11EFF9C9DDB8E31A5E","Support\Software\DirectX\AUG2007_d3dx10_35_x86.cab",796867,796867,794376,1
"A8D58A80A2CFB20A2CE0EB11EFF9C9DDB8E31A5E","Support\Software\DirectX\AUG2007_d3dx9_35_x64.cab",1800160,1800160,1798017,1
"A8D58A80A2CFB20A2CE0EB11EFF9C9DDB8E31A5E","Support\Software\DirectX\AUG2007_d3dx9_35_x86.cab",1708152,1708152,1703474,1
"A8D58A80A2CFB20A2CE0EB11EFF9C9DDB8E31A5E","Support\Software\DirectX\AUG2007_XACT_x64.cab",198096,198096,196083,1
"A8D58A80A2CFB20A2CE0EB11EFF9C9DDB8E31A5E","Support\Software\DirectX\AUG2007_XACT_x86.cab",153012,153012,151009,1
"A8D58A80A2CFB20A2CE0EB11EFF9C9DDB8E31A5E","Support\Software\DirectX\Aug2008_d3dx10_39_x64.cab",867612,867612,864964,1
"A8D58A80A2CFB20A2CE0EB11EFF9C9DDB8E31A5E","Support\Software\DirectX\Aug2008_d3dx10_39_x86.cab",849167,849167,846546,1
"A8D58A80A2CFB20A2CE0EB11EFF9C9DDB8E31A5E","Support\Software\DirectX\Aug2008_d3dx9_39_x64.cab",1794084,1794084,1791229,1
"A8D58A80A2CFB20A2CE0EB11EFF9C9DDB8E31A5E","Support\Software\DirectX\Aug2008_d3dx9_39_x86.cab",1464672,1464672,1462273,1
"A8D58A80A2CFB20A2CE0EB11EFF9C9DDB8E31A5E","Support\Software\DirectX\Aug2008_XACT_x64.cab",121772,121772,119723,1
"A8D58A80A2CFB20A2CE0EB11EFF9C9DDB8E31A5E","Support\Software\DirectX\Aug2008_XACT_x86.cab",92996,92996,90958,1
"A8D58A80A2CFB20A2CE0EB11EFF9C9DDB8E31A5E","Support\Software\DirectX\Aug2008_XAudio_x64.cab",271412,271412,269401,1
"A8D58A80A2CFB20A2CE0EB11EFF9C9DDB8E31A5E","Support\Software\DirectX\Aug2008_XAudio_x86.cab",271038,271038,268867,1
"A8D58A80A2CFB20A2CE0EB11EFF9C9DDB8E31A5E","Support\Software\DirectX\Aug2009_D3DCompiler_42_x64.cab",919044,919044,912244,1
"A8D58A80A2CFB20A2CE0EB11EFF9C9DDB8E31A5E","Support\Software\DirectX\Aug2009_D3DCompiler_42_x86.cab",900598,900598,895304,1
"A8D58A80A2CFB20A2CE0EB11EFF9C9DDB8E31A5E","Support\Software\DirectX\Aug2009_d3dcsx_42_x64.cab",3112111,3112111,3110912,1
"A8D58A80A2CFB20A2CE0EB11EFF9C9DDB8E31A5E","Support\Software\DirectX\Aug2009_d3dcsx_42_x86.cab",3319740,3319740,3316464,1
"A8D58A80A2CFB20A2CE0EB11EFF9C9DDB8E31A5E","Support\Software\DirectX\Aug2009_d3dx10_42_x64.cab",232635,232635,230634,1
"A8D58A80A2CFB20A2CE0EB11EFF9C9DDB8E31A5E","Support\Software\DirectX\Aug2009_d3dx10_42_x86.cab",192131,192131,190066,1
"A8D58A80A2CFB20A2CE0EB11EFF9C9DDB8E31A5E","Support\Software\DirectX\Aug2009_d3dx11_42_x64.cab",136301,136301,134226,1
"A8D58A80A2CFB20A2CE0EB11EFF9C9DDB8E31A5E","Support\Software\DirectX\Aug2009_d3dx11_42_x86.cab",105044,105044,102908,1
"A8D58A80A2CFB20A2CE0EB11EFF9C9DDB8E31A5E","Support\Software\DirectX\Aug2009_d3dx9_42_x64.cab",930116,930116,927457,1
"A8D58A80A2CFB20A2CE0EB11EFF9C9DDB8E31A5E","Support\Software\DirectX\Aug2009_d3dx9_42_x86.cab",728456,728456,725571,1
"A8D58A80A2CFB20A2CE0EB11EFF9C9DDB8E31A5E","Support\Software\DirectX\Aug2009_XACT_x64.cab",122408,122408,120361,1
"A8D58A80A2CFB20A2CE0EB11EFF9C9DDB8E31A5E","Support\Software\DirectX\Aug2009_XACT_x86.cab",93106,93106,91071,1
"A8D58A80A2CFB20A2CE0EB11EFF9C9DDB8E31A5E","Support\Software\DirectX\Aug2009_XAudio_x64.cab",273264,273264,271259,1
"A8D58A80A2CFB20A2CE0EB11EFF9C9DDB8E31A5E","Support\Software\DirectX\Aug2009_XAudio_x86.cab",272642,272642,270500,1
"A8D58A80A2CFB20A2CE0EB11EFF9C9DDB8E31A5E","Support\Software\DirectX\Dec2005_d3dx9_28_x64.cab",1357976,1357976,1355625,1
"A8D58A80A2CFB20A2CE0EB11EFF9C9DDB8E31A5E","Support\Software\DirectX\Dec2005_d3dx9_28_x86.cab",1079456,1079456,1075157,1
"A8D58A80A2CFB20A2CE0EB11EFF9C9DDB8E31A5E","Support\Software\DirectX\DEC2006_d3dx10_00_x64.cab",212807,212807,210834,1
"A8D58A80A2CFB20A2CE0EB11EFF9C9DDB8E31A5E","Support\Software\DirectX\DEC2006_d3dx10_00_x86.cab",191720,191720,189654,1
"A8D58A80A2CFB20A2CE0EB11EFF9C9DDB8E31A5E","Support\Software\DirectX\DEC2006_d3dx9_32_x64.cab",1571154,1571154,1568880,1
"A8D58A80A2CFB20A2CE0EB11EFF9C9DDB8E31A5E","Support\Software\DirectX\DEC2006_d3dx9_32_x86.cab",1574376,1574376,1570056,1
"A8D58A80A2CFB20A2CE0EB11EFF9C9DDB8E31A5E","Support\Software\DirectX\DEC2006_XACT_x64.cab",192475,192475,190484,1
"A8D58A80A2CFB20A2CE0EB11EFF9C9DDB8E31A5E","Support\Software\DirectX\DEC2006_XACT_x86.cab",145599,145599,143575,1
"A8D58A80A2CFB20A2CE0EB11EFF9C9DDB8E31A5E","Support\Software\DirectX\DSETUP.dll",95576,95576,49626,1
"A8D58A80A2CFB20A2CE0EB11EFF9C9DDB8E31A5E","Support\Software\DirectX\dsetup32.dll",1566040,1566040,134724,1
"A8D58A80A2CFB20A2CE0EB11EFF9C9DDB8E31A5E","Support\Software\DirectX\dxdllreg_x86.cab",44624,44624,42614,1
"A8D58A80A2CFB20A2CE0EB11EFF9C9DDB8E31A5E","Support\Software\DirectX\DXSETUP.exe",517976,517976,114979,1
"A8D58A80A2CFB20A2CE0EB11EFF9C9DDB8E31A5E","Support\Software\DirectX\dxupdate.cab",97152,97152,95010,1
"A8D58A80A2CFB20A2CE0EB11EFF9C9DDB8E31A5E","Support\Software\DirectX\Feb2005_d3dx9_24_x64.cab",1247499,1247499,1245382,1
"A8D58A80A2CFB20A2CE0EB11EFF9C9DDB8E31A5E","Support\Software\DirectX\Feb2005_d3dx9_24_x86.cab",1013225,1013225,1008867,1
"A8D58A80A2CFB20A2CE0EB11EFF9C9DDB8E31A5E","Support\Software\DirectX\Feb2006_d3dx9_29_x64.cab",1362796,1362796,1360528,1
"A8D58A80A2CFB20A2CE0EB11EFF9C9DDB8E31A5E","Support\Software\DirectX\Feb2006_d3dx9_29_x86.cab",1084720,1084720,1080173,1
"A8D58A80A2CFB20A2CE0EB11EFF9C9DDB8E31A5E","Support\Software\DirectX\Feb2006_XACT_x64.cab",178359,178359,176310,1
"A8D58A80A2CFB20A2CE0EB11EFF9C9DDB8E31A5E","Support\Software\DirectX\Feb2006_XACT_x86.cab",132409,132409,130330,1
"A8D58A80A2CFB20A2CE0EB11EFF9C9DDB8E31A5E","Support\Software\DirectX\FEB2007_XACT_x64.cab",194675,194675,192685,1
"A8D58A80A2CFB20A2CE0EB11EFF9C9DDB8E31A5E","Support\Software\DirectX\FEB2007_XACT_x86.cab",147983,147983,145962,1
"A8D58A80A2CFB20A2CE0EB11EFF9C9DDB8E31A5E","Support\Software\DirectX\Feb2010_X3DAudio_x64.cab",54678,54678,52637,1
"A8D58A80A2CFB20A2CE0EB11EFF9C9DDB8E31A5E","Support\Software\DirectX\Feb2010_X3DAudio_x86.cab",20713,20713,18625,1
"A8D58A80A2CFB20A2CE0EB11EFF9C9DDB8E31A5E","Support\Software\DirectX\Feb2010_XACT_x64.cab",122446,122446,120408,1
"A8D58A80A2CFB20A2CE0EB11EFF9C9DDB8E31A5E","Support\Software\DirectX\Feb2010_XACT_x86.cab",93180,93180,91146,1
"A8D58A80A2CFB20A2CE0EB11EFF9C9DDB8E31A5E","Support\Software\DirectX\Feb2010_XAudio_x64.cab",276960,276960,274951,1
"A8D58A80A2CFB20A2CE0EB11EFF9C9DDB8E31A5E","Support\Software\DirectX\Feb2010_XAudio_x86.cab",277191,277191,275007,1
"A8D58A80A2CFB20A2CE0EB11EFF9C9DDB8E31A5E","Support\Software\DirectX\Jun2005_d3dx9_26_x64.cab",1336002,1336002,1333626,1
"A8D58A80A2CFB20A2CE0EB11EFF9C9DDB8E31A5E","Support\Software\DirectX\Jun2005_d3dx9_26_x86.cab",1064925,1064925,1060358,1
"A8D58A80A2CFB20A2CE0EB11EFF9C9DDB8E31A5E","Support\Software\DirectX\JUN2006_XACT_x64.cab",180785,180785,178758,1
"A8D58A80A2CFB20A2CE0EB11EFF9C9DDB8E31A5E","Support\Software\DirectX\JUN2006_XACT_x86.cab",133671,133671,131599,1
"A8D58A80A2CFB20A2CE0EB11EFF9C9DDB8E31A5E","Support\Software\DirectX\JUN2007_d3dx10_34_x64.cab",699044,699044,697088,1
"A8D58A80A2CFB20A2CE0EB11EFF9C9DDB8E31A5E","Support\Software\DirectX\JUN2007_d3dx10_34_x86.cab",698472,698472,696313,1
"A8D58A80A2CFB20A2CE0EB11EFF9C9DDB8E31A5E","Support\Software\DirectX\JUN2007_d3dx9_34_x64.cab",1607774,1607774,1605550,1
"A8D58A80A2CFB20A2CE0EB11EFF9C9DDB8E31A5E","Support\Software\DirectX\JUN2007_d3dx9_34_x86.cab",1607286,1607286,1602619,1
"A8D58A80A2CFB20A2CE0EB11EFF9C9DDB8E31A5E","Support\Software\DirectX\JUN2007_XACT_x64.cab",197122,197122,195121,1
"A8D58A80A2CFB20A2CE0EB11EFF9C9DDB8E31A5E","Support\Software\DirectX\JUN2007_XACT_x86.cab",152909,152909,150914,1
"A8D58A80A2CFB20A2CE0EB11EFF9C9DDB8E31A5E","Support\Software\DirectX\JUN2008_d3dx10_38_x64.cab",867828,867828,865234,1
"A8D58A80A2CFB20A2CE0EB11EFF9C9DDB8E31A5E","Support\Software\DirectX\JUN2008_d3dx10_38_x86.cab",849919,849919,847318,1
"A8D58A80A2CFB20A2CE0EB11EFF9C9DDB8E31A5E","Support\Software\DirectX\JUN2008_d3dx9_38_x64.cab",1792608,1792608,1789674,1
"A8D58A80A2CFB20A2CE0EB11EFF9C9DDB8E31A5E","Support\Software\DirectX\JUN2008_d3dx9_38_x86.cab",1463878,1463878,1460853,1
"A8D58A80A2CFB20A2CE0EB11EFF9C9DDB8E31A5E","Support\Software\DirectX\JUN2008_X3DAudio_x64.cab",55154,55154,53076,1
"A8D58A80A2CFB20A2CE0EB11EFF9C9DDB8E31A5E","Support\Software\DirectX\JUN2008_X3DAudio_x86.cab",21905,21905,19815,1
"A8D58A80A2CFB20A2CE0EB11EFF9C9DDB8E31A5E","Support\Software\DirectX\JUN2008_XACT_x64.cab",121054,121054,118988,1
"A8D58A80A2CFB20A2CE0EB11EFF9C9DDB8E31A5E","Support\Software\DirectX\JUN2008_XACT_x86.cab",93128,93128,91093,1
"A8D58A80A2CFB20A2CE0EB11EFF9C9DDB8E31A5E","Support\Software\DirectX\JUN2008_XAudio_x64.cab",269628,269628,267600,1
"A8D58A80A2CFB20A2CE0EB11EFF9C9DDB8E31A5E","Support\Software\DirectX\JUN2008_XAudio_x86.cab",269024,269024,266881,1
"A8D58A80A2CFB20A2CE0EB11EFF9C9DDB8E31A5E","Support\Software\DirectX\Jun2010_D3DCompiler_43_x64.cab",944460,944460,942411,1
"A8D58A80A2CFB20A2CE0EB11EFF9C9DDB8E31A5E","Support\Software\DirectX\Jun2010_D3DCompiler_43_x86.cab",931471,931471,928499,1
"A8D58A80A2CFB20A2CE0EB11EFF9C9DDB8E31A5E","Support\Software\DirectX\Jun2010_d3dcsx_43_x64.cab",752783,752783,748357,1
"A8D58A80A2CFB20A2CE0EB11EFF9C9DDB8E31A5E","Support\Software\DirectX\Jun2010_d3dcsx_43_x86.cab",762188,762188,753064,1
"A8D58A80A2CFB20A2CE0EB11EFF9C9DDB8E31A5E","Support\Software\DirectX\Jun2010_d3dx10_43_x64.cab",235955,235955,233877,1
"A8D58A80A2CFB20A2CE0EB11EFF9C9DDB8E31A5E","Support\Software\DirectX\Jun2010_d3dx10_43_x86.cab",197283,197283,195159,1
"A8D58A80A2CFB20A2CE0EB11EFF9C9DDB8E31A5E","Support\Software\DirectX\Jun2010_d3dx11_43_x64.cab",138205,138205,136109,1
"A8D58A80A2CFB20A2CE0EB11EFF9C9DDB8E31A5E","Support\Software\DirectX\Jun2010_d3dx11_43_x86.cab",109445,109445,107328,1
"A8D58A80A2CFB20A2CE0EB11EFF9C9DDB8E31A5E","Support\Software\DirectX\Jun2010_d3dx9_43_x64.cab",937246,937246,934766,1
"A8D58A80A2CFB20A2CE0EB11EFF9C9DDB8E31A5E","Support\Software\DirectX\Jun2010_d3dx9_43_x86.cab",768036,768036,765310,1
"A8D58A80A2CFB20A2CE0EB11EFF9C9DDB8E31A5E","Support\Software\DirectX\Jun2010_XACT_x64.cab",124596,124596,122554,1
"A8D58A80A2CFB20A2CE0EB11EFF9C9DDB8E31A5E","Support\Software\DirectX\Jun2010_XACT_x86.cab",93686,93686,91646,1
"A8D58A80A2CFB20A2CE0EB11EFF9C9DDB8E31A5E","Support\Software\DirectX\Jun2010_XAudio_x64.cab",277338,277338,275349,1
"A8D58A80A2CFB20A2CE0EB11EFF9C9DDB8E31A5E","Support\Software\DirectX\Jun2010_XAudio_x86.cab",278060,278060,275848,1
"A8D58A80A2CFB20A2CE0EB11EFF9C9DDB8E31A5E","Support\Software\DirectX\Mar2008_d3dx10_37_x64.cab",844884,844884,842303,1
"A8D58A80A2CFB20A2CE0EB11EFF9C9DDB8E31A5E","Support\Software\DirectX\Mar2008_d3dx10_37_x86.cab",818260,818260,815189,1
"A8D58A80A2CFB20A2CE0EB11EFF9C9DDB8E31A5E","Support\Software\DirectX\Mar2008_d3dx9_37_x64.cab",1769862,1769862,1766696,1
"A8D58A80A2CFB20A2CE0EB11EFF9C9DDB8E31A5E","Support\Software\DirectX\Mar2008_d3dx9_37_x86.cab",1443282,1443282,1440119,1
"A8D58A80A2CFB20A2CE0EB11EFF9C9DDB8E31A5E","Support\Software\DirectX\Mar2008_X3DAudio_x64.cab",55058,55058,53008,1
"A8D58A80A2CFB20A2CE0EB11EFF9C9DDB8E31A5E","Support\Software\DirectX\Mar2008_X3DAudio_x86.cab",21867,21867,19752,1
"A8D58A80A2CFB20A2CE0EB11EFF9C9DDB8E31A5E","Support\Software\DirectX\Mar2008_XACT_x64.cab",122336,122336,120278,1
"A8D58A80A2CFB20A2CE0EB11EFF9C9DDB8E31A5E","Support\Software\DirectX\Mar2008_XACT_x86.cab",93734,93734,91700,1
"A8D58A80A2CFB20A2CE0EB11EFF9C9DDB8E31A5E","Support\Software\DirectX\Mar2008_XAudio_x64.cab",251194,251194,249239,1
"A8D58A80A2CFB20A2CE0EB11EFF9C9DDB8E31A5E","Support\Software\DirectX\Mar2008_XAudio_x86.cab",226250,226250,224106,1
"A8D58A80A2CFB20A2CE0EB11EFF9C9DDB8E31A5E","Support\Software\DirectX\Mar2009_d3dx10_41_x64.cab",1067160,1067160,1061025,1
"A8D58A80A2CFB20A2CE0EB11EFF9C9DDB8E31A5E","Support\Software\DirectX\Mar2009_d3dx10_41_x86.cab",1040745,1040745,1035632,1
"A8D58A80A2CFB20A2CE0EB11EFF9C9DDB8E31A5E","Support\Software\DirectX\Mar2009_d3dx9_41_x64.cab",1973702,1973702,1966304,1
"A8D58A80A2CFB20A2CE0EB11EFF9C9DDB8E31A5E","Support\Software\DirectX\Mar2009_d3dx9_41_x86.cab",1612446,1612446,1608061,1
"A8D58A80A2CFB20A2CE0EB11EFF9C9DDB8E31A5E","Support\Software\DirectX\Mar2009_X3DAudio_x64.cab",54600,54600,52565,1
"A8D58A80A2CFB20A2CE0EB11EFF9C9DDB8E31A5E","Support\Software\DirectX\Mar2009_X3DAudio_x86.cab",21298,21298,19229,1
"A8D58A80A2CFB20A2CE0EB11EFF9C9DDB8E31A5E","Support\Software\DirectX\Mar2009_XACT_x64.cab",121506,121506,119447,1
"A8D58A80A2CFB20A2CE0EB11EFF9C9DDB8E31A5E","Support\Software\DirectX\Mar2009_XACT_x86.cab",92740,92740,90697,1
"A8D58A80A2CFB20A2CE0EB11EFF9C9DDB8E31A5E","Support\Software\DirectX\Mar2009_XAudio_x64.cab",275044,275044,273048,1
"A8D58A80A2CFB20A2CE0EB11EFF9C9DDB8E31A5E","Support\Software\DirectX\Mar2009_XAudio_x86.cab",273018,273018,270826,1
"A8D58A80A2CFB20A2CE0EB11EFF9C9DDB8E31A5E","Support\Software\DirectX\Nov2007_d3dx10_36_x64.cab",864600,864600,862549,1
"A8D58A80A2CFB20A2CE0EB11EFF9C9DDB8E31A5E","Support\Software\DirectX\Nov2007_d3dx10_36_x86.cab",803884,803884,801447,1
"A8D58A80A2CFB20A2CE0EB11EFF9C9DDB8E31A5E","Support\Software\DirectX\Nov2007_d3dx9_36_x64.cab",1802058,1802058,1799959,1
"A8D58A80A2CFB20A2CE0EB11EFF9C9DDB8E31A5E","Support\Software\DirectX\Nov2007_d3dx9_36_x86.cab",1709360,1709360,1704383,1
"A8D58A80A2CFB20A2CE0EB11EFF9C9DDB8E31A5E","Support\Software\DirectX\NOV2007_X3DAudio_x64.cab",46144,46144,44073,1
"A8D58A80A2CFB20A2CE0EB11EFF9C9DDB8E31A5E","Support\Software\DirectX\NOV2007_X3DAudio_x86.cab",18496,18496,16371,1
"A8D58A80A2CFB20A2CE0EB11EFF9C9DDB8E31A5E","Support\Software\DirectX\NOV2007_XACT_x64.cab",196762,196762,194756,1
"A8D58A80A2CFB20A2CE0EB11EFF9C9DDB8E31A5E","Support\Software\DirectX\NOV2007_XACT_x86.cab",148264,148264,146203,1
"A8D58A80A2CFB20A2CE0EB11EFF9C9DDB8E31A5E","Support\Software\DirectX\Nov2008_d3dx10_40_x64.cab",994154,994154,989097,1
"A8D58A80A2CFB20A2CE0EB11EFF9C9DDB8E31A5E","Support\Software\DirectX\Nov2008_d3dx10_40_x86.cab",965421,965421,961285,1
"A8D58A80A2CFB20A2CE0EB11EFF9C9DDB8E31A5E","Support\Software\DirectX\Nov2008_d3dx9_40_x64.cab",1906878,1906878,1901179,1
"A8D58A80A2CFB20A2CE0EB11EFF9C9DDB8E31A5E","Support\Software\DirectX\Nov2008_d3dx9_40_x86.cab",1550796,1550796,1547179,1
"A8D58A80A2CFB20A2CE0EB11EFF9C9DDB8E31A5E","Support\Software\DirectX\Nov2008_X3DAudio_x64.cab",54522,54522,52486,1
"A8D58A80A2CFB20A2CE0EB11EFF9C9DDB8E31A5E","Support\Software\DirectX\Nov2008_X3DAudio_x86.cab",21851,21851,19736,1
"A8D58A80A2CFB20A2CE0EB11EFF9C9DDB8E31A5E","Support\Software\DirectX\Nov2008_XACT_x64.cab",121794,121794,119740,1
"A8D58A80A2CFB20A2CE0EB11EFF9C9DDB8E31A5E","Support\Software\DirectX\Nov2008_XACT_x86.cab",92684,92684,90646,1
"A8D58A80A2CFB20A2CE0EB11EFF9C9DDB8E31A5E","Support\Software\DirectX\Nov2008_XAudio_x64.cab",273960,273960,271956,1
"A8D58A80A2CFB20A2CE0EB11EFF9C9DDB8E31A5E","Support\Software\DirectX\Nov2008_XAudio_x86.cab",272611,272611,270459,1
"A8D58A80A2CFB20A2CE0EB11EFF9C9DDB8E31A5E","Support\Software\DirectX\Oct2005_xinput_x64.cab",86037,86037,84042,1
"A8D58A80A2CFB20A2CE0EB11EFF9C9DDB8E31A5E","Support\Software\DirectX\Oct2005_xinput_x86.cab",45359,45359,43326,1
"A8D58A80A2CFB20A2CE0EB11EFF9C9DDB8E31A5E","Support\Software\DirectX\OCT2006_d3dx9_31_x64.cab",1412902,1412902,1410525,1
"A8D58A80A2CFB20A2CE0EB11EFF9C9DDB8E31A5E","Support\Software\DirectX\OCT2006_d3dx9_31_x86.cab",1127217,1127217,1122562,1
"A8D58A80A2CFB20A2CE0EB11EFF9C9DDB8E31A5E","Support\Software\DirectX\OCT2006_XACT_x64.cab",182361,182361,180312,1
"A8D58A80A2CFB20A2CE0EB11EFF9C9DDB8E31A5E","Support\Software\DirectX\OCT2006_XACT_x86.cab",138017,138017,135946,1
"A8D58A80A2CFB20A2CE0EB11EFF9C9DDB8E31A5E","TheCrew2.exe",67370496,67370496,30959145,1
"A8D58A80A2CFB20A2CE0EB11EFF9C9DDB8E31A5E","bink2w64.dll",383488,383488,197420,1
"A8D58A80A2CFB20A2CE0EB11EFF9C9DDB8E31A5E","uplay_r1_loader64.dll",424256,424256,173387,1
"A8D58A80A2CFB20A2CE0EB11EFF9C9DDB8E31A5E","LogitechSteeringWheel.dll",189952,189952,83905,1
"A8D58A80A2CFB20A2CE0EB11EFF9C9DDB8E31A5E","dbghelp.dll",1400832,1400832,602638,1
"A8D58A80A2CFB20A2CE0EB11EFF9C9DDB8E31A5E","d3dgear64.dll",5001880,5001880,1385010,1
"A8D58A80A2CFB20A2CE0EB11EFF9C9DDB8E31A5E","avcodec_64-54.dll",7922336,7922336,3477496,1
"A8D58A80A2CFB20A2CE0EB11EFF9C9DDB8E31A5E","avdevice_64-54.dll",59240,59240,23199,1
"A8D58A80A2CFB20A2CE0EB11EFF9C9DDB8E31A5E","avfilter_64-2.dll",263760,263760,110718,1
"A8D58A80A2CFB20A2CE0EB11EFF9C9DDB8E31A5E","avformat_64-54.dll",1261072,1261072,583354,1
"A8D58A80A2CFB20A2CE0EB11EFF9C9DDB8E31A5E","avutil_64-51.dll",296496,296496,131616,1
"A8D58A80A2CFB20A2CE0EB11EFF9C9DDB8E31A5E","swresample_64-0.dll",140408,140408,53848,1
"A8D58A80A2CFB20A2CE0EB11EFF9C9DDB8E31A5E","swscale_64-2.dll",411928,411928,136607,1
"A8D58A80A2CFB20A2CE0EB11EFF9C9DDB8E31A5E","oo2core_5_win64.dll",938496,938496,424651,1
"A8D58A80A2CFB20A2CE0EB11EFF9C9DDB8E31A5E","TheCrew2_BE.exe",914248,914248,609011,1
"A8D58A80A2CFB20A2CE0EB11EFF9C9DDB8E31A5E","BattlEye\BEClient_x64.dll",4178952,4178952,3841891,1
"A8D58A80A2CFB20A2CE0EB11EFF9C9DDB8E31A5E","BattlEye\BELauncher.ini",91,91,99,1
"A8D58A80A2CFB20A2CE0EB11EFF9C9DDB8E31A5E","BattlEye\BEService_x64.exe",8942408,8942408,8616919,1
"A8D58A80A2CFB20A2CE0EB11EFF9C9DDB8E31A5E","BattlEye\Privacy\cs.txt",1545,1545,798,1
"A8D58A80A2CFB20A2CE0EB11EFF9C9DDB8E31A5E","BattlEye\Privacy\de.txt",1445,1445,721,1
"A8D58A80A2CFB20A2CE0EB11EFF9C9DDB8E31A5E","BattlEye\Privacy\en.txt",1302,1302,621,1
"A8D58A80A2CFB20A2CE0EB11EFF9C9DDB8E31A5E","BattlEye\Privacy\es-MX.txt",1540,1540,719,1
"A8D58A80A2CFB20A2CE0EB11EFF9C9DDB8E31A5E","BattlEye\Privacy\es.txt",1532,1532,708,1
"A8D58A80A2CFB20A2CE0EB11EFF9C9DDB8E31A5E","BattlEye\Privacy\fr.txt",1677,1677,796,1
"A8D58A80A2CFB20A2CE0EB11EFF9C9DDB8E31A5E","BattlEye\Privacy\it.txt",1376,1376,650,1
"A8D58A80A2CFB20A2CE0EB11EFF9C9DDB8E31A5E","BattlEye\Privacy\ja.txt",1601,1601,769,1
"A8D58A80A2CFB20A2CE0EB11EFF9C9DDB8E31A5E","BattlEye\Privacy\ko.txt",1407,1407,741,1
"A8D58A80A2CFB20A2CE0EB11EFF9C9DDB8E31A5E","BattlEye\Privacy\nl.txt",1394,1394,671,1
"A8D58A80A2CFB20A2CE0EB11EFF9C9DDB8E31A5E","BattlEye\Privacy\pl.txt",1610,1610,820,1
"A8D58A80A2CFB20A2CE0EB11EFF9C9DDB8E31A5E","BattlEye\Privacy\pt.txt",1512,1512,715,1
"A8D58A80A2CFB20A2CE0EB11EFF9C9DDB8E31A5E","BattlEye\Privacy\ru.txt",2012,2012,837,1
"A8D58A80A2CFB20A2CE0EB11EFF9C9DDB8E31A5E","BattlEye\Privacy\tr.txt",1376,1376,669,1
"A8D58A80A2CFB20A2CE0EB11EFF9C9DDB8E31A5E","BattlEye\Privacy\zh-TW.txt",1067,1067,639,1
"A8D58A80A2CFB20A2CE0EB11EFF9C9DDB8E31A5E","BattlEye\Privacy\zh.txt",1052,1052,630,1
"A8D58A80A2CFB20A2CE0EB11EFF9C9DDB8E31A5E","BattlEye\Text\cs.ini",3043,3043,1382,1
"A8D58A80A2CFB20A2CE0EB11EFF9C9DDB8E31A5E","BattlEye\Text\de.ini",3137,3137,1357,1
"A8D58A80A2CFB20A2CE0EB11EFF9C9DDB8E31A5E","BattlEye\Text\en.ini",2634,2634,1122,1
"A8D58A80A2CFB20A2CE0EB11EFF9C9DDB8E31A5E","BattlEye\Text\es.ini",2994,2994,1274,1
"A8D58A80A2CFB20A2CE0EB11EFF9C9DDB8E31A5E","BattlEye\Text\fr.ini",3104,3104,1334,1
"A8D58A80A2CFB20A2CE0EB11EFF9C9DDB8E31A5E","BattlEye\Text\it.ini",2897,2897,1245,1
"A8D58A80A2CFB20A2CE0EB11EFF9C9DDB8E31A5E","BattlEye\Text\ja.ini",3953,3953,1477,1
"A8D58A80A2CFB20A2CE0EB11EFF9C9DDB8E31A5E","BattlEye\Text\ko.ini",3213,3213,1366,1
"A8D58A80A2CFB20A2CE0EB11EFF9C9DDB8E31A5E","BattlEye\Text\nl.ini",2894,2894,1254,1
"A8D58A80A2CFB20A2CE0EB11EFF9C9DDB8E31A5E","BattlEye\Text\pl.ini",3015,3015,1364,1
"A8D58A80A2CFB20A2CE0EB11EFF9C9DDB8E31A5E","BattlEye\Text\pt.ini",2922,2922,1272,1
"A8D58A80A2CFB20A2CE0EB11EFF9C9DDB8E31A5E","BattlEye\Text\ru.ini",4685,4685,1663,1
"A8D58A80A2CFB20A2CE0EB11EFF9C9DDB8E31A5E","BattlEye\Text\tr.ini",2829,2829,1274,1
"A8D58A80A2CFB20A2CE0EB11EFF9C9DDB8E31A5E","BattlEye\Text\zh.ini",2517,2517,1296,1
"A8D58A80A2CFB20A2CE0EB11EFF9C9DDB8E31A5E","BattlEye\Text\zh-TW.ini",2517,2517,1297,1
"A8D58A80A2CFB20A2CE0EB11EFF9C9DDB8E31A5E","data\Databases\GPU\extendedpcidevs.txt",229983,229983,31193,1
"A8D58A80A2CFB20A2CE0EB11EFF9C9DDB8E31A5E","data\Databases\GPU\gear_gpu_scores.txt",44816,44816,9764,1
"A8D58A80A2CFB20A2CE0EB11EFF9C9DDB8E31A5E","data\Databases\GPU\gpudatabase_win64.dll",97792,97792,18155,1
"A8D58A80A2CFB20A2CE0EB11EFF9C9DDB8E31A5E","data\Databases\GPU\gpudatabase.xml",34480,34480,3513,1
"A8D58A80A2CFB20A2CE0EB11EFF9C9DDB8E31A5E","data\Databases\GPU\pcidevs.txt",861121,861121,173286,1
"A8D58A80A2CFB20A2CE0EB11EFF9C9DDB8E31A5E","data_win32/startup.dat",1019185,1019185,494331,1
"A8D58A80A2CFB20A2CE0EB11EFF9C9DDB8E31A5E","data_win32/startup.fat",5876,5876,4349,1
"A8D58A80A2CFB20A2CE0EB11EFF9C9DDB8E31A5E","data_win32/shadersobj.dat",80780275,80780275,76064096,1
"A8D58A80A2CFB20A2CE0EB11EFF9C9DDB8E31A5E","data_win32/shadersobj.fat",542204,542204,416612,1
"A8D58A80A2CFB20A2CE0EB11EFF9C9DDB8E31A5E","Support\Readme\Readme_EN.rtf",102924,102924,16625,20000
"A8D58A80A2CFB20A2CE0EB11EFF9C9DDB8E31A5E","Support\Readme\Readme_FR.rtf",104594,104594,16592,20001
"A8D58A80A2CFB20A2CE0EB11EFF9C9DDB8E31A5E","Support\Readme\Readme_IT.rtf",83629,83629,15523,20002
"A8D58A80A2CFB20A2CE0EB11EFF9C9DDB8E31A5E","Support\Readme\Readme_DE.rtf",124629,124629,17793,20003
"A8D58A80A2CFB20A2CE0EB11EFF9C9DDB8E31A5E","Support\Readme\Readme_ES.rtf",109401,109401,15888,20004
"A8D58A80A2CFB20A2CE0EB11EFF9C9DDB8E31A5E","Support\Readme\Readme_NL.rtf",111233,111233,15639,20005
"A8D58A80A2CFB20A2CE0EB11EFF9C9DDB8E31A5E","Support\Readme\Readme_PL.rtf",140927,140927,19090,20006
"A8D58A80A2CFB20A2CE0EB11EFF9C9DDB8E31A5E","Support\Readme\Readme_BR.rtf",108422,108422,15807,20007
"A8D58A80A2CFB20A2CE0EB11EFF9C9DDB8E31A5E","Support\Readme\Readme_JP.rtf",177363,177363,20822,20008
"A8D58A80A2CFB20A2CE0EB11EFF9C9DDB8E31A5E","Support\Readme\Readme_KO.rtf",394739,394739,28360,20009
"A8D58A80A2CFB20A2CE0EB11EFF9C9DDB8E31A5E","Support\Readme\Readme_AR.rtf",218136,218136,22784,20010
"A8D58A80A2CFB20A2CE0EB11EFF9C9DDB8E31A5E","Support\Readme\Readme_RU.rtf",146752,146752,18487,20011
"A8D58A80A2CFB20A2CE0EB11EFF9C9DDB8E31A5E","Support\Readme\Readme_SC.rtf",195579,195579,20707,20012
"A8D58A80A2CFB20A2CE0EB11EFF9C9DDB8E31A5E","Support\Readme\Readme_TC.rtf",209438,209438,22179,20013
"A8D58A80A2CFB20A2CE0EB11EFF9C9DDB8E31A5E","data_win32/usa_world_hr.dat",28966038,28966038,28775955,2
"A8D58A80A2CFB20A2CE0EB11EFF9C9DDB8E31A5E","data_win32/usa_world_hr.fat",380,380,295,2
"A8D58A80A2CFB20A2CE0EB11EFF9C9DDB8E31A5E","data_win32/usa_ecosystems_hr.dat",9059970,9059970,8916584,2
"A8D58A80A2CFB20A2CE0EB11EFF9C9DDB8E31A5E","data_win32/usa_ecosystems_hr.fat",236,236,179,2
"A8D58A80A2CFB20A2CE0EB11EFF9C9DDB8E31A5E","data_win32/resources_hr.dat",58771014,58771014,58021494,2
"A8D58A80A2CFB20A2CE0EB11EFF9C9DDB8E31A5E","data_win32/resources_hr.fat",3284,3284,2328,2
"A8D58A80A2CFB20A2CE0EB11EFF9C9DDB8E31A5E","data_win32/vehicles_resources_hr.dat",14647754,14647754,14515481,2
"A8D58A80A2CFB20A2CE0EB11EFF9C9DDB8E31A5E","data_win32/vehicles_resources_hr.fat",3356,3356,2356,2
"A8D58A80A2CFB20A2CE0EB11EFF9C9DDB8E31A5E","data_win32/pc_ww/localization.dat",2328085,2328085,2322359,3
"A8D58A80A2CFB20A2CE0EB11EFF9C9DDB8E31A5E","data_win32/pc_ww/localization.fat",1484,1484,1179,3
"A8D58A80A2CFB20A2CE0EB11EFF9C9DDB8E31A5E","data_win32/install.dat",895890,895890,874555,3
"A8D58A80A2CFB20A2CE0EB11EFF9C9DDB8E31A5E","data_win32/install.fat",572,572,426,3
"A8D58A80A2CFB20A2CE0EB11EFF9C9DDB8E31A5E","data_win32/sounds.dat",1728009798,1728009798,1716508874,3
"A8D58A80A2CFB20A2CE0EB11EFF9C9DDB8E31A5E","data_win32/sounds.fat",956,956,711,3
"A8D58A80A2CFB20A2CE0EB11EFF9C9DDB8E31A5E","data_win32/sounds2019.dat",2349709831,2349709831,2333702219,3
"A8D58A80A2CFB20A2CE0EB11EFF9C9DDB8E31A5E","data_win32/sounds2019.fat",4532,4532,3158,3
"A8D58A80A2CFB20A2CE0EB11EFF9C9DDB8E31A5E","data_win32/pc_ww/voices.dat",2678425565,2678425565,2661149179,3
"A8D58A80A2CFB20A2CE0EB11EFF9C9DDB8E31A5E","data_win32/pc_ww/voices.fat",596,596,439,3
"A8D58A80A2CFB20A2CE0EB11EFF9C9DDB8E31A5E","data_win32/pc_ww/voices2019.dat",3107782441,3107782441,3079543671,3
"A8D58A80A2CFB20A2CE0EB11EFF9C9DDB8E31A5E","data_win32/pc_ww/voices2019.fat",4244,4244,2921,3
"A8D58A80A2CFB20A2CE0EB11EFF9C9DDB8E31A5E","data_win32/videos.dat",707372596,707372596,702935975,3
"A8D58A80A2CFB20A2CE0EB11EFF9C9DDB8E31A5E","data_win32/videos.fat",308,308,238,3
"A8D58A80A2CFB20A2CE0EB11EFF9C9DDB8E31A5E","data_win32/pc_ww/videos_localized.dat",2326602720,2326602720,2305330999,3
"A8D58A80A2CFB20A2CE0EB11EFF9C9DDB8E31A5E","data_win32/pc_ww/videos_localized.fat",836,836,643,3
"A8D58A80A2CFB20A2CE0EB11EFF9C9DDB8E31A5E","data_win32/gui.dat",75920966,75920966,74515949,3
"A8D58A80A2CFB20A2CE0EB11EFF9C9DDB8E31A5E","data_win32/gui.fat",80924,80924,56923,3
"A8D58A80A2CFB20A2CE0EB11EFF9C9DDB8E31A5E","data_win32/scenaric.dat",4750927,4750927,4656302,3
"A8D58A80A2CFB20A2CE0EB11EFF9C9DDB8E31A5E","data_win32/scenaric.fat",1148,1148,906,3
"A8D58A80A2CFB20A2CE0EB11EFF9C9DDB8E31A5E","data_win32/usa_scenaric.dat",2091671,2091671,2006679,3
"A8D58A80A2CFB20A2CE0EB11EFF9C9DDB8E31A5E","data_win32/usa_scenaric.fat",12260,12260,8966,3
"A8D58A80A2CFB20A2CE0EB11EFF9C9DDB8E31A5E","data_win32/usa_resources.dat",21371126,21371126,21141744,3
"A8D58A80A2CFB20A2CE0EB11EFF9C9DDB8E31A5E","data_win32/usa_resources.fat",476,476,406,3
"A8D58A80A2CFB20A2CE0EB11EFF9C9DDB8E31A5E","data_win32/usa_world.dat",391671788,391671788,387494429,3
"A8D58A80A2CFB20A2CE0EB11EFF9C9DDB8E31A5E","data_win32/usa_world.fat",346004,346004,262591,3
"A8D58A80A2CFB20A2CE0EB11EFF9C9DDB8E31A5E","data_win32/usa_ecosystems.dat",579912214,579912214,569518235,3
"A8D58A80A2CFB20A2CE0EB11EFF9C9DDB8E31A5E","data_win32/usa_ecosystems.fat",883580,883580,688817,3
"A8D58A80A2CFB20A2CE0EB11EFF9C9DDB8E31A5E","data_win32/resources.dat",436910368,436910368,432506809,3
"A8D58A80A2CFB20A2CE0EB11EFF9C9DDB8E31A5E","data_win32/resources.fat",120572,120572,92266,3
"A8D58A80A2CFB20A2CE0EB11EFF9C9DDB8E31A5E","data_win32/vehicles_resources.dat",1445690229,1445690229,1441431581,3
"A8D58A80A2CFB20A2CE0EB11EFF9C9DDB8E31A5E","data_win32/vehicles_resources.fat",744716,744716,568424,3
"A8D58A80A2CFB20A2CE0EB11EFF9C9DDB8E31A5E","data_win32/vehicles_sounds.dat",3404575660,3404575660,2854634541,3
"A8D58A80A2CFB20A2CE0EB11EFF9C9DDB8E31A5E","data_win32/vehicles_sounds.fat",14084,14084,10006,3
"A8D58A80A2CFB20A2CE0EB11EFF9C9DDB8E31A5E","data_win32/vehicles_sounds2019.dat",5699778567,1404811271,457637434,3
"A8D58A80A2CFB20A2CE0EB11EFF9C9DDB8E31A5E","data_win32/vehicles_sounds2019.fat",26228,26228,18660,3
"A8D58A80A2CFB20A2CE0EB11EFF9C9DDB8E31A5E","data_win32/usa_00_00_06_05.dat",1821397319,1821397319,1805301465,4
"A8D58A80A2CFB20A2CE0EB11EFF9C9DDB8E31A5E","data_win32/usa_00_00_06_05.fat",758204,758204,554184,4
"A8D58A80A2CFB20A2CE0EB11EFF9C9DDB8E31A5E","data_win32/usa_07_00_12_05.dat",2211584734,2211584734,2197137472,5
"A8D58A80A2CFB20A2CE0EB11EFF9C9DDB8E31A5E","data_win32/usa_07_00_12_05.fat",675212,675212,510705,5
"A8D58A80A2CFB20A2CE0EB11EFF9C9DDB8E31A5E","data_win32/usa_13_00_19_05.dat",1083771142,1083771142,1066411954,6
"A8D58A80A2CFB20A2CE0EB11EFF9C9DDB8E31A5E","data_win32/usa_13_00_19_05.fat",749924,749924,532477,6
"A8D58A80A2CFB20A2CE0EB11EFF9C9DDB8E31A5E","data_win32/usa_00_06_06_11.dat",2671301582,2671301582,2657217849,7
"A8D58A80A2CFB20A2CE0EB11EFF9C9DDB8E31A5E","data_win32/usa_00_06_06_11.fat",773276,773276,580904,7
"A8D58A80A2CFB20A2CE0EB11EFF9C9DDB8E31A5E","data_win32/usa_07_06_12_11.dat",2266198649,2266198649,2254381601,8
"A8D58A80A2CFB20A2CE0EB11EFF9C9DDB8E31A5E","data_win32/usa_07_06_12_11.fat",671444,671444,506079,8
"A8D58A80A2CFB20A2CE0EB11EFF9C9DDB8E31A5E","data_win32/usa_13_06_19_11.dat",1858844613,1858844613,1843608146,9
"A8D58A80A2CFB20A2CE0EB11EFF9C9DDB8E31A5E","data_win32/usa_13_06_19_11.fat",768812,768812,567399,9
"A8D58A80A2CFB20A2CE0EB11EFF9C9DDB8E31A5E","data_win32/resources_hr_patch.dat",185850157,185850157,182432070,22
"A8D58A80A2CFB20A2CE0EB11EFF9C9DDB8E31A5E","data_win32/resources_hr_patch.fat",11732,11732,8172,22
"A8D58A80A2CFB20A2CE0EB11EFF9C9DDB8E31A5E","data_win32/usa_ecosystems_hr_patch.dat",85749212,85749212,83978430,22
"A8D58A80A2CFB20A2CE0EB11EFF9C9DDB8E31A5E","data_win32/usa_ecosystems_hr_patch.fat",1124,1124,837,22
"A8D58A80A2CFB20A2CE0EB11EFF9C9DDB8E31A5E","data_win32/usa_world_hr_patch.dat",34885999,34885999,34471586,22
"A8D58A80A2CFB20A2CE0EB11EFF9C9DDB8E31A5E","data_win32/usa_world_hr_patch.fat",1052,1052,796,22
"A8D58A80A2CFB20A2CE0EB11EFF9C9DDB8E31A5E","data_win32/vehicles_resources_hr_patch.dat",414092992,414092992,409668759,22
"A8D58A80A2CFB20A2CE0EB11EFF9C9DDB8E31A5E","data_win32/vehicles_resources_hr_patch.fat",50588,50588,35537,22
"A8D58A80A2CFB20A2CE0EB11EFF9C9DDB8E31A5E","data_win32/gui_patch.dat",419431999,419431999,418390248,23
"A8D58A80A2CFB20A2CE0EB11EFF9C9DDB8E31A5E","data_win32/gui_patch.fat",156764,156764,115037,23
"A8D58A80A2CFB20A2CE0EB11EFF9C9DDB8E31A5E","data_win32/install_patch.dat",1841914,1841914,1791115,23
"A8D58A80A2CFB20A2CE0EB11EFF9C9DDB8E31A5E","data_win32/install_patch.fat",1124,1124,860,23
"A8D58A80A2CFB20A2CE0EB11EFF9C9DDB8E31A5E","data_win32/resources_patch.dat",400061704,400061704,397408771,23
"A8D58A80A2CFB20A2CE0EB11EFF9C9DDB8E31A5E","data_win32/resources_patch.fat",99092,99092,75938,23
"A8D58A80A2CFB20A2CE0EB11EFF9C9DDB8E31A5E","data_win32/scenaric_patch.dat",12429656,12429656,12222240,23
"A8D58A80A2CFB20A2CE0EB11EFF9C9DDB8E31A5E","data_win32/scenaric_patch.fat",1628,1628,1312,23
"A8D58A80A2CFB20A2CE0EB11EFF9C9DDB8E31A5E","data_win32/sounds_patch.dat",111768,111768,107359,23
"A8D58A80A2CFB20A2CE0EB11EFF9C9DDB8E31A5E","data_win32/sounds_patch.fat",44,44,38,23
"A8D58A80A2CFB20A2CE0EB11EFF9C9DDB8E31A5E","data_win32/usa_ecosystems_patch.dat",185263192,185263192,182270645,23
"A8D58A80A2CFB20A2CE0EB11EFF9C9DDB8E31A5E","data_win32/usa_ecosystems_patch.fat",298724,298724,222648,23
"A8D58A80A2CFB20A2CE0EB11EFF9C9DDB8E31A5E","data_win32/usa_resources_patch.dat",28998045,28998045,28652553,23
"A8D58A80A2CFB20A2CE0EB11EFF9C9DDB8E31A5E","data_win32/usa_resources_patch.fat",284,284,254,23
"A8D58A80A2CFB20A2CE0EB11EFF9C9DDB8E31A5E","data_win32/usa_scenaric_patch.dat",5306546,5306546,5111107,23
"A8D58A80A2CFB20A2CE0EB11EFF9C9DDB8E31A5E","data_win32/usa_scenaric_patch.fat",22436,22436,17009,23
"A8D58A80A2CFB20A2CE0EB11EFF9C9DDB8E31A5E","data_win32/usa_world_patch.dat",180066187,180066187,177787656,23
"A8D58A80A2CFB20A2CE0EB11EFF9C9DDB8E31A5E","data_win32/usa_world_patch.fat",181916,181916,138936,23
"A8D58A80A2CFB20A2CE0EB11EFF9C9DDB8E31A5E","data_win32/vehicles_resources_patch.dat",2748901564,2748901564,2740820667,23
"A8D58A80A2CFB20A2CE0EB11EFF9C9DDB8E31A5E","data_win32/vehicles_resources_patch.fat",1105484,1105484,858805,23
"A8D58A80A2CFB20A2CE0EB11EFF9C9DDB8E31A5E","data_win32/vehicles_sounds_patch.dat",111768,111768,107359,23
"A8D58A80A2CFB20A2CE0EB11EFF9C9DDB8E31A5E","data_win32/vehicles_sounds_patch.fat",44,44,38,23
"A8D58A80A2CFB20A2CE0EB11EFF9C9DDB8E31A5E","data_win32/videos_patch.dat",396435516,396435516,392851349,23
"A8D58A80A2CFB20A2CE0EB11EFF9C9DDB8E31A5E","data_win32/videos_patch.fat",668,668,504,23
"A8D58A80A2CFB20A2CE0EB11EFF9C9DDB8E31A5E","data_win32/pc_ww/localization_patch.dat",4413546,4413546,4351689,23
"A8D58A80A2CFB20A2CE0EB11EFF9C9DDB8E31A5E","data_win32/pc_ww/localization_patch.fat",6836,6836,5134,23
"A8D58A80A2CFB20A2CE0EB11EFF9C9DDB8E31A5E","data_win32/pc_ww/videos_localized_patch.dat",1126586568,1126586568,1110173344,23
"A8D58A80A2CFB20A2CE0EB11EFF9C9DDB8E31A5E","data_win32/pc_ww/videos_localized_patch.fat",308,308,242,23
"A8D58A80A2CFB20A2CE0EB11EFF9C9DDB8E31A5E","data_win32/pc_ww/voices_patch.dat",111768,111768,107359,23
"A8D58A80A2CFB20A2CE0EB11EFF9C9DDB8E31A5E","data_win32/pc_ww/voices_patch.fat",44,44,38,23
"A8D58A80A2CFB20A2CE0EB11EFF9C9DDB8E31A5E","data_win32/sounds2019_patch.dat",442858992,442858992,438467462,23
"A8D58A80A2CFB20A2CE0EB11EFF9C9DDB8E31A5E","data_win32/sounds2019_patch.fat",2804,2804,1953,23
"A8D58A80A2CFB20A2CE0EB11EFF9C9DDB8E31A5E","data_win32/vehicles_sounds2019_patch.dat",4603108718,308141422,3754190433,23
"A8D58A80A2CFB20A2CE0EB11EFF9C9DDB8E31A5E","data_win32/vehicles_sounds2019_patch.fat",14228,14228,10193,23
"A8D58A80A2CFB20A2CE0EB11EFF9C9DDB8E31A5E","data_win32/pc_ww/voices2019_patch.dat",2691928273,2691928273,2666201481,23
"A8D58A80A2CFB20A2CE0EB11EFF9C9DDB8E31A5E","data_win32/pc_ww/voices2019_patch.fat",3092,3092,2142,23
"A8D58A80A2CFB20A2CE0EB11EFF9C9DDB8E31A5E","data_win32/usa_00_00_06_05_patch.dat",1423141202,1423141202,1407719718,24
"A8D58A80A2CFB20A2CE0EB11EFF9C9DDB8E31A5E","data_win32/usa_00_00_06_05_patch.fat",400844,400844,297613,24
"A8D58A80A2CFB20A2CE0EB11EFF9C9DDB8E31A5E","data_win32/usa_07_00_12_05_patch.dat",1782497190,1782497190,1768112690,25
"A8D58A80A2CFB20A2CE0EB11EFF9C9DDB8E31A5E","data_win32/usa_07_00_12_05_patch.fat",360188,360188,282734,25
"A8D58A80A2CFB20A2CE0EB11EFF9C9DDB8E31A5E","data_win32/usa_13_00_19_05_patch.dat",787849215,787849215,771321525,26
"A8D58A80A2CFB20A2CE0EB11EFF9C9DDB8E31A5E","data_win32/usa_13_00_19_05_patch.fat",401876,401876,285394,26
"A8D58A80A2CFB20A2CE0EB11EFF9C9DDB8E31A5E","data_win32/usa_00_06_06_11_patch.dat",2141103211,2141103211,2127470624,27
"A8D58A80A2CFB20A2CE0EB11EFF9C9DDB8E31A5E","data_win32/usa_00_06_06_11_patch.fat",405140,405140,313976,27
"A8D58A80A2CFB20A2CE0EB11EFF9C9DDB8E31A5E","data_win32/usa_07_06_12_11_patch.dat",1864684488,1864684488,1852523864,28
"A8D58A80A2CFB20A2CE0EB11EFF9C9DDB8E31A5E","data_win32/usa_07_06_12_11_patch.fat",374372,374372,292505,28
"A8D58A80A2CFB20A2CE0EB11EFF9C9DDB8E31A5E","data_win32/usa_13_06_19_11_patch.dat",1458790091,1458790091,1444493173,29
"A8D58A80A2CFB20A2CE0EB11EFF9C9DDB8E31A5E","data_win32/usa_13_06_19_11_patch.fat",411524,411524,310571,29
