"3052","CEFC4B7F2F7F17758104FA593DD54E3E3FEDA7F3","0000-00-00",353,611424674,611424674,451512592,1
"CEFC4B7F2F7F17758104FA593DD54E3E3FEDA7F3","GameuxInstallHelper.dll",96264,96264,49491,1
"CEFC4B7F2F7F17758104FA593DD54E3E3FEDA7F3","gfw_high.ico",123953,123953,115661,1
"CEFC4B7F2F7F17758104FA593DD54E3E3FEDA7F3","gog_speedbusters.sdb",704,704,398,1
"CEFC4B7F2F7F17758104FA593DD54E3E3FEDA7F3","spb_fix.sdb",794,794,455,1
"CEFC4B7F2F7F17758104FA593DD54E3E3FEDA7F3","Iforce2.dll",197224,197224,69081,1
"CEFC4B7F2F7F17758104FA593DD54E3E3FEDA7F3","joy.ifr",2781,2781,763,1
"CEFC4B7F2F7F17758104FA593DD54E3E3FEDA7F3","Manual.pdf",8845028,8845028,8814741,1
"CEFC4B7F2F7F17758104FA593DD54E3E3FEDA7F3","ReadMe.txt",12510,12510,4668,1
"CEFC4B7F2F7F17758104FA593DD54E3E3FEDA7F3","RenderD3D5.dll",157288,157288,58554,1
"CEFC4B7F2F7F17758104FA593DD54E3E3FEDA7F3","spb.exe",853608,853608,440285,1
"CEFC4B7F2F7F17758104FA593DD54E3E3FEDA7F3","SpeedBusters.exe",48304,48304,26126,1
"CEFC4B7F2F7F17758104FA593DD54E3E3FEDA7F3","speedgdf.dll",669288,669288,638784,1
"CEFC4B7F2F7F17758104FA593DD54E3E3FEDA7F3","whl.ifr",2543,2543,731,1
"CEFC4B7F2F7F17758104FA593DD54E3E3FEDA7F3","CPA\DLL\APMmxBVR.dll",194664,194664,68248,1
"CEFC4B7F2F7F17758104FA593DD54E3E3FEDA7F3","CPA\DLL\APMP5BVR.dll",193640,193640,67559,1
"CEFC4B7F2F7F17758104FA593DD54E3E3FEDA7F3","CPA\DLL\DXinput3.dll",67072,67072,30864,1
"CEFC4B7F2F7F17758104FA593DD54E3E3FEDA7F3","CPA\DLL\DXinput5.dll",74752,74752,33612,1
"CEFC4B7F2F7F17758104FA593DD54E3E3FEDA7F3","CPA\DLL\menu.dll",435816,435816,196164,1
"CEFC4B7F2F7F17758104FA593DD54E3E3FEDA7F3","CPA\DLL\SND_CPA.INI",339,339,230,1
"CEFC4B7F2F7F17758104FA593DD54E3E3FEDA7F3","CPA\DLL\WAVd3BVR.dll",242280,242280,87767,1
"CEFC4B7F2F7F17758104FA593DD54E3E3FEDA7F3","CPA\DLL\WAVMWBVR.dll",179816,179816,78716,1
"CEFC4B7F2F7F17758104FA593DD54E3E3FEDA7F3","CPA\DLL\WAVPWBVR.dll",222824,222824,78456,1
"CEFC4B7F2F7F17758104FA593DD54E3E3FEDA7F3","CPA\DLL\WAVx2BVR.dll",229480,229480,81087,1
"CEFC4B7F2F7F17758104FA593DD54E3E3FEDA7F3","DataBin\Cars\Atlantis\AppleGreen.skn",601508,601508,257668,1
"CEFC4B7F2F7F17758104FA593DD54E3E3FEDA7F3","DataBin\Cars\Atlantis\BlackWhite.skn",601508,601508,226003,1
"CEFC4B7F2F7F17758104FA593DD54E3E3FEDA7F3","DataBin\Cars\Atlantis\Blood.skn",601497,601497,301592,1
"CEFC4B7F2F7F17758104FA593DD54E3E3FEDA7F3","DataBin\Cars\Atlantis\Bnk_3.bnm",38280,38280,32438,1
"CEFC4B7F2F7F17758104FA593DD54E3E3FEDA7F3","DataBin\Cars\Atlantis\carbump.bin",599489,599489,333180,1
"CEFC4B7F2F7F17758104FA593DD54E3E3FEDA7F3","DataBin\Cars\Atlantis\celtic.skn",601499,601499,321670,1
"CEFC4B7F2F7F17758104FA593DD54E3E3FEDA7F3","DataBin\Cars\Atlantis\CptCam.bin",28,28,37,1
"CEFC4B7F2F7F17758104FA593DD54E3E3FEDA7F3","DataBin\Cars\Atlantis\CptRod.bin",372,372,383,1
"CEFC4B7F2F7F17758104FA593DD54E3E3FEDA7F3","DataBin\Cars\Atlantis\CptTex.bin",792283,792283,551234,1
"CEFC4B7F2F7F17758104FA593DD54E3E3FEDA7F3","DataBin\Cars\Atlantis\CptV3D.bin",67512,67512,47924,1
"CEFC4B7F2F7F17758104FA593DD54E3E3FEDA7F3","DataBin\Cars\Atlantis\CreamRed.skn",601504,601504,340654,1
"CEFC4B7F2F7F17758104FA593DD54E3E3FEDA7F3","DataBin\Cars\Atlantis\Data.Bin",1382927,1382927,763197,1
"CEFC4B7F2F7F17758104FA593DD54E3E3FEDA7F3","DataBin\Cars\Atlantis\NUMBER17.skn",601504,601504,236295,1
"CEFC4B7F2F7F17758104FA593DD54E3E3FEDA7F3","DataBin\Cars\Atlantis\Oranged.skn",601500,601500,239037,1
"CEFC4B7F2F7F17758104FA593DD54E3E3FEDA7F3","DataBin\Cars\Atlantis\PerlBlak.skn",601506,601506,246730,1
"CEFC4B7F2F7F17758104FA593DD54E3E3FEDA7F3","DataBin\Cars\Atlantis\purpled.skn",601500,601500,248134,1
"CEFC4B7F2F7F17758104FA593DD54E3E3FEDA7F3","DataBin\Cars\Atlantis\rainbow.skn",601501,601501,297252,1
"CEFC4B7F2F7F17758104FA593DD54E3E3FEDA7F3","DataBin\Cars\Atlantis\RedWhite.skn",601504,601504,242653,1
"CEFC4B7F2F7F17758104FA593DD54E3E3FEDA7F3","DataBin\Cars\Atlantis\school.skn",601499,601499,229281,1
"CEFC4B7F2F7F17758104FA593DD54E3E3FEDA7F3","DataBin\Cars\Atlantis\shark.skn",601497,601497,393575,1
"CEFC4B7F2F7F17758104FA593DD54E3E3FEDA7F3","DataBin\Cars\Atlantis\TwoBlues.skn",601504,601504,263854,1
"CEFC4B7F2F7F17758104FA593DD54E3E3FEDA7F3","DataBin\Cars\Atlantis\Yellowd.skn",601500,601500,244000,1
"CEFC4B7F2F7F17758104FA593DD54E3E3FEDA7F3","DataBin\Cars\Bel Ray\Blue_c.skn",601331,601331,350557,1
"CEFC4B7F2F7F17758104FA593DD54E3E3FEDA7F3","DataBin\Cars\Bel Ray\Bnk_2.bnm",35480,35480,29908,1
"CEFC4B7F2F7F17758104FA593DD54E3E3FEDA7F3","DataBin\Cars\Bel Ray\burgundy.skn",601337,601337,251016,1
"CEFC4B7F2F7F17758104FA593DD54E3E3FEDA7F3","DataBin\Cars\Bel Ray\carbump.bin",599157,599157,255412,1
"CEFC4B7F2F7F17758104FA593DD54E3E3FEDA7F3","DataBin\Cars\Bel Ray\Coalwhit.skn",601337,601337,252255,1
"CEFC4B7F2F7F17758104FA593DD54E3E3FEDA7F3","DataBin\Cars\Bel Ray\CptCam.bin",28,28,37,1
"CEFC4B7F2F7F17758104FA593DD54E3E3FEDA7F3","DataBin\Cars\Bel Ray\CptRod.bin",404,404,415,1
"CEFC4B7F2F7F17758104FA593DD54E3E3FEDA7F3","DataBin\Cars\Bel Ray\CptTex.bin",794939,794939,589545,1
"CEFC4B7F2F7F17758104FA593DD54E3E3FEDA7F3","DataBin\Cars\Bel Ray\CptV3D.bin",53167,53167,37660,1
"CEFC4B7F2F7F17758104FA593DD54E3E3FEDA7F3","DataBin\Cars\Bel Ray\dadaism.skn",601335,601335,292456,1
"CEFC4B7F2F7F17758104FA593DD54E3E3FEDA7F3","DataBin\Cars\Bel Ray\Data.Bin",1285598,1285598,716861,1
"CEFC4B7F2F7F17758104FA593DD54E3E3FEDA7F3","DataBin\Cars\Bel Ray\Gum.skn",601327,601327,344988,1
"CEFC4B7F2F7F17758104FA593DD54E3E3FEDA7F3","DataBin\Cars\Bel Ray\hospital.skn",601337,601337,250777,1
"CEFC4B7F2F7F17758104FA593DD54E3E3FEDA7F3","DataBin\Cars\Bel Ray\number3.skn",601335,601335,284811,1
"CEFC4B7F2F7F17758104FA593DD54E3E3FEDA7F3","DataBin\Cars\Bel Ray\number45.skn",601337,601337,248106,1
"CEFC4B7F2F7F17758104FA593DD54E3E3FEDA7F3","DataBin\Cars\Bel Ray\Orange_c.skn",601335,601335,253744,1
"CEFC4B7F2F7F17758104FA593DD54E3E3FEDA7F3","DataBin\Cars\Bel Ray\pearl_c.skn",601333,601333,247070,1
"CEFC4B7F2F7F17758104FA593DD54E3E3FEDA7F3","DataBin\Cars\Bel Ray\Pizza.skn",601331,601331,289775,1
"CEFC4B7F2F7F17758104FA593DD54E3E3FEDA7F3","DataBin\Cars\Bel Ray\shock.skn",601331,601331,291923,1
"CEFC4B7F2F7F17758104FA593DD54E3E3FEDA7F3","DataBin\Cars\Bel Ray\skulls.skn",601333,601333,338590,1
"CEFC4B7F2F7F17758104FA593DD54E3E3FEDA7F3","DataBin\Cars\Bel Ray\whitblue.skn",601339,601339,349727,1
"CEFC4B7F2F7F17758104FA593DD54E3E3FEDA7F3","DataBin\Cars\Bel Ray\Yeaster.skn",601335,601335,265068,1
"CEFC4B7F2F7F17758104FA593DD54E3E3FEDA7F3","DataBin\Cars\Bel Ray\yellblue.skn",601337,601337,260978,1
"CEFC4B7F2F7F17758104FA593DD54E3E3FEDA7F3","DataBin\Cars\Cortex\Blacki.skn",799770,799770,209913,1
"CEFC4B7F2F7F17758104FA593DD54E3E3FEDA7F3","DataBin\Cars\Cortex\bluei.skn",799768,799768,216689,1
"CEFC4B7F2F7F17758104FA593DD54E3E3FEDA7F3","DataBin\Cars\Cortex\Bnk_20.bnm",41496,41496,35188,1
"CEFC4B7F2F7F17758104FA593DD54E3E3FEDA7F3","DataBin\Cars\Cortex\carbump.bin",599987,599987,347295,1
"CEFC4B7F2F7F17758104FA593DD54E3E3FEDA7F3","DataBin\Cars\Cortex\Cards.skn",799769,799769,275289,1
"CEFC4B7F2F7F17758104FA593DD54E3E3FEDA7F3","DataBin\Cars\Cortex\Checker.skn",799773,799773,289413,1
"CEFC4B7F2F7F17758104FA593DD54E3E3FEDA7F3","DataBin\Cars\Cortex\Cortex.SKE",1055006,1055006,5439,1
"CEFC4B7F2F7F17758104FA593DD54E3E3FEDA7F3","DataBin\Cars\Cortex\CortexET.skn",799776,799776,342920,1
"CEFC4B7F2F7F17758104FA593DD54E3E3FEDA7F3","DataBin\Cars\Cortex\CptCam.bin",28,28,37,1
"CEFC4B7F2F7F17758104FA593DD54E3E3FEDA7F3","DataBin\Cars\Cortex\CptRod.bin",372,372,383,1
"CEFC4B7F2F7F17758104FA593DD54E3E3FEDA7F3","DataBin\Cars\Cortex\CptTex.bin",791951,791951,519620,1
"CEFC4B7F2F7F17758104FA593DD54E3E3FEDA7F3","DataBin\Cars\Cortex\CptV3D.bin",79155,79155,55263,1
"CEFC4B7F2F7F17758104FA593DD54E3E3FEDA7F3","DataBin\Cars\Cortex\Data.Bin",1775713,1775713,835829,1
"CEFC4B7F2F7F17758104FA593DD54E3E3FEDA7F3","DataBin\Cars\Cortex\Greeni.skn",799770,799770,206647,1
"CEFC4B7F2F7F17758104FA593DD54E3E3FEDA7F3","DataBin\Cars\Cortex\Muscle.skn",799771,799771,413912,1
"CEFC4B7F2F7F17758104FA593DD54E3E3FEDA7F3","DataBin\Cars\Cortex\Orangei.skn",799772,799772,207823,1
"CEFC4B7F2F7F17758104FA593DD54E3E3FEDA7F3","DataBin\Cars\Cortex\Pearli.skn",799770,799770,209395,1
"CEFC4B7F2F7F17758104FA593DD54E3E3FEDA7F3","DataBin\Cars\Cortex\Plante.skn",799770,799770,298742,1
"CEFC4B7F2F7F17758104FA593DD54E3E3FEDA7F3","DataBin\Cars\Cortex\Purplei.skn",799772,799772,213111,1
"CEFC4B7F2F7F17758104FA593DD54E3E3FEDA7F3","DataBin\Cars\Cortex\Redi.skn",799766,799766,209484,1
"CEFC4B7F2F7F17758104FA593DD54E3E3FEDA7F3","DataBin\Cars\Cortex\Sport.skn",799769,799769,238802,1
"CEFC4B7F2F7F17758104FA593DD54E3E3FEDA7F3","DataBin\Cars\Cortex\Wing.skn",799767,799767,292300,1
"CEFC4B7F2F7F17758104FA593DD54E3E3FEDA7F3","DataBin\Cars\Cortex\Yelli.skn",799770,799770,207827,1
"CEFC4B7F2F7F17758104FA593DD54E3E3FEDA7F3","DataBin\Cars\Cortex\zero.skn",799767,799767,212575,1
"CEFC4B7F2F7F17758104FA593DD54E3E3FEDA7F3","DataBin\Cars\La2000\blue_g.skn",602659,602659,315242,1
"CEFC4B7F2F7F17758104FA593DD54E3E3FEDA7F3","DataBin\Cars\La2000\Bnk_6.bnm",32492,32492,27184,1
"CEFC4B7F2F7F17758104FA593DD54E3E3FEDA7F3","DataBin\Cars\La2000\carbon.skn",602661,602661,180301,1
"CEFC4B7F2F7F17758104FA593DD54E3E3FEDA7F3","DataBin\Cars\La2000\carbump.bin",600485,600485,227150,1
"CEFC4B7F2F7F17758104FA593DD54E3E3FEDA7F3","DataBin\Cars\La2000\Chrome.skn",602661,602661,244272,1
"CEFC4B7F2F7F17758104FA593DD54E3E3FEDA7F3","DataBin\Cars\La2000\CptCam.bin",28,28,37,1
"CEFC4B7F2F7F17758104FA593DD54E3E3FEDA7F3","DataBin\Cars\La2000\CptRod.bin",388,388,399,1
"CEFC4B7F2F7F17758104FA593DD54E3E3FEDA7F3","DataBin\Cars\La2000\CptTex.bin",791121,791121,451080,1
"CEFC4B7F2F7F17758104FA593DD54E3E3FEDA7F3","DataBin\Cars\La2000\CptV3D.bin",50109,50109,36984,1
"CEFC4B7F2F7F17758104FA593DD54E3E3FEDA7F3","DataBin\Cars\La2000\Data.Bin",1195311,1195311,576784,1
"CEFC4B7F2F7F17758104FA593DD54E3E3FEDA7F3","DataBin\Cars\La2000\eagle.skn",602659,602659,255509,1
"CEFC4B7F2F7F17758104FA593DD54E3E3FEDA7F3","DataBin\Cars\La2000\eyeballs.skn",602665,602665,279854,1
"CEFC4B7F2F7F17758104FA593DD54E3E3FEDA7F3","DataBin\Cars\La2000\Green_g.skn",602661,602661,204368,1
"CEFC4B7F2F7F17758104FA593DD54E3E3FEDA7F3","DataBin\Cars\La2000\mboard.skn",602661,602661,315138,1
"CEFC4B7F2F7F17758104FA593DD54E3E3FEDA7F3","DataBin\Cars\La2000\Orange_g.skn",602663,602663,203160,1
"CEFC4B7F2F7F17758104FA593DD54E3E3FEDA7F3","DataBin\Cars\La2000\Pearl_g.skn",602661,602661,197534,1
"CEFC4B7F2F7F17758104FA593DD54E3E3FEDA7F3","DataBin\Cars\La2000\purple_g.skn",602663,602663,278512,1
"CEFC4B7F2F7F17758104FA593DD54E3E3FEDA7F3","DataBin\Cars\La2000\racing.skn",602661,602661,218658,1
"CEFC4B7F2F7F17758104FA593DD54E3E3FEDA7F3","DataBin\Cars\La2000\ruby_g.skn",602659,602659,188757,1
"CEFC4B7F2F7F17758104FA593DD54E3E3FEDA7F3","DataBin\Cars\La2000\stilj.skn",602659,602659,220318,1
"CEFC4B7F2F7F17758104FA593DD54E3E3FEDA7F3","DataBin\Cars\La2000\stunt.skn",602659,602659,220870,1
"CEFC4B7F2F7F17758104FA593DD54E3E3FEDA7F3","DataBin\Cars\La2000\tiger.skn",602659,602659,306721,1
"CEFC4B7F2F7F17758104FA593DD54E3E3FEDA7F3","DataBin\Cars\La2000\Yellow_g.skn",602663,602663,206894,1
"CEFC4B7F2F7F17758104FA593DD54E3E3FEDA7F3","DataBin\Cars\Montana\Blackk.skn",799936,799936,189414,1
"CEFC4B7F2F7F17758104FA593DD54E3E3FEDA7F3","DataBin\Cars\Montana\Bleuk.skn",799934,799934,204815,1
"CEFC4B7F2F7F17758104FA593DD54E3E3FEDA7F3","DataBin\Cars\Montana\Bnk_30.bnm",31328,31328,26605,1
"CEFC4B7F2F7F17758104FA593DD54E3E3FEDA7F3","DataBin\Cars\Montana\carbump.bin",600817,600817,393390,1
"CEFC4B7F2F7F17758104FA593DD54E3E3FEDA7F3","DataBin\Cars\Montana\CptCam.bin",28,28,37,1
"CEFC4B7F2F7F17758104FA593DD54E3E3FEDA7F3","DataBin\Cars\Montana\CptRod.bin",372,372,383,1
"CEFC4B7F2F7F17758104FA593DD54E3E3FEDA7F3","DataBin\Cars\Montana\CptTex.bin",791287,791287,535827,1
"CEFC4B7F2F7F17758104FA593DD54E3E3FEDA7F3","DataBin\Cars\Montana\CptV3D.bin",68619,68619,48845,1
"CEFC4B7F2F7F17758104FA593DD54E3E3FEDA7F3","DataBin\Cars\Montana\Data.Bin",1594789,1594789,716453,1
"CEFC4B7F2F7F17758104FA593DD54E3E3FEDA7F3","DataBin\Cars\Montana\Eagle.skn",799936,799936,214738,1
"CEFC4B7F2F7F17758104FA593DD54E3E3FEDA7F3","DataBin\Cars\Montana\Gun.skn",799932,799932,227535,1
"CEFC4B7F2F7F17758104FA593DD54E3E3FEDA7F3","DataBin\Cars\Montana\Hot.skn",799937,799937,284260,1
"CEFC4B7F2F7F17758104FA593DD54E3E3FEDA7F3","DataBin\Cars\Montana\Montana.skn",799938,799938,372184,1
"CEFC4B7F2F7F17758104FA593DD54E3E3FEDA7F3","DataBin\Cars\Montana\Motor.skn",799942,799942,252024,1
"CEFC4B7F2F7F17758104FA593DD54E3E3FEDA7F3","DataBin\Cars\Montana\olive.skn",799935,799935,197536,1
"CEFC4B7F2F7F17758104FA593DD54E3E3FEDA7F3","DataBin\Cars\Montana\Ram.skn",799931,799931,220007,1
"CEFC4B7F2F7F17758104FA593DD54E3E3FEDA7F3","DataBin\Cars\Montana\Redk.skn",799932,799932,204099,1
"CEFC4B7F2F7F17758104FA593DD54E3E3FEDA7F3","DataBin\Cars\Montana\Rosek.skn",799934,799934,183639,1
"CEFC4B7F2F7F17758104FA593DD54E3E3FEDA7F3","DataBin\Cars\Montana\Silverk.skn",799938,799938,205204,1
"CEFC4B7F2F7F17758104FA593DD54E3E3FEDA7F3","DataBin\Cars\Montana\Sport.skn",799935,799935,215876,1
"CEFC4B7F2F7F17758104FA593DD54E3E3FEDA7F3","DataBin\Cars\Orion\bee.skn",601327,601327,301025,1
"CEFC4B7F2F7F17758104FA593DD54E3E3FEDA7F3","DataBin\Cars\Orion\beige.skn",601331,601331,195883,1
"CEFC4B7F2F7F17758104FA593DD54E3E3FEDA7F3","DataBin\Cars\Orion\Black_a.skn",601333,601333,186962,1
"CEFC4B7F2F7F17758104FA593DD54E3E3FEDA7F3","DataBin\Cars\Orion\Blue_a.skn",601331,601331,205114,1
"CEFC4B7F2F7F17758104FA593DD54E3E3FEDA7F3","DataBin\Cars\Orion\Bnk_1.bnm",39732,39732,33903,1
"CEFC4B7F2F7F17758104FA593DD54E3E3FEDA7F3","DataBin\Cars\Orion\carbump.bin",599323,599323,274972,1
"CEFC4B7F2F7F17758104FA593DD54E3E3FEDA7F3","DataBin\Cars\Orion\CptCam.bin",28,28,37,1
"CEFC4B7F2F7F17758104FA593DD54E3E3FEDA7F3","DataBin\Cars\Orion\CptRod.bin",372,372,383,1
"CEFC4B7F2F7F17758104FA593DD54E3E3FEDA7F3","DataBin\Cars\Orion\CptTex.bin",791619,791619,539451,1
"CEFC4B7F2F7F17758104FA593DD54E3E3FEDA7F3","DataBin\Cars\Orion\CptV3D.bin",72166,72166,51064,1
"CEFC4B7F2F7F17758104FA593DD54E3E3FEDA7F3","DataBin\Cars\Orion\cubist.skn",601333,601333,298771,1
"CEFC4B7F2F7F17758104FA593DD54E3E3FEDA7F3","DataBin\Cars\Orion\Data.Bin",1230285,1230285,629231,1
"CEFC4B7F2F7F17758104FA593DD54E3E3FEDA7F3","DataBin\Cars\Orion\green_a.skn",601333,601333,204347,1
"CEFC4B7F2F7F17758104FA593DD54E3E3FEDA7F3","DataBin\Cars\Orion\Mao.skn",601327,601327,280332,1
"CEFC4B7F2F7F17758104FA593DD54E3E3FEDA7F3","DataBin\Cars\Orion\number88.skn",601337,601337,307210,1
"CEFC4B7F2F7F17758104FA593DD54E3E3FEDA7F3","DataBin\Cars\Orion\Orange_a.skn",601335,601335,213018,1
"CEFC4B7F2F7F17758104FA593DD54E3E3FEDA7F3","DataBin\Cars\Orion\Pearl_a.skn",601333,601333,211248,1
"CEFC4B7F2F7F17758104FA593DD54E3E3FEDA7F3","DataBin\Cars\Orion\Police.skn",601333,601333,201078,1
"CEFC4B7F2F7F17758104FA593DD54E3E3FEDA7F3","DataBin\Cars\Orion\red_a.skn",601329,601329,205605,1
"CEFC4B7F2F7F17758104FA593DD54E3E3FEDA7F3","DataBin\Cars\Orion\Rusty.skn",601331,601331,284466,1
"CEFC4B7F2F7F17758104FA593DD54E3E3FEDA7F3","DataBin\Cars\Orion\steel.skn",601331,601331,308719,1
"CEFC4B7F2F7F17758104FA593DD54E3E3FEDA7F3","DataBin\Cars\Orion\Yellow_a.skn",601335,601335,208814,1
"CEFC4B7F2F7F17758104FA593DD54E3E3FEDA7F3","DataBin\Cars\Pirate\Blackb.skn",601000,601000,194861,1
"CEFC4B7F2F7F17758104FA593DD54E3E3FEDA7F3","DataBin\Cars\Pirate\Blueb.skn",600998,600998,198508,1
"CEFC4B7F2F7F17758104FA593DD54E3E3FEDA7F3","DataBin\Cars\Pirate\Bnk_4.bnm",98044,98044,85247,1
"CEFC4B7F2F7F17758104FA593DD54E3E3FEDA7F3","DataBin\Cars\Pirate\brown_b.skn",601001,601001,195296,1
"CEFC4B7F2F7F17758104FA593DD54E3E3FEDA7F3","DataBin\Cars\Pirate\bullets.skn",601003,601003,253154,1
"CEFC4B7F2F7F17758104FA593DD54E3E3FEDA7F3","DataBin\Cars\Pirate\carbump.bin",598825,598825,314490,1
"CEFC4B7F2F7F17758104FA593DD54E3E3FEDA7F3","DataBin\Cars\Pirate\CptCam.bin",28,28,37,1
"CEFC4B7F2F7F17758104FA593DD54E3E3FEDA7F3","DataBin\Cars\Pirate\CptRod.bin",372,372,383,1
"CEFC4B7F2F7F17758104FA593DD54E3E3FEDA7F3","DataBin\Cars\Pirate\CptTex.bin",594841,594841,475136,1
"CEFC4B7F2F7F17758104FA593DD54E3E3FEDA7F3","DataBin\Cars\Pirate\CptV3D.bin",64553,64553,48064,1
"CEFC4B7F2F7F17758104FA593DD54E3E3FEDA7F3","DataBin\Cars\Pirate\Data.Bin",1310375,1310375,680111,1
"CEFC4B7F2F7F17758104FA593DD54E3E3FEDA7F3","DataBin\Cars\Pirate\flames.skn",601001,601001,271567,1
"CEFC4B7F2F7F17758104FA593DD54E3E3FEDA7F3","DataBin\Cars\Pirate\Greenb.skn",601000,601000,198831,1
"CEFC4B7F2F7F17758104FA593DD54E3E3FEDA7F3","DataBin\Cars\Pirate\ivory.skn",600999,600999,198141,1
"CEFC4B7F2F7F17758104FA593DD54E3E3FEDA7F3","DataBin\Cars\Pirate\Maple.skn",600999,600999,201593,1
"CEFC4B7F2F7F17758104FA593DD54E3E3FEDA7F3","DataBin\Cars\Pirate\medic.skn",600999,600999,193611,1
"CEFC4B7F2F7F17758104FA593DD54E3E3FEDA7F3","DataBin\Cars\Pirate\number11.skn",601005,601005,213638,1
"CEFC4B7F2F7F17758104FA593DD54E3E3FEDA7F3","DataBin\Cars\Pirate\Orangeb.skn",601002,601002,198664,1
"CEFC4B7F2F7F17758104FA593DD54E3E3FEDA7F3","DataBin\Cars\Pirate\peace.skn",600999,600999,313543,1
"CEFC4B7F2F7F17758104FA593DD54E3E3FEDA7F3","DataBin\Cars\Pirate\red.skn",600995,600995,200132,1
"CEFC4B7F2F7F17758104FA593DD54E3E3FEDA7F3","DataBin\Cars\Pirate\surreal.skn",601003,601003,338559,1
"CEFC4B7F2F7F17758104FA593DD54E3E3FEDA7F3","DataBin\Cars\Pirate\Yellowb.skn",601002,601002,200631,1
"CEFC4B7F2F7F17758104FA593DD54E3E3FEDA7F3","DataBin\Cars\Solaris\Blackout.skn",801706,801706,186923,1
"CEFC4B7F2F7F17758104FA593DD54E3E3FEDA7F3","DataBin\Cars\Solaris\Bnk_5.bnm",81044,81044,70085,1
"CEFC4B7F2F7F17758104FA593DD54E3E3FEDA7F3","DataBin\Cars\Solaris\carbump.bin",602477,602477,249452,1
"CEFC4B7F2F7F17758104FA593DD54E3E3FEDA7F3","DataBin\Cars\Solaris\CptCam.bin",28,28,37,1
"CEFC4B7F2F7F17758104FA593DD54E3E3FEDA7F3","DataBin\Cars\Solaris\CptRod.bin",388,388,399,1
"CEFC4B7F2F7F17758104FA593DD54E3E3FEDA7F3","DataBin\Cars\Solaris\CptTex.bin",594675,594675,363046,1
"CEFC4B7F2F7F17758104FA593DD54E3E3FEDA7F3","DataBin\Cars\Solaris\CptV3D.bin",52279,52279,37694,1
"CEFC4B7F2F7F17758104FA593DD54E3E3FEDA7F3","DataBin\Cars\Solaris\Cream.skn",801694,801694,208824,1
"CEFC4B7F2F7F17758104FA593DD54E3E3FEDA7F3","DataBin\Cars\Solaris\Data.Bin",1195322,1195322,594309,1
"CEFC4B7F2F7F17758104FA593DD54E3E3FEDA7F3","DataBin\Cars\Solaris\Dragon.skn",801698,801698,268297,1
"CEFC4B7F2F7F17758104FA593DD54E3E3FEDA7F3","DataBin\Cars\Solaris\Duo.skn",801686,801686,214356,1
"CEFC4B7F2F7F17758104FA593DD54E3E3FEDA7F3","DataBin\Cars\Solaris\Goblin.skn",801698,801698,197367,1
"CEFC4B7F2F7F17758104FA593DD54E3E3FEDA7F3","DataBin\Cars\Solaris\grayish.skn",801701,801701,182415,1
"CEFC4B7F2F7F17758104FA593DD54E3E3FEDA7F3","DataBin\Cars\Solaris\hounds.skn",801698,801698,238793,1
"CEFC4B7F2F7F17758104FA593DD54E3E3FEDA7F3","DataBin\Cars\Solaris\number8.skn",801700,801700,223641,1
"CEFC4B7F2F7F17758104FA593DD54E3E3FEDA7F3","DataBin\Cars\Solaris\Phoenix.skn",801702,801702,289654,1
"CEFC4B7F2F7F17758104FA593DD54E3E3FEDA7F3","DataBin\Cars\Solaris\powder.skn",801698,801698,200618,1
"CEFC4B7F2F7F17758104FA593DD54E3E3FEDA7F3","DataBin\Cars\Solaris\Psyke.skn",801694,801694,302573,1
"CEFC4B7F2F7F17758104FA593DD54E3E3FEDA7F3","DataBin\Cars\Solaris\purplef.skn",801702,801702,198223,1
"CEFC4B7F2F7F17758104FA593DD54E3E3FEDA7F3","DataBin\Cars\Solaris\Street.skn",801698,801698,291584,1
"CEFC4B7F2F7F17758104FA593DD54E3E3FEDA7F3","DataBin\Cars\Solaris\Sunshine.skn",801706,801706,282144,1
"CEFC4B7F2F7F17758104FA593DD54E3E3FEDA7F3","DataBin\Cars\Solaris\Tangerin.skn",801706,801706,205458,1
"CEFC4B7F2F7F17758104FA593DD54E3E3FEDA7F3","DataBin\Cars\Thunder\Blackj.skn",799770,799770,231105,1
"CEFC4B7F2F7F17758104FA593DD54E3E3FEDA7F3","DataBin\Cars\Thunder\Bleuj.skn",799768,799768,207683,1
"CEFC4B7F2F7F17758104FA593DD54E3E3FEDA7F3","DataBin\Cars\Thunder\Bnk_21.bnm",37736,37736,32185,1
"CEFC4B7F2F7F17758104FA593DD54E3E3FEDA7F3","DataBin\Cars\Thunder\Brownj.skn",799770,799770,238442,1
"CEFC4B7F2F7F17758104FA593DD54E3E3FEDA7F3","DataBin\Cars\Thunder\carbump.bin",600651,600651,313470,1
"CEFC4B7F2F7F17758104FA593DD54E3E3FEDA7F3","DataBin\Cars\Thunder\Cheesy.skn",799771,799771,392898,1
"CEFC4B7F2F7F17758104FA593DD54E3E3FEDA7F3","DataBin\Cars\Thunder\cow.skn",799765,799765,335813,1
"CEFC4B7F2F7F17758104FA593DD54E3E3FEDA7F3","DataBin\Cars\Thunder\CptCam.bin",28,28,37,1
"CEFC4B7F2F7F17758104FA593DD54E3E3FEDA7F3","DataBin\Cars\Thunder\CptRod.bin",372,372,383,1
"CEFC4B7F2F7F17758104FA593DD54E3E3FEDA7F3","DataBin\Cars\Thunder\CptTex.bin",791951,791951,516690,1
"CEFC4B7F2F7F17758104FA593DD54E3E3FEDA7F3","DataBin\Cars\Thunder\CptV3D.bin",58664,58664,42523,1
"CEFC4B7F2F7F17758104FA593DD54E3E3FEDA7F3","DataBin\Cars\Thunder\Data.Bin",1663373,1663373,809637,1
"CEFC4B7F2F7F17758104FA593DD54E3E3FEDA7F3","DataBin\Cars\Thunder\Grafiti.skn",799773,799773,308645,1
"CEFC4B7F2F7F17758104FA593DD54E3E3FEDA7F3","DataBin\Cars\Thunder\Greenj.skn",799770,799770,249111,1
"CEFC4B7F2F7F17758104FA593DD54E3E3FEDA7F3","DataBin\Cars\Thunder\Money.skn",799769,799769,398456,1
"CEFC4B7F2F7F17758104FA593DD54E3E3FEDA7F3","DataBin\Cars\Thunder\Pearlj.skn",799770,799770,244849,1
"CEFC4B7F2F7F17758104FA593DD54E3E3FEDA7F3","DataBin\Cars\Thunder\Powderj.skn",799772,799772,249871,1
"CEFC4B7F2F7F17758104FA593DD54E3E3FEDA7F3","DataBin\Cars\Thunder\Southcar.skn",799775,799775,262867,1
"CEFC4B7F2F7F17758104FA593DD54E3E3FEDA7F3","DataBin\Cars\Thunder\Sunset.skn",799771,799771,377170,1
"CEFC4B7F2F7F17758104FA593DD54E3E3FEDA7F3","DataBin\Cars\Thunder\THUNDER.skn",799769,799769,335793,1
"CEFC4B7F2F7F17758104FA593DD54E3E3FEDA7F3","DataBin\Cars\Thunder\Trefle.skn",799771,799771,388778,1
"CEFC4B7F2F7F17758104FA593DD54E3E3FEDA7F3","DataBin\Cars\Thunder\Wood.skn",799767,799767,305974,1
"CEFC4B7F2F7F17758104FA593DD54E3E3FEDA7F3","DataBin\Cars\Thunder\Yellowj.skn",799772,799772,247694,1
"CEFC4B7F2F7F17758104FA593DD54E3E3FEDA7F3","DataBin\Cars\Virtuose\BlaRedWhi.skn",602341,602341,186586,1
"CEFC4B7F2F7F17758104FA593DD54E3E3FEDA7F3","DataBin\Cars\Virtuose\bluegrey.skn",602334,602334,245931,1
"CEFC4B7F2F7F17758104FA593DD54E3E3FEDA7F3","DataBin\Cars\Virtuose\Bnk_7.bnm",99384,99384,85931,1
"CEFC4B7F2F7F17758104FA593DD54E3E3FEDA7F3","DataBin\Cars\Virtuose\carbump.bin",600153,600153,249587,1
"CEFC4B7F2F7F17758104FA593DD54E3E3FEDA7F3","DataBin\Cars\Virtuose\CptCam.bin",28,28,37,1
"CEFC4B7F2F7F17758104FA593DD54E3E3FEDA7F3","DataBin\Cars\Virtuose\CptRod.bin",372,372,383,1
"CEFC4B7F2F7F17758104FA593DD54E3E3FEDA7F3","DataBin\Cars\Virtuose\CptTex.bin",791619,791619,430608,1
"CEFC4B7F2F7F17758104FA593DD54E3E3FEDA7F3","DataBin\Cars\Virtuose\CptV3D.bin",58867,58867,42236,1
"CEFC4B7F2F7F17758104FA593DD54E3E3FEDA7F3","DataBin\Cars\Virtuose\Darkness.skn",602333,602333,176237,1
"CEFC4B7F2F7F17758104FA593DD54E3E3FEDA7F3","DataBin\Cars\Virtuose\Data.Bin",1255379,1255379,625568,1
"CEFC4B7F2F7F17758104FA593DD54E3E3FEDA7F3","DataBin\Cars\Virtuose\demon.skn",602327,602327,336968,1
"CEFC4B7F2F7F17758104FA593DD54E3E3FEDA7F3","DataBin\Cars\Virtuose\Greenday.skn",602334,602334,205210,1
"CEFC4B7F2F7F17758104FA593DD54E3E3FEDA7F3","DataBin\Cars\Virtuose\ladybug.skn",602331,602331,233272,1
"CEFC4B7F2F7F17758104FA593DD54E3E3FEDA7F3","DataBin\Cars\Virtuose\number00.skn",602333,602333,212441,1
"CEFC4B7F2F7F17758104FA593DD54E3E3FEDA7F3","DataBin\Cars\Virtuose\number27.skn",602333,602333,167425,1
"CEFC4B7F2F7F17758104FA593DD54E3E3FEDA7F3","DataBin\Cars\Virtuose\Orange_e.skn",602333,602333,199780,1
"CEFC4B7F2F7F17758104FA593DD54E3E3FEDA7F3","DataBin\Cars\Virtuose\Pearl_e.skn",602329,602329,204147,1
"CEFC4B7F2F7F17758104FA593DD54E3E3FEDA7F3","DataBin\Cars\Virtuose\popart.skn",602329,602329,246515,1
"CEFC4B7F2F7F17758104FA593DD54E3E3FEDA7F3","DataBin\Cars\Virtuose\Purple_e.skn",602331,602331,194490,1
"CEFC4B7F2F7F17758104FA593DD54E3E3FEDA7F3","DataBin\Cars\Virtuose\Red_e.skn",602325,602325,190784,1
"CEFC4B7F2F7F17758104FA593DD54E3E3FEDA7F3","DataBin\Cars\Virtuose\taxi.skn",602325,602325,269499,1
"CEFC4B7F2F7F17758104FA593DD54E3E3FEDA7F3","DataBin\Cars\Virtuose\yellow_e.skn",602331,602331,203480,1
"CEFC4B7F2F7F17758104FA593DD54E3E3FEDA7F3","DataBin\Cars\Xden\BioMech.skn",602663,602663,341111,1
"CEFC4B7F2F7F17758104FA593DD54E3E3FEDA7F3","DataBin\Cars\Xden\BlueWhte.skn",602665,602665,241189,1
"CEFC4B7F2F7F17758104FA593DD54E3E3FEDA7F3","DataBin\Cars\Xden\blue_h.skn",602659,602659,222941,1
"CEFC4B7F2F7F17758104FA593DD54E3E3FEDA7F3","DataBin\Cars\Xden\Bnk_16.bnm",42344,42344,36528,1
"CEFC4B7F2F7F17758104FA593DD54E3E3FEDA7F3","DataBin\Cars\Xden\burgundh.skn",602663,602663,210753,1
"CEFC4B7F2F7F17758104FA593DD54E3E3FEDA7F3","DataBin\Cars\Xden\carbump.bin",600485,600485,322241,1
"CEFC4B7F2F7F17758104FA593DD54E3E3FEDA7F3","DataBin\Cars\Xden\Coal_h.skn",602659,602659,200673,1
"CEFC4B7F2F7F17758104FA593DD54E3E3FEDA7F3","DataBin\Cars\Xden\CptCam.bin",28,28,37,1
"CEFC4B7F2F7F17758104FA593DD54E3E3FEDA7F3","DataBin\Cars\Xden\CptRod.bin",372,372,383,1
"CEFC4B7F2F7F17758104FA593DD54E3E3FEDA7F3","DataBin\Cars\Xden\CptTex.bin",595007,595007,420989,1
"CEFC4B7F2F7F17758104FA593DD54E3E3FEDA7F3","DataBin\Cars\Xden\CptV3D.bin",62869,62869,45461,1
"CEFC4B7F2F7F17758104FA593DD54E3E3FEDA7F3","DataBin\Cars\Xden\Data.Bin",1415591,1415591,767965,1
"CEFC4B7F2F7F17758104FA593DD54E3E3FEDA7F3","DataBin\Cars\Xden\gray_h.skn",602659,602659,215327,1
"CEFC4B7F2F7F17758104FA593DD54E3E3FEDA7F3","DataBin\Cars\Xden\Lightning.skn",602667,602667,235160,1
"CEFC4B7F2F7F17758104FA593DD54E3E3FEDA7F3","DataBin\Cars\Xden\mantis.skn",602661,602661,266697,1
"CEFC4B7F2F7F17758104FA593DD54E3E3FEDA7F3","DataBin\Cars\Xden\Number71.skn",602665,602665,267862,1
"CEFC4B7F2F7F17758104FA593DD54E3E3FEDA7F3","DataBin\Cars\Xden\orangeh.skn",602662,602662,226403,1
"CEFC4B7F2F7F17758104FA593DD54E3E3FEDA7F3","DataBin\Cars\Xden\pearlh.skn",602661,602661,220676,1
"CEFC4B7F2F7F17758104FA593DD54E3E3FEDA7F3","DataBin\Cars\Xden\redh.skn",602658,602658,222250,1
"CEFC4B7F2F7F17758104FA593DD54E3E3FEDA7F3","DataBin\Cars\Xden\redwhite.skn",602665,602665,230861,1
"CEFC4B7F2F7F17758104FA593DD54E3E3FEDA7F3","DataBin\Cars\Xden\squid.skn",602659,602659,267863,1
"CEFC4B7F2F7F17758104FA593DD54E3E3FEDA7F3","DataBin\Cars\Xden\stripes.skn",602663,602663,234706,1
"CEFC4B7F2F7F17758104FA593DD54E3E3FEDA7F3","DataBin\Cars\Xden\yellowh.skn",602662,602662,222002,1
"CEFC4B7F2F7F17758104FA593DD54E3E3FEDA7F3","DataBin\Menus\master.mrc",18516088,18516088,2958286,1
"CEFC4B7F2F7F17758104FA593DD54E3E3FEDA7F3","DataBin\RESSON\Bnk_0.bnm",64988,64988,58502,1
"CEFC4B7F2F7F17758104FA593DD54E3E3FEDA7F3","DataBin\RESSON\Bnk_17.bnm",3593892,3593892,3045526,1
"CEFC4B7F2F7F17758104FA593DD54E3E3FEDA7F3","DataBin\RESSON\Bnk_18.bnm",908,908,97,1
"CEFC4B7F2F7F17758104FA593DD54E3E3FEDA7F3","DataBin\RESSON\Bnk_19.bnm",44844,44844,38662,1
"CEFC4B7F2F7F17758104FA593DD54E3E3FEDA7F3","DataBin\RESSON\Bnk_22.bnm",26764,26764,22145,1
"CEFC4B7F2F7F17758104FA593DD54E3E3FEDA7F3","DataBin\RESSON\Bnk_8.bnm",300124,300124,223391,1
"CEFC4B7F2F7F17758104FA593DD54E3E3FEDA7F3","DataBin\RESSON\ComonCfx.Bin",32,32,41,1
"CEFC4B7F2F7F17758104FA593DD54E3E3FEDA7F3","DataBin\RESSON\MenuEvt.bin",252,252,263,1
"CEFC4B7F2F7F17758104FA593DD54E3E3FEDA7F3","DataBin\Scripts\countdown.btr",574,574,585,1
"CEFC4B7F2F7F17758104FA593DD54E3E3FEDA7F3","DataBin\Scripts\damage.btr",440,440,451,1
"CEFC4B7F2F7F17758104FA593DD54E3E3FEDA7F3","DataBin\Scripts\End.btr",1265,1265,1276,1
"CEFC4B7F2F7F17758104FA593DD54E3E3FEDA7F3","DataBin\Scripts\endchmp.btr",2719,2719,2522,1
"CEFC4B7F2F7F17758104FA593DD54E3E3FEDA7F3","DataBin\Scripts\gameover.btr",118,118,129,1
"CEFC4B7F2F7F17758104FA593DD54E3E3FEDA7F3","DataBin\Scripts\modecam.bin",144,144,155,1
"CEFC4B7F2F7F17758104FA593DD54E3E3FEDA7F3","DataBin\Scripts\netsynchro.btr",195,195,206,1
"CEFC4B7F2F7F17758104FA593DD54E3E3FEDA7F3","DataBin\Scripts\newlaprecord.btr",279,279,290,1
"CEFC4B7F2F7F17758104FA593DD54E3E3FEDA7F3","DataBin\Scripts\newracerecord.btr",279,279,290,1
"CEFC4B7F2F7F17758104FA593DD54E3E3FEDA7F3","DataBin\Scripts\playerleft.btr",212,212,223,1
"CEFC4B7F2F7F17758104FA593DD54E3E3FEDA7F3","DataBin\Scripts\ranking.btr",1610,1610,1621,1
"CEFC4B7F2F7F17758104FA593DD54E3E3FEDA7F3","DataBin\Scripts\rankingchmp.btr",1609,1609,1620,1
"CEFC4B7F2F7F17758104FA593DD54E3E3FEDA7F3","DataBin\Scripts\records.btr",2418,2418,2326,1
"CEFC4B7F2F7F17758104FA593DD54E3E3FEDA7F3","DataBin\Scripts\upg.bin",258120,258120,182389,1
"CEFC4B7F2F7F17758104FA593DD54E3E3FEDA7F3","DataBin\Scripts\upgtexprj.bin",1184177,1184177,1076859,1
"CEFC4B7F2F7F17758104FA593DD54E3E3FEDA7F3","DataBin\Scripts\win1.btr",1224,1224,1235,1
"CEFC4B7F2F7F17758104FA593DD54E3E3FEDA7F3","DataBin\Scripts\win2.btr",1224,1224,1235,1
"CEFC4B7F2F7F17758104FA593DD54E3E3FEDA7F3","DataBin\Scripts\win3.btr",1224,1224,1235,1
"CEFC4B7F2F7F17758104FA593DD54E3E3FEDA7F3","DataBin\Scripts\language\English\DIC_ERR.BMD",1874,1874,903,1
"CEFC4B7F2F7F17758104FA593DD54E3E3FEDA7F3","DataBin\Scripts\language\English\DIC_GAM.BMD",5800,5800,2873,1
"CEFC4B7F2F7F17758104FA593DD54E3E3FEDA7F3","DataBin\Scripts\language\English\DIC_MNU.BMD",1887,1887,1099,1
"CEFC4B7F2F7F17758104FA593DD54E3E3FEDA7F3","DataBin\Textures\loading.img",614400,614400,102115,1
"CEFC4B7F2F7F17758104FA593DD54E3E3FEDA7F3","DataBin\Textures\StartIntro.565",2031616,2031616,751937,1
"CEFC4B7F2F7F17758104FA593DD54E3E3FEDA7F3","DataBin\Textures\startintro.bin",196806,196806,13336,1
"CEFC4B7F2F7F17758104FA593DD54E3E3FEDA7F3","DataBin\Tracks\California\Bnk_13.bnm",7796432,7796432,6910837,1
"CEFC4B7F2F7F17758104FA593DD54E3E3FEDA7F3","DataBin\Tracks\California\bumpinfo.bin",196888,196888,196681,1
"CEFC4B7F2F7F17758104FA593DD54E3E3FEDA7F3","DataBin\Tracks\California\Data.Bin",21331701,21331701,15835584,1
"CEFC4B7F2F7F17758104FA593DD54E3E3FEDA7F3","DataBin\Tracks\Canada\Bnk_11.bnm",10297060,10297060,9287355,1
"CEFC4B7F2F7F17758104FA593DD54E3E3FEDA7F3","DataBin\Tracks\Canada\bumpinfo.bin",196856,196856,196649,1
"CEFC4B7F2F7F17758104FA593DD54E3E3FEDA7F3","DataBin\Tracks\Canada\Data.Bin",23428407,23428407,17190309,1
"CEFC4B7F2F7F17758104FA593DD54E3E3FEDA7F3","DataBin\Tracks\Colorado\Bnk_12.bnm",9577900,9577900,8672175,1
"CEFC4B7F2F7F17758104FA593DD54E3E3FEDA7F3","DataBin\Tracks\Colorado\Data.Bin",15612128,15612128,11468711,1
"CEFC4B7F2F7F17758104FA593DD54E3E3FEDA7F3","DataBin\Tracks\Louisiana\Bnk_14.bnm",10943660,10943660,9872069,1
"CEFC4B7F2F7F17758104FA593DD54E3E3FEDA7F3","DataBin\Tracks\Louisiana\bumpinfo.bin",196959,196959,196751,1
"CEFC4B7F2F7F17758104FA593DD54E3E3FEDA7F3","DataBin\Tracks\Louisiana\Data.Bin",24689994,24689994,18113024,1
"CEFC4B7F2F7F17758104FA593DD54E3E3FEDA7F3","DataBin\Tracks\Louisiana\sh2Day.bin",332992,332992,17619,1
"CEFC4B7F2F7F17758104FA593DD54E3E3FEDA7F3","DataBin\Tracks\Louisiana\sh2Night.bin",332992,332992,95266,1
"CEFC4B7F2F7F17758104FA593DD54E3E3FEDA7F3","DataBin\Tracks\Mexico\Bnk_10.bnm",8954348,8954348,7972508,1
"CEFC4B7F2F7F17758104FA593DD54E3E3FEDA7F3","DataBin\Tracks\Mexico\bumpinfo.bin",196893,196893,196686,1
"CEFC4B7F2F7F17758104FA593DD54E3E3FEDA7F3","DataBin\Tracks\Mexico\Data.Bin",21025913,21025913,15856295,1
"CEFC4B7F2F7F17758104FA593DD54E3E3FEDA7F3","DataBin\Tracks\Nevada\Bnk_9.bnm",9945316,9945316,8933154,1
"CEFC4B7F2F7F17758104FA593DD54E3E3FEDA7F3","DataBin\Tracks\Nevada\bumpinfo.bin",196887,196887,196680,1
"CEFC4B7F2F7F17758104FA593DD54E3E3FEDA7F3","DataBin\Tracks\Nevada\Data.Bin",25966695,25966695,18536423,1
"CEFC4B7F2F7F17758104FA593DD54E3E3FEDA7F3","DataBin\Tracks\NewYork\Bnk_15.bnm",11290552,11290552,10157784,1
"CEFC4B7F2F7F17758104FA593DD54E3E3FEDA7F3","DataBin\Tracks\NewYork\bumpinfo.bin",196857,196857,196650,1
"CEFC4B7F2F7F17758104FA593DD54E3E3FEDA7F3","DataBin\Tracks\NewYork\Data.Bin",16092139,16092139,10843291,1
"CEFC4B7F2F7F17758104FA593DD54E3E3FEDA7F3","DataBin\Video\English.avi",1324842,1324842,343055,1
"CEFC4B7F2F7F17758104FA593DD54E3E3FEDA7F3","DataBin\Video\SBintro.avi",98418034,98418034,94208476,1
"CEFC4B7F2F7F17758104FA593DD54E3E3FEDA7F3","DataBin\Video\SBintro.bin",104857600,104857600,104724894,1
"CEFC4B7F2F7F17758104FA593DD54E3E3FEDA7F3","DataBin\Video\Ubilogo.avi",2051718,2051718,1947477,1
"CEFC4B7F2F7F17758104FA593DD54E3E3FEDA7F3","GSData\config.gsc",896,896,501,1
"CEFC4B7F2F7F17758104FA593DD54E3E3FEDA7F3","GSData\createsession.JPG",93324,93324,92741,1
"CEFC4B7F2F7F17758104FA593DD54E3E3FEDA7F3","GSData\session.bmp",3384,3384,2272,1
"CEFC4B7F2F7F17758104FA593DD54E3E3FEDA7F3","GSData\sessioninfo.JPG",91781,91781,91208,1
"CEFC4B7F2F7F17758104FA593DD54E3E3FEDA7F3","Log\v.d",0,0,0,1
"CEFC4B7F2F7F17758104FA593DD54E3E3FEDA7F3","support\cp_manual.bat",560,560,296,1
"CEFC4B7F2F7F17758104FA593DD54E3E3FEDA7F3","support\delete_manual.bat",191,191,150,1
"CEFC4B7F2F7F17758104FA593DD54E3E3FEDA7F3","support\SPB.ini",703,703,284,1
"CEFC4B7F2F7F17758104FA593DD54E3E3FEDA7F3","support\UBI.ini",82,82,89,1
"CEFC4B7F2F7F17758104FA593DD54E3E3FEDA7F3","support\gdf\FirewallInstall.exe",85608,85608,45173,1
"CEFC4B7F2F7F17758104FA593DD54E3E3FEDA7F3","support\gdf\FirewallInstallHelper.dll",55400,55400,26693,1
"CEFC4B7F2F7F17758104FA593DD54E3E3FEDA7F3","support\gdf\GameuxInstallHelper.dll",111240,111240,50320,1
"CEFC4B7F2F7F17758104FA593DD54E3E3FEDA7F3","support\gdf\GDFInstaller.exe",27240,27240,13724,1
"CEFC4B7F2F7F17758104FA593DD54E3E3FEDA7F3","support\PlayerData\settings.sav",3683,3683,694,1
"CEFC4B7F2F7F17758104FA593DD54E3E3FEDA7F3","support\PlayerData\records\California\records.bin",19792,19792,1223,1
"CEFC4B7F2F7F17758104FA593DD54E3E3FEDA7F3","support\PlayerData\Sounds\Default.wav",38486,38486,36968,1
"CEFC4B7F2F7F17758104FA593DD54E3E3FEDA7F3","support\PlayerData\Sounds\klx12.WAV",17802,17802,16403,1
"CEFC4B7F2F7F17758104FA593DD54E3E3FEDA7F3","support\PlayerData\Sounds\Standard1.wav",24630,24630,23870,1
"CEFC4B7F2F7F17758104FA593DD54E3E3FEDA7F3","support\PlayerData\Sounds\Standard2.wav",28830,28830,27584,1
"CEFC4B7F2F7F17758104FA593DD54E3E3FEDA7F3","support\PlayerData\Sounds\Standard3.wav",32050,32050,30898,1
"CEFC4B7F2F7F17758104FA593DD54E3E3FEDA7F3","support\PlayerData\Sounds\Standard4.wav",60828,60828,58359,1
"CEFC4B7F2F7F17758104FA593DD54E3E3FEDA7F3","support\PlayerData\Sounds\Standard5.wav",47714,47714,45299,1
"CEFC4B7F2F7F17758104FA593DD54E3E3FEDA7F3","support\PlayerData\Sounds\Standard6.wav",45764,45764,44168,1
"CEFC4B7F2F7F17758104FA593DD54E3E3FEDA7F3","video\Video.dll",60928,60928,27988,1
"CEFC4B7F2F7F17758104FA593DD54E3E3FEDA7F3","video\SVdoRndr\SBfrRndr.ax",44032,44032,23068,1
