"3054","788664A5B97C10A1D14CEDA26EA05B0B4BBFCC1C","0000-00-00",413,1032440689,1032440689,700963008,1
"788664A5B97C10A1D14CEDA26EA05B0B4BBFCC1C","Battlecry II.exe",2319976,2319976,1049830,1
"788664A5B97C10A1D14CEDA26EA05B0B4BBFCC1C","binkw32.dll",290816,290816,127829,1
"788664A5B97C10A1D14CEDA26EA05B0B4BBFCC1C","Cpuinf32.dll",25704,25704,12485,1
"788664A5B97C10A1D14CEDA26EA05B0B4BBFCC1C","DialogData.xcr",1984924,1984924,1486462,1
"788664A5B97C10A1D14CEDA26EA05B0B4BBFCC1C","game.cmd",19,19,27,1
"788664A5B97C10A1D14CEDA26EA05B0B4BBFCC1C","game.sdb",746,746,415,1
"788664A5B97C10A1D14CEDA26EA05B0B4BBFCC1C","GameData.xcr",892600,892600,62974,1
"788664A5B97C10A1D14CEDA26EA05B0B4BBFCC1C","GamePicts.xcr",294898085,294898085,169671085,1
"788664A5B97C10A1D14CEDA26EA05B0B4BBFCC1C","GameuxInstallHelper.dll",96264,96264,49491,1
"788664A5B97C10A1D14CEDA26EA05B0B4BBFCC1C","gfw_high.ico",140625,140625,132717,1
"788664A5B97C10A1D14CEDA26EA05B0B4BBFCC1C","GlobalPict.xcr",106839590,106839590,34653381,1
"788664A5B97C10A1D14CEDA26EA05B0B4BBFCC1C","HeroFaces.xcr",24702100,24702100,16006955,1
"788664A5B97C10A1D14CEDA26EA05B0B4BBFCC1C","manual.pdf",4591923,4591923,4448315,1
"788664A5B97C10A1D14CEDA26EA05B0B4BBFCC1C","Mp3dec.asi",125952,125952,56053,1
"788664A5B97C10A1D14CEDA26EA05B0B4BBFCC1C","mss32.dll",352360,352360,155992,1
"788664A5B97C10A1D14CEDA26EA05B0B4BBFCC1C","Mssa3d.m3d",51200,51200,24486,1
"788664A5B97C10A1D14CEDA26EA05B0B4BBFCC1C","Mssa3d2.m3d",60928,60928,29011,1
"788664A5B97C10A1D14CEDA26EA05B0B4BBFCC1C","Mssdolby.m3d",64512,64512,31603,1
"788664A5B97C10A1D14CEDA26EA05B0B4BBFCC1C","Mssds3dh.m3d",50688,50688,23894,1
"788664A5B97C10A1D14CEDA26EA05B0B4BBFCC1C","Mssds3ds.m3d",50688,50688,23756,1
"788664A5B97C10A1D14CEDA26EA05B0B4BBFCC1C","Mssdx7sh.m3d",50688,50688,24177,1
"788664A5B97C10A1D14CEDA26EA05B0B4BBFCC1C","Mssdx7sl.m3d",50688,50688,24174,1
"788664A5B97C10A1D14CEDA26EA05B0B4BBFCC1C","Mssdx7sn.m3d",50688,50688,24182,1
"788664A5B97C10A1D14CEDA26EA05B0B4BBFCC1C","Msseax.m3d",53760,53760,25353,1
"788664A5B97C10A1D14CEDA26EA05B0B4BBFCC1C","Msseax2.m3d",69120,69120,32919,1
"788664A5B97C10A1D14CEDA26EA05B0B4BBFCC1C","Mssfast.m3d",62976,62976,30687,1
"788664A5B97C10A1D14CEDA26EA05B0B4BBFCC1C","Mssrsx.m3d",352768,352768,204009,1
"788664A5B97C10A1D14CEDA26EA05B0B4BBFCC1C","Mssv12.asi",142848,142848,71244,1
"788664A5B97C10A1D14CEDA26EA05B0B4BBFCC1C","Mssv24.asi",134144,134144,65536,1
"788664A5B97C10A1D14CEDA26EA05B0B4BBFCC1C","Mssv29.asi",161280,161280,87427,1
"788664A5B97C10A1D14CEDA26EA05B0B4BBFCC1C","Quest.xcr",705008,705008,389530,1
"788664A5B97C10A1D14CEDA26EA05B0B4BBFCC1C","RandomData.xcr",624432,624432,36978,1
"788664A5B97C10A1D14CEDA26EA05B0B4BBFCC1C","reference card.pdf",1609698,1609698,1222224,1
"788664A5B97C10A1D14CEDA26EA05B0B4BBFCC1C","SoundFX.xcr",36523534,36523534,28379317,1
"788664A5B97C10A1D14CEDA26EA05B0B4BBFCC1C","System.xcr",81134,81134,15392,1
"788664A5B97C10A1D14CEDA26EA05B0B4BBFCC1C","Terrain.cfg",27768,27768,6341,1
"788664A5B97C10A1D14CEDA26EA05B0B4BBFCC1C","Terrain.xcr",87404954,87404954,58724813,1
"788664A5B97C10A1D14CEDA26EA05B0B4BBFCC1C","war2gdf.dll",664680,664680,634701,1
"788664A5B97C10A1D14CEDA26EA05B0B4BBFCC1C","War4Gfx.xcg",303600,303600,25692,1
"788664A5B97C10A1D14CEDA26EA05B0B4BBFCC1C","War4Int.xci",2445332,2445332,93731,1
"788664A5B97C10A1D14CEDA26EA05B0B4BBFCC1C","WBC.DAT",1,1,9,1
"788664A5B97C10A1D14CEDA26EA05B0B4BBFCC1C","WETSTD32.DLL",23144,23144,11932,1
"788664A5B97C10A1D14CEDA26EA05B0B4BBFCC1C","CampaignScenario\Banes Citadel.SCN",258312,258312,13687,1
"788664A5B97C10A1D14CEDA26EA05B0B4BBFCC1C","CampaignScenario\Barad Dumyr.SCN",242156,242156,16493,1
"788664A5B97C10A1D14CEDA26EA05B0B4BBFCC1C","CampaignScenario\Bartonia.SCN",241608,241608,12719,1
"788664A5B97C10A1D14CEDA26EA05B0B4BBFCC1C","CampaignScenario\Bay of Storms.SCN",221016,221016,7427,1
"788664A5B97C10A1D14CEDA26EA05B0B4BBFCC1C","CampaignScenario\Bonebridge.SCN",237148,237148,9595,1
"788664A5B97C10A1D14CEDA26EA05B0B4BBFCC1C","CampaignScenario\Borderlands.SCN",234916,234916,10257,1
"788664A5B97C10A1D14CEDA26EA05B0B4BBFCC1C","CampaignScenario\Colis Tarn.SCN",263872,263872,17841,1
"788664A5B97C10A1D14CEDA26EA05B0B4BBFCC1C","CampaignScenario\Daros.SCN",223640,223640,10368,1
"788664A5B97C10A1D14CEDA26EA05B0B4BBFCC1C","CampaignScenario\Desert of Glass.SCN",224288,224288,9718,1
"788664A5B97C10A1D14CEDA26EA05B0B4BBFCC1C","CampaignScenario\Diraqine Empire.SCN",225044,225044,11058,1
"788664A5B97C10A1D14CEDA26EA05B0B4BBFCC1C","CampaignScenario\Diraqine Wall.SCN",222316,222316,8560,1
"788664A5B97C10A1D14CEDA26EA05B0B4BBFCC1C","CampaignScenario\Doomwood.SCN",227500,227500,9762,1
"788664A5B97C10A1D14CEDA26EA05B0B4BBFCC1C","CampaignScenario\Dragon`s Maze.SCN",236940,236940,10964,1
"788664A5B97C10A1D14CEDA26EA05B0B4BBFCC1C","CampaignScenario\Drak-Dum.SCN",262584,262584,17450,1
"788664A5B97C10A1D14CEDA26EA05B0B4BBFCC1C","CampaignScenario\Duskside.SCN",246696,246696,11830,1
"788664A5B97C10A1D14CEDA26EA05B0B4BBFCC1C","CampaignScenario\Ehlariel.SCN",256308,256308,13523,1
"788664A5B97C10A1D14CEDA26EA05B0B4BBFCC1C","CampaignScenario\Elenia.SCN",230784,230784,10463,1
"788664A5B97C10A1D14CEDA26EA05B0B4BBFCC1C","CampaignScenario\Firewoods.SCN",261088,261088,12563,1
"788664A5B97C10A1D14CEDA26EA05B0B4BBFCC1C","CampaignScenario\Frost Tribes.SCN",232944,232944,7898,1
"788664A5B97C10A1D14CEDA26EA05B0B4BBFCC1C","CampaignScenario\Garnaks Gap.SCN",218360,218360,11749,1
"788664A5B97C10A1D14CEDA26EA05B0B4BBFCC1C","CampaignScenario\Gharedlun.SCN",231388,231388,14465,1
"788664A5B97C10A1D14CEDA26EA05B0B4BBFCC1C","CampaignScenario\Gildor.SCN",225288,225288,12282,1
"788664A5B97C10A1D14CEDA26EA05B0B4BBFCC1C","CampaignScenario\Goblin Mountain.SCN",240156,240156,15583,1
"788664A5B97C10A1D14CEDA26EA05B0B4BBFCC1C","CampaignScenario\Graww.SCN",227240,227240,12751,1
"788664A5B97C10A1D14CEDA26EA05B0B4BBFCC1C","CampaignScenario\Guardia.SCN",233748,233748,12907,1
"788664A5B97C10A1D14CEDA26EA05B0B4BBFCC1C","CampaignScenario\Iceguard Keep.SCN",233748,233748,8364,1
"788664A5B97C10A1D14CEDA26EA05B0B4BBFCC1C","CampaignScenario\Khaz Elenak.SCN",237684,237684,7196,1
"788664A5B97C10A1D14CEDA26EA05B0B4BBFCC1C","CampaignScenario\Khaz-Agar.SCN",230760,230760,12127,1
"788664A5B97C10A1D14CEDA26EA05B0B4BBFCC1C","CampaignScenario\Khaz-Tor.SCN",278236,278236,15333,1
"788664A5B97C10A1D14CEDA26EA05B0B4BBFCC1C","CampaignScenario\Khazdhul.SCN",270728,270728,12989,1
"788664A5B97C10A1D14CEDA26EA05B0B4BBFCC1C","CampaignScenario\Kor.SCN",225124,225124,11811,1
"788664A5B97C10A1D14CEDA26EA05B0B4BBFCC1C","CampaignScenario\Lake of Blood.SCN",247952,247952,12349,1
"788664A5B97C10A1D14CEDA26EA05B0B4BBFCC1C","CampaignScenario\Lunarion.SCN",235392,235392,6785,1
"788664A5B97C10A1D14CEDA26EA05B0B4BBFCC1C","CampaignScenario\Lysea.SCN",222704,222704,10279,1
"788664A5B97C10A1D14CEDA26EA05B0B4BBFCC1C","CampaignScenario\Malbec Swamp.SCN",220392,220392,8509,1
"788664A5B97C10A1D14CEDA26EA05B0B4BBFCC1C","CampaignScenario\Mtns of Ragnar.SCN",244932,244932,8879,1
"788664A5B97C10A1D14CEDA26EA05B0B4BBFCC1C","CampaignScenario\Northern Diraq.SCN",213200,213200,8315,1
"788664A5B97C10A1D14CEDA26EA05B0B4BBFCC1C","CampaignScenario\Northern Khazdhul.SCN",236960,236960,9300,1
"788664A5B97C10A1D14CEDA26EA05B0B4BBFCC1C","CampaignScenario\Northern Kor.SCN",233064,233064,8685,1
"788664A5B97C10A1D14CEDA26EA05B0B4BBFCC1C","CampaignScenario\Ohtar.SCN",227952,227952,11078,1
"788664A5B97C10A1D14CEDA26EA05B0B4BBFCC1C","CampaignScenario\Orc Hills.SCN",227088,227088,14423,1
"788664A5B97C10A1D14CEDA26EA05B0B4BBFCC1C","CampaignScenario\Plains of Ar.SCN",219532,219532,12003,1
"788664A5B97C10A1D14CEDA26EA05B0B4BBFCC1C","CampaignScenario\Realms of Plague.SCN",235872,235872,11301,1
"788664A5B97C10A1D14CEDA26EA05B0B4BBFCC1C","CampaignScenario\Realms of War.SCN",237360,237360,10963,1
"788664A5B97C10A1D14CEDA26EA05B0B4BBFCC1C","CampaignScenario\Rhyllmyr.SCN",229136,229136,12888,1
"788664A5B97C10A1D14CEDA26EA05B0B4BBFCC1C","CampaignScenario\Sarteks Maze.SCN",219360,219360,4976,1
"788664A5B97C10A1D14CEDA26EA05B0B4BBFCC1C","CampaignScenario\Selentia.SCN",257872,257872,13611,1
"788664A5B97C10A1D14CEDA26EA05B0B4BBFCC1C","CampaignScenario\Serine Jungle.SCN",248740,248740,12399,1
"788664A5B97C10A1D14CEDA26EA05B0B4BBFCC1C","CampaignScenario\Silvermyr.SCN",230604,230604,9209,1
"788664A5B97C10A1D14CEDA26EA05B0B4BBFCC1C","CampaignScenario\Siria.SCN",246428,246428,11997,1
"788664A5B97C10A1D14CEDA26EA05B0B4BBFCC1C","CampaignScenario\Skullguard Keep.SCN",229808,229808,12422,1
"788664A5B97C10A1D14CEDA26EA05B0B4BBFCC1C","CampaignScenario\Solhaven.SCN",236916,236916,9809,1
"788664A5B97C10A1D14CEDA26EA05B0B4BBFCC1C","CampaignScenario\Southern Selentia.SCN",232920,232920,11838,1
"788664A5B97C10A1D14CEDA26EA05B0B4BBFCC1C","CampaignScenario\Sundered Isle.SCN",226408,226408,9179,1
"788664A5B97C10A1D14CEDA26EA05B0B4BBFCC1C","CampaignScenario\The Blight.SCN",236744,236744,9327,1
"788664A5B97C10A1D14CEDA26EA05B0B4BBFCC1C","CampaignScenario\The Trarg.SCN",221068,221068,8378,1
"788664A5B97C10A1D14CEDA26EA05B0B4BBFCC1C","CampaignScenario\The Waste.SCN",220732,220732,9434,1
"788664A5B97C10A1D14CEDA26EA05B0B4BBFCC1C","CampaignScenario\The Wild Coast.SCN",222040,222040,10817,1
"788664A5B97C10A1D14CEDA26EA05B0B4BBFCC1C","CampaignScenario\Theira.SCN",226316,226316,12123,1
"788664A5B97C10A1D14CEDA26EA05B0B4BBFCC1C","CampaignScenario\Toragnar.SCN",221752,221752,13862,1
"788664A5B97C10A1D14CEDA26EA05B0B4BBFCC1C","CampaignScenario\Troll Country.SCN",245472,245472,15426,1
"788664A5B97C10A1D14CEDA26EA05B0B4BBFCC1C","CampaignScenario\Twilight Isle.SCN",212112,212112,7391,1
"788664A5B97C10A1D14CEDA26EA05B0B4BBFCC1C","CampaignScenario\Western Kor.SCN",245556,245556,19172,1
"788664A5B97C10A1D14CEDA26EA05B0B4BBFCC1C","CampaignScenario\White Mountains.SCN",229484,229484,10311,1
"788664A5B97C10A1D14CEDA26EA05B0B4BBFCC1C","CampaignScenario\Ylarie.SCN",232360,232360,17931,1
"788664A5B97C10A1D14CEDA26EA05B0B4BBFCC1C","CampaignScenario\Yrm.SCN",226484,226484,9517,1
"788664A5B97C10A1D14CEDA26EA05B0B4BBFCC1C","CampaignScenario\Zhur.SCN",219696,219696,10016,1
"788664A5B97C10A1D14CEDA26EA05B0B4BBFCC1C","CustomAI\A_Bomber.ai",6416,6416,594,1
"788664A5B97C10A1D14CEDA26EA05B0B4BBFCC1C","CustomAI\A_Siegemaster.ai",6416,6416,421,1
"788664A5B97C10A1D14CEDA26EA05B0B4BBFCC1C","CustomAI\B_Horselord.ai",6416,6416,410,1
"788664A5B97C10A1D14CEDA26EA05B0B4BBFCC1C","CustomAI\D_GriffonRider.ai",6416,6416,394,1
"788664A5B97C10A1D14CEDA26EA05B0B4BBFCC1C","CustomAI\F_Dragonhawk.ai",6416,6416,431,1
"788664A5B97C10A1D14CEDA26EA05B0B4BBFCC1C","CustomAI\G_Defender.ai",6416,6416,184,1
"788664A5B97C10A1D14CEDA26EA05B0B4BBFCC1C","CustomAI\G_Miner.ai",6416,6416,185,1
"788664A5B97C10A1D14CEDA26EA05B0B4BBFCC1C","CustomAI\G_Nuisance.ai",6416,6416,183,1
"788664A5B97C10A1D14CEDA26EA05B0B4BBFCC1C","CustomAI\G_Reckless.ai",6416,6416,185,1
"788664A5B97C10A1D14CEDA26EA05B0B4BBFCC1C","CustomAI\H_Knightlord.ai",6416,6416,433,1
"788664A5B97C10A1D14CEDA26EA05B0B4BBFCC1C","CustomAI\H_KnightProtector.ai",6416,6416,434,1
"788664A5B97C10A1D14CEDA26EA05B0B4BBFCC1C","CustomAI\H_LordOfTheMagi.ai",6416,6416,410,1
"788664A5B97C10A1D14CEDA26EA05B0B4BBFCC1C","CustomAI\O_GoblinKing.ai",6416,6416,410,1
"788664A5B97C10A1D14CEDA26EA05B0B4BBFCC1C","CustomAI\W_ShootClub.ai",6416,6416,413,1
"788664A5B97C10A1D14CEDA26EA05B0B4BBFCC1C","CustomUnitAI\Fallback25.uai",1459,1459,222,1
"788664A5B97C10A1D14CEDA26EA05B0B4BBFCC1C","CustomUnitAI\MagicAttacker.uai",1458,1458,189,1
"788664A5B97C10A1D14CEDA26EA05B0B4BBFCC1C","CustomUnitAI\MagicDefender.uai",1458,1458,184,1
"788664A5B97C10A1D14CEDA26EA05B0B4BBFCC1C","CustomUnitAI\RoamingGuardian.uai",1458,1458,241,1
"788664A5B97C10A1D14CEDA26EA05B0B4BBFCC1C","Data\Bing.WAV",155336,155336,121358,1
"788664A5B97C10A1D14CEDA26EA05B0B4BBFCC1C","Data\Data.xcr",198430,198430,16680,1
"788664A5B97C10A1D14CEDA26EA05B0B4BBFCC1C","Data\Etheria.cmp",279524,279524,9904,1
"788664A5B97C10A1D14CEDA26EA05B0B4BBFCC1C","Data\Etheria.prv",480000,480000,8655,1
"788664A5B97C10A1D14CEDA26EA05B0B4BBFCC1C","Data\Game.ini",451,451,276,1
"788664A5B97C10A1D14CEDA26EA05B0B4BBFCC1C","Data\Lightning.wav",445670,445670,93080,1
"788664A5B97C10A1D14CEDA26EA05B0B4BBFCC1C","Data\QuickFanfare.wav",177912,177912,148564,1
"788664A5B97C10A1D14CEDA26EA05B0B4BBFCC1C","Documentation\Battlecry II Appendix.chm",146980,146980,139511,1
"788664A5B97C10A1D14CEDA26EA05B0B4BBFCC1C","Documentation\Battlecry II Editor.chm",779914,779914,772834,1
"788664A5B97C10A1D14CEDA26EA05B0B4BBFCC1C","Documentation\Battlecry II Spells.chm",150012,150012,142491,1
"788664A5B97C10A1D14CEDA26EA05B0B4BBFCC1C","Documentation\Battlecry II Units.chm",147903,147903,140402,1
"788664A5B97C10A1D14CEDA26EA05B0B4BBFCC1C","English\Army.cfg",11763,11763,3582,1
"788664A5B97C10A1D14CEDA26EA05B0B4BBFCC1C","English\Countries.cfg",3722,3722,1974,1
"788664A5B97C10A1D14CEDA26EA05B0B4BBFCC1C","English\Credits.txt",5254,5254,2044,1
"788664A5B97C10A1D14CEDA26EA05B0B4BBFCC1C","English\Etheria.cfg",10242,10242,3386,1
"788664A5B97C10A1D14CEDA26EA05B0B4BBFCC1C","English\Feature.cfg",5219,5219,1495,1
"788664A5B97C10A1D14CEDA26EA05B0B4BBFCC1C","English\Font.ini",3856,3856,636,1
"788664A5B97C10A1D14CEDA26EA05B0B4BBFCC1C","English\Game.txt",26315,26315,9352,1
"788664A5B97C10A1D14CEDA26EA05B0B4BBFCC1C","English\GameSpeech.xcr",102895640,102895640,85517925,1
"788664A5B97C10A1D14CEDA26EA05B0B4BBFCC1C","English\Help.cfg",110882,110882,22612,1
"788664A5B97C10A1D14CEDA26EA05B0B4BBFCC1C","English\KeyMap.txt",1844,1844,865,1
"788664A5B97C10A1D14CEDA26EA05B0B4BBFCC1C","English\Names.cfg",21092,21092,5460,1
"788664A5B97C10A1D14CEDA26EA05B0B4BBFCC1C","English\Quest.cfg",53475,53475,14313,1
"788664A5B97C10A1D14CEDA26EA05B0B4BBFCC1C","English\Quotes.txt",7952,7952,3103,1
"788664A5B97C10A1D14CEDA26EA05B0B4BBFCC1C","English\Resign.cfg",7461,7461,2172,1
"788664A5B97C10A1D14CEDA26EA05B0B4BBFCC1C","English\scenario.cfg",5072,5072,1635,1
"788664A5B97C10A1D14CEDA26EA05B0B4BBFCC1C","English\ScreenHelp.txt",7398,7398,2599,1
"788664A5B97C10A1D14CEDA26EA05B0B4BBFCC1C","English\Skills.cfg",21689,21689,5125,1
"788664A5B97C10A1D14CEDA26EA05B0B4BBFCC1C","English\Spells.txt",10517,10517,3076,1
"788664A5B97C10A1D14CEDA26EA05B0B4BBFCC1C","English\Text.xcr",56961198,56961198,32160361,1
"788664A5B97C10A1D14CEDA26EA05B0B4BBFCC1C","English\TileNames.cfg",6566,6566,1842,1
"788664A5B97C10A1D14CEDA26EA05B0B4BBFCC1C","English\Tutorial.cfg",6627,6627,2406,1
"788664A5B97C10A1D14CEDA26EA05B0B4BBFCC1C","English\ubi.cfg",10114,10114,3045,1
"788664A5B97C10A1D14CEDA26EA05B0B4BBFCC1C","English\Victory.cfg",3038,3038,882,1
"788664A5B97C10A1D14CEDA26EA05B0B4BBFCC1C","English\XCIStrings.txt",33188,33188,10656,1
"788664A5B97C10A1D14CEDA26EA05B0B4BBFCC1C","Events\EACH.evt",1196,1196,63,1
"788664A5B97C10A1D14CEDA26EA05B0B4BBFCC1C","Events\EACM.evt",1196,1196,83,1
"788664A5B97C10A1D14CEDA26EA05B0B4BBFCC1C","Events\EACU.evt",1196,1196,75,1
"788664A5B97C10A1D14CEDA26EA05B0B4BBFCC1C","Events\ECAI.evt",1196,1196,56,1
"788664A5B97C10A1D14CEDA26EA05B0B4BBFCC1C","Events\ECIL.evt",1196,1196,65,1
"788664A5B97C10A1D14CEDA26EA05B0B4BBFCC1C","Events\ECIN.evt",1196,1196,59,1
"788664A5B97C10A1D14CEDA26EA05B0B4BBFCC1C","Events\ECLK.evt",1196,1196,63,1
"788664A5B97C10A1D14CEDA26EA05B0B4BBFCC1C","Events\ECOF.evt",1196,1196,58,1
"788664A5B97C10A1D14CEDA26EA05B0B4BBFCC1C","Events\ECON.evt",1196,1196,57,1
"788664A5B97C10A1D14CEDA26EA05B0B4BBFCC1C","Events\ECSE.evt",1196,1196,58,1
"788664A5B97C10A1D14CEDA26EA05B0B4BBFCC1C","Events\EDAY.evt",1196,1196,63,1
"788664A5B97C10A1D14CEDA26EA05B0B4BBFCC1C","Events\EDEF.evt",1196,1196,88,1
"788664A5B97C10A1D14CEDA26EA05B0B4BBFCC1C","Events\EDFT.evt",1196,1196,53,1
"788664A5B97C10A1D14CEDA26EA05B0B4BBFCC1C","Events\EDMU.evt",1196,1196,96,1
"788664A5B97C10A1D14CEDA26EA05B0B4BBFCC1C","Events\EEXP.evt",1196,1196,56,1
"788664A5B97C10A1D14CEDA26EA05B0B4BBFCC1C","Events\EFLG.evt",1196,1196,53,1
"788664A5B97C10A1D14CEDA26EA05B0B4BBFCC1C","Events\EGSA.evt",1196,1196,65,1
"788664A5B97C10A1D14CEDA26EA05B0B4BBFCC1C","Events\ENIG.evt",1196,1196,62,1
"788664A5B97C10A1D14CEDA26EA05B0B4BBFCC1C","Events\ERES.evt",1196,1196,61,1
"788664A5B97C10A1D14CEDA26EA05B0B4BBFCC1C","Events\ERMC.evt",1196,1196,60,1
"788664A5B97C10A1D14CEDA26EA05B0B4BBFCC1C","Events\ESND.evt",1196,1196,67,1
"788664A5B97C10A1D14CEDA26EA05B0B4BBFCC1C","Events\ETDF.evt",1196,1196,81,1
"788664A5B97C10A1D14CEDA26EA05B0B4BBFCC1C","Events\ETDL.evt",1196,1196,53,1
"788664A5B97C10A1D14CEDA26EA05B0B4BBFCC1C","Events\EUHM.evt",1196,1196,64,1
"788664A5B97C10A1D14CEDA26EA05B0B4BBFCC1C","Events\EUMM.evt",1196,1196,66,1
"788664A5B97C10A1D14CEDA26EA05B0B4BBFCC1C","Events\EVIC.evt",1196,1196,69,1
"788664A5B97C10A1D14CEDA26EA05B0B4BBFCC1C","Fonts\BigFont.fnt",22024,22024,13029,1
"788664A5B97C10A1D14CEDA26EA05B0B4BBFCC1C","Fonts\CondensedFont.fnt",55496,55496,27678,1
"788664A5B97C10A1D14CEDA26EA05B0B4BBFCC1C","Fonts\MainFont.fnt",46676,46676,26485,1
"788664A5B97C10A1D14CEDA26EA05B0B4BBFCC1C","HeroData\Dir.dat",290,290,181,1
"788664A5B97C10A1D14CEDA26EA05B0B4BBFCC1C","Music\Ambient1.mp3",3105280,3105280,3054270,1
"788664A5B97C10A1D14CEDA26EA05B0B4BBFCC1C","Music\Ambient2.mp3",3421257,3421257,3367223,1
"788664A5B97C10A1D14CEDA26EA05B0B4BBFCC1C","Music\Ambient3.mp3",4258742,4258742,4195525,1
"788664A5B97C10A1D14CEDA26EA05B0B4BBFCC1C","Music\Ambient4.mp3",4588982,4588982,4515512,1
"788664A5B97C10A1D14CEDA26EA05B0B4BBFCC1C","Music\Battlecry2.ini",271,271,193,1
"788664A5B97C10A1D14CEDA26EA05B0B4BBFCC1C","Music\Intro.mp3",1672411,1672411,1644846,1
"788664A5B97C10A1D14CEDA26EA05B0B4BBFCC1C","NamingSets\BarbarianFemale.nam",246,246,160,1
"788664A5B97C10A1D14CEDA26EA05B0B4BBFCC1C","NamingSets\BarbarianMale.nam",263,263,164,1
"788664A5B97C10A1D14CEDA26EA05B0B4BBFCC1C","NamingSets\Draconic.nam",528,528,325,1
"788664A5B97C10A1D14CEDA26EA05B0B4BBFCC1C","NamingSets\DwarvenFemale.nam",377,377,214,1
"788664A5B97C10A1D14CEDA26EA05B0B4BBFCC1C","NamingSets\DwarvenMale.nam",440,440,251,1
"788664A5B97C10A1D14CEDA26EA05B0B4BBFCC1C","NamingSets\ElvenFemale.nam",314,314,198,1
"788664A5B97C10A1D14CEDA26EA05B0B4BBFCC1C","NamingSets\ElvenMale.nam",336,336,216,1
"788664A5B97C10A1D14CEDA26EA05B0B4BBFCC1C","NamingSets\Fey.nam",416,416,271,1
"788664A5B97C10A1D14CEDA26EA05B0B4BBFCC1C","NamingSets\GenericEvil.nam",334,334,209,1
"788664A5B97C10A1D14CEDA26EA05B0B4BBFCC1C","NamingSets\HumanFemale.nam",461,461,287,1
"788664A5B97C10A1D14CEDA26EA05B0B4BBFCC1C","NamingSets\HumanMale.nam",466,466,293,1
"788664A5B97C10A1D14CEDA26EA05B0B4BBFCC1C","NamingSets\KnightlyFemale.nam",351,351,209,1
"788664A5B97C10A1D14CEDA26EA05B0B4BBFCC1C","NamingSets\KnightlyMale.nam",326,326,200,1
"788664A5B97C10A1D14CEDA26EA05B0B4BBFCC1C","NamingSets\Standard.nam",383,383,248,1
"788664A5B97C10A1D14CEDA26EA05B0B4BBFCC1C","NamingSets\WizardFemale.nam",381,381,216,1
"788664A5B97C10A1D14CEDA26EA05B0B4BBFCC1C","NamingSets\WizardMale.nam",371,371,216,1
"788664A5B97C10A1D14CEDA26EA05B0B4BBFCC1C","Scenario\Arena of Ice.SCN",227332,227332,12210,1
"788664A5B97C10A1D14CEDA26EA05B0B4BBFCC1C","Scenario\Battle of Rhynn.SCN",216252,216252,12654,1
"788664A5B97C10A1D14CEDA26EA05B0B4BBFCC1C","Scenario\Benes Lake.SCN",238692,238692,11188,1
"788664A5B97C10A1D14CEDA26EA05B0B4BBFCC1C","Scenario\Blasted Delta.SCN",232460,232460,13269,1
"788664A5B97C10A1D14CEDA26EA05B0B4BBFCC1C","Scenario\Camelot.SCN",222152,222152,10272,1
"788664A5B97C10A1D14CEDA26EA05B0B4BBFCC1C","Scenario\Chaos.SCN",227456,227456,8886,1
"788664A5B97C10A1D14CEDA26EA05B0B4BBFCC1C","Scenario\Choices.SCN",275348,275348,9005,1
"788664A5B97C10A1D14CEDA26EA05B0B4BBFCC1C","Scenario\Crossroads.SCN",232536,232536,10578,1
"788664A5B97C10A1D14CEDA26EA05B0B4BBFCC1C","Scenario\Daemon Central.SCN",232920,232920,7912,1
"788664A5B97C10A1D14CEDA26EA05B0B4BBFCC1C","Scenario\Elven Fortress.SCN",262052,262052,11791,1
"788664A5B97C10A1D14CEDA26EA05B0B4BBFCC1C","Scenario\Eyries.SCN",210064,210064,9712,1
"788664A5B97C10A1D14CEDA26EA05B0B4BBFCC1C","Scenario\Fellor Isle.SCN",219608,219608,12575,1
"788664A5B97C10A1D14CEDA26EA05B0B4BBFCC1C","Scenario\Forbidden Realm.SCN",231652,231652,7331,1
"788664A5B97C10A1D14CEDA26EA05B0B4BBFCC1C","Scenario\Forests of the Night.SCN",249716,249716,14826,1
"788664A5B97C10A1D14CEDA26EA05B0B4BBFCC1C","Scenario\Four Corners.SCN",232372,232372,8589,1
"788664A5B97C10A1D14CEDA26EA05B0B4BBFCC1C","Scenario\Four Flags.SCN",218892,218892,12270,1
"788664A5B97C10A1D14CEDA26EA05B0B4BBFCC1C","Scenario\Four Small Forts.SCN",228096,228096,7553,1
"788664A5B97C10A1D14CEDA26EA05B0B4BBFCC1C","Scenario\Green Fields Beyond.SCN",261428,261428,16928,1
"788664A5B97C10A1D14CEDA26EA05B0B4BBFCC1C","Scenario\Hexagon.SCN",231268,231268,6178,1
"788664A5B97C10A1D14CEDA26EA05B0B4BBFCC1C","Scenario\Icefjord.SCN",230244,230244,12066,1
"788664A5B97C10A1D14CEDA26EA05B0B4BBFCC1C","Scenario\Iron Cross.SCN",218688,218688,12102,1
"788664A5B97C10A1D14CEDA26EA05B0B4BBFCC1C","Scenario\Islands & Bridges.SCN",221040,221040,10900,1
"788664A5B97C10A1D14CEDA26EA05B0B4BBFCC1C","Scenario\Lost World.SCN",230068,230068,8773,1
"788664A5B97C10A1D14CEDA26EA05B0B4BBFCC1C","Scenario\Maze.SCN",230860,230860,5530,1
"788664A5B97C10A1D14CEDA26EA05B0B4BBFCC1C","Scenario\Miriade.SCN",223508,223508,12256,1
"788664A5B97C10A1D14CEDA26EA05B0B4BBFCC1C","Scenario\Northern Tundra.SCN",218080,218080,9901,1
"788664A5B97C10A1D14CEDA26EA05B0B4BBFCC1C","Scenario\Nowhere to Hide.SCN",217112,217112,7830,1
"788664A5B97C10A1D14CEDA26EA05B0B4BBFCC1C","Scenario\On Target.SCN",238720,238720,8373,1
"788664A5B97C10A1D14CEDA26EA05B0B4BBFCC1C","Scenario\One Way Through.SCN",238108,238108,12878,1
"788664A5B97C10A1D14CEDA26EA05B0B4BBFCC1C","Scenario\Opposing Forts.SCN",229952,229952,5740,1
"788664A5B97C10A1D14CEDA26EA05B0B4BBFCC1C","Scenario\Orc Hills.SCN",227088,227088,14423,1
"788664A5B97C10A1D14CEDA26EA05B0B4BBFCC1C","Scenario\Power of Four.SCN",235144,235144,11530,1
"788664A5B97C10A1D14CEDA26EA05B0B4BBFCC1C","Scenario\Promised Land.SCN",217904,217904,6451,1
"788664A5B97C10A1D14CEDA26EA05B0B4BBFCC1C","Scenario\Red Planet.SCN",228072,228072,13173,1
"788664A5B97C10A1D14CEDA26EA05B0B4BBFCC1C","Scenario\River banks.SCN",227948,227948,9128,1
"788664A5B97C10A1D14CEDA26EA05B0B4BBFCC1C","Scenario\Rivers Run.SCN",247580,247580,14885,1
"788664A5B97C10A1D14CEDA26EA05B0B4BBFCC1C","Scenario\Separated.SCN",247112,247112,14847,1
"788664A5B97C10A1D14CEDA26EA05B0B4BBFCC1C","Scenario\Skull Mountain.SCN",249776,249776,11444,1
"788664A5B97C10A1D14CEDA26EA05B0B4BBFCC1C","Scenario\Spiral Arms.SCN",232512,232512,8917,1
"788664A5B97C10A1D14CEDA26EA05B0B4BBFCC1C","Scenario\Swampy Valley.SCN",219140,219140,13668,1
"788664A5B97C10A1D14CEDA26EA05B0B4BBFCC1C","Scenario\The Arena.SCN",219952,219952,9208,1
"788664A5B97C10A1D14CEDA26EA05B0B4BBFCC1C","Scenario\The Blight.SCN",232284,232284,8021,1
"788664A5B97C10A1D14CEDA26EA05B0B4BBFCC1C","Scenario\The Brae.SCN",235268,235268,10677,1
"788664A5B97C10A1D14CEDA26EA05B0B4BBFCC1C","Scenario\The Fallen.SCN",211644,211644,7499,1
"788664A5B97C10A1D14CEDA26EA05B0B4BBFCC1C","Scenario\The Great Pyramids.SCN",226504,226504,11994,1
"788664A5B97C10A1D14CEDA26EA05B0B4BBFCC1C","Scenario\The Lakes.SCN",219932,219932,11096,1
"788664A5B97C10A1D14CEDA26EA05B0B4BBFCC1C","Scenario\Tiny Iceberg.SCN",207268,207268,4908,1
"788664A5B97C10A1D14CEDA26EA05B0B4BBFCC1C","Scenario\Troll Wars.SCN",243536,243536,7495,1
"788664A5B97C10A1D14CEDA26EA05B0B4BBFCC1C","Scenario\Twin Bridges.SCN",212764,212764,9463,1
"788664A5B97C10A1D14CEDA26EA05B0B4BBFCC1C","Scenario\Two Small Forts.SCN",212052,212052,7573,1
"788664A5B97C10A1D14CEDA26EA05B0B4BBFCC1C","Scenario\Wastelands.SCN",254436,254436,11266,1
"788664A5B97C10A1D14CEDA26EA05B0B4BBFCC1C","Scenario\Wheel of Fortune.SCN",244292,244292,5895,1
"788664A5B97C10A1D14CEDA26EA05B0B4BBFCC1C","Scenario\Zarn Straight.SCN",221212,221212,12240,1
"788664A5B97C10A1D14CEDA26EA05B0B4BBFCC1C","SoundFX\Terrain\Ambient.wav",634150,634150,321725,1
"788664A5B97C10A1D14CEDA26EA05B0B4BBFCC1C","SoundFX\Terrain\Arctic.wav",2497842,2497842,1880205,1
"788664A5B97C10A1D14CEDA26EA05B0B4BBFCC1C","SoundFX\Terrain\Coast.wav",2625762,2625762,1934508,1
"788664A5B97C10A1D14CEDA26EA05B0B4BBFCC1C","SoundFX\Terrain\Desert.wav",3490100,3490100,2547698,1
"788664A5B97C10A1D14CEDA26EA05B0B4BBFCC1C","SoundFX\Terrain\Night.wav",872574,872574,685037,1
"788664A5B97C10A1D14CEDA26EA05B0B4BBFCC1C","SoundFX\Terrain\Plains.wav",3056002,3056002,2318538,1
"788664A5B97C10A1D14CEDA26EA05B0B4BBFCC1C","SoundFX\Terrain\Prairie.wav",2646482,2646482,2016706,1
"788664A5B97C10A1D14CEDA26EA05B0B4BBFCC1C","SoundFX\Weather\LightningH1.wav",445670,445670,93080,1
"788664A5B97C10A1D14CEDA26EA05B0B4BBFCC1C","SoundFX\Weather\LightningH2.wav",342758,342758,87352,1
"788664A5B97C10A1D14CEDA26EA05B0B4BBFCC1C","SoundFX\Weather\LightningL1.wav",480998,480998,89883,1
"788664A5B97C10A1D14CEDA26EA05B0B4BBFCC1C","SoundFX\Weather\LightningL2.wav",439526,439526,62608,1
"788664A5B97C10A1D14CEDA26EA05B0B4BBFCC1C","SoundFX\Weather\LightningM1.wav",524006,524006,97983,1
"788664A5B97C10A1D14CEDA26EA05B0B4BBFCC1C","SoundFX\Weather\LightningM2.wav",299238,299238,57488,1
"788664A5B97C10A1D14CEDA26EA05B0B4BBFCC1C","SoundFX\Weather\Rain.wav",311526,311526,279156,1
"788664A5B97C10A1D14CEDA26EA05B0B4BBFCC1C","SoundFX\Weather\RainH.wav",311526,311526,255589,1
"788664A5B97C10A1D14CEDA26EA05B0B4BBFCC1C","support\inst\cp_manual.bat",101,101,99,1
"788664A5B97C10A1D14CEDA26EA05B0B4BBFCC1C","support\inst\delete_manual.bat",122,122,116,1
"788664A5B97C10A1D14CEDA26EA05B0B4BBFCC1C","support\inst\DirectX\Apr2005_d3dx9_25_x64.cab",1350602,1350602,1346192,1
"788664A5B97C10A1D14CEDA26EA05B0B4BBFCC1C","support\inst\DirectX\Apr2005_d3dx9_25_x86.cab",1082210,1082210,1075438,1
"788664A5B97C10A1D14CEDA26EA05B0B4BBFCC1C","support\inst\DirectX\Apr2006_d3dx9_30_x64.cab",1401078,1401078,1396789,1
"788664A5B97C10A1D14CEDA26EA05B0B4BBFCC1C","support\inst\DirectX\Apr2006_d3dx9_30_x86.cab",1118469,1118469,1111991,1
"788664A5B97C10A1D14CEDA26EA05B0B4BBFCC1C","support\inst\DirectX\Apr2006_MDX1_x86.cab",919678,919678,911711,1
"788664A5B97C10A1D14CEDA26EA05B0B4BBFCC1C","support\inst\DirectX\Apr2006_MDX1_x86_Archive.cab",4165878,4165878,4162834,1
"788664A5B97C10A1D14CEDA26EA05B0B4BBFCC1C","support\inst\DirectX\Apr2006_XACT_x64.cab",182381,182381,178239,1
"788664A5B97C10A1D14CEDA26EA05B0B4BBFCC1C","support\inst\DirectX\Apr2006_XACT_x86.cab",136351,136351,132182,1
"788664A5B97C10A1D14CEDA26EA05B0B4BBFCC1C","support\inst\DirectX\Apr2006_xinput_x64.cab",90349,90349,86255,1
"788664A5B97C10A1D14CEDA26EA05B0B4BBFCC1C","support\inst\DirectX\Apr2006_xinput_x86.cab",49258,49258,45109,1
"788664A5B97C10A1D14CEDA26EA05B0B4BBFCC1C","support\inst\DirectX\APR2007_d3dx10_33_x64.cab",701860,701860,697753,1
"788664A5B97C10A1D14CEDA26EA05B0B4BBFCC1C","support\inst\DirectX\APR2007_d3dx10_33_x86.cab",699113,699113,694872,1
"788664A5B97C10A1D14CEDA26EA05B0B4BBFCC1C","support\inst\DirectX\APR2007_d3dx9_33_x64.cab",1610606,1610606,1605955,1
"788664A5B97C10A1D14CEDA26EA05B0B4BBFCC1C","support\inst\DirectX\APR2007_d3dx9_33_x86.cab",1609287,1609287,1602529,1
"788664A5B97C10A1D14CEDA26EA05B0B4BBFCC1C","support\inst\DirectX\APR2007_XACT_x64.cab",199014,199014,194898,1
"788664A5B97C10A1D14CEDA26EA05B0B4BBFCC1C","support\inst\DirectX\APR2007_XACT_x86.cab",154473,154473,150378,1
"788664A5B97C10A1D14CEDA26EA05B0B4BBFCC1C","support\inst\DirectX\APR2007_xinput_x64.cab",100065,100065,95909,1
"788664A5B97C10A1D14CEDA26EA05B0B4BBFCC1C","support\inst\DirectX\APR2007_xinput_x86.cab",56550,56550,52434,1
"788664A5B97C10A1D14CEDA26EA05B0B4BBFCC1C","support\inst\DirectX\Aug2005_d3dx9_27_x64.cab",1353790,1353790,1349644,1
"788664A5B97C10A1D14CEDA26EA05B0B4BBFCC1C","support\inst\DirectX\Aug2005_d3dx9_27_x86.cab",1080892,1080892,1074463,1
"788664A5B97C10A1D14CEDA26EA05B0B4BBFCC1C","support\inst\DirectX\AUG2006_XACT_x64.cab",186151,186151,182038,1
"788664A5B97C10A1D14CEDA26EA05B0B4BBFCC1C","support\inst\DirectX\AUG2006_XACT_x86.cab",140483,140483,136304,1
"788664A5B97C10A1D14CEDA26EA05B0B4BBFCC1C","support\inst\DirectX\AUG2006_xinput_x64.cab",90390,90390,86288,1
"788664A5B97C10A1D14CEDA26EA05B0B4BBFCC1C","support\inst\DirectX\AUG2006_xinput_x86.cab",49306,49306,45166,1
"788664A5B97C10A1D14CEDA26EA05B0B4BBFCC1C","support\inst\DirectX\AUG2007_d3dx10_35_x64.cab",855534,855534,851197,1
"788664A5B97C10A1D14CEDA26EA05B0B4BBFCC1C","support\inst\DirectX\AUG2007_d3dx10_35_x86.cab",800115,800115,795518,1
"788664A5B97C10A1D14CEDA26EA05B0B4BBFCC1C","support\inst\DirectX\AUG2007_d3dx9_35_x64.cab",1803408,1803408,1799151,1
"788664A5B97C10A1D14CEDA26EA05B0B4BBFCC1C","support\inst\DirectX\AUG2007_d3dx9_35_x86.cab",1711400,1711400,1704609,1
"788664A5B97C10A1D14CEDA26EA05B0B4BBFCC1C","support\inst\DirectX\AUG2007_XACT_x64.cab",201344,201344,197221,1
"788664A5B97C10A1D14CEDA26EA05B0B4BBFCC1C","support\inst\DirectX\AUG2007_XACT_x86.cab",156260,156260,152150,1
"788664A5B97C10A1D14CEDA26EA05B0B4BBFCC1C","support\inst\DirectX\Aug2008_d3dx10_39_x64.cab",870848,870848,866085,1
"788664A5B97C10A1D14CEDA26EA05B0B4BBFCC1C","support\inst\DirectX\Aug2008_d3dx10_39_x86.cab",853012,853012,848271,1
"788664A5B97C10A1D14CEDA26EA05B0B4BBFCC1C","support\inst\DirectX\Aug2008_d3dx9_39_x64.cab",1797294,1797294,1792324,1
"788664A5B97C10A1D14CEDA26EA05B0B4BBFCC1C","support\inst\DirectX\Aug2008_d3dx9_39_x86.cab",1467918,1467918,1463428,1
"788664A5B97C10A1D14CEDA26EA05B0B4BBFCC1C","support\inst\DirectX\Aug2008_XACT_x64.cab",125020,125020,120861,1
"788664A5B97C10A1D14CEDA26EA05B0B4BBFCC1C","support\inst\DirectX\Aug2008_XACT_x86.cab",96244,96244,92097,1
"788664A5B97C10A1D14CEDA26EA05B0B4BBFCC1C","support\inst\DirectX\Aug2008_XAudio_x64.cab",274660,274660,270539,1
"788664A5B97C10A1D14CEDA26EA05B0B4BBFCC1C","support\inst\DirectX\Aug2008_XAudio_x86.cab",274286,274286,270011,1
"788664A5B97C10A1D14CEDA26EA05B0B4BBFCC1C","support\inst\DirectX\BDANT.cab",1158739,1158739,1152535,1
"788664A5B97C10A1D14CEDA26EA05B0B4BBFCC1C","support\inst\DirectX\BDAXP.cab",978396,978396,972625,1
"788664A5B97C10A1D14CEDA26EA05B0B4BBFCC1C","support\inst\DirectX\Dec2005_d3dx9_28_x64.cab",1361224,1361224,1356759,1
"788664A5B97C10A1D14CEDA26EA05B0B4BBFCC1C","support\inst\DirectX\Dec2005_d3dx9_28_x86.cab",1082704,1082704,1076301,1
"788664A5B97C10A1D14CEDA26EA05B0B4BBFCC1C","support\inst\DirectX\DEC2006_d3dx10_00_x64.cab",216055,216055,211964,1
"788664A5B97C10A1D14CEDA26EA05B0B4BBFCC1C","support\inst\DirectX\DEC2006_d3dx10_00_x86.cab",194968,194968,190797,1
"788664A5B97C10A1D14CEDA26EA05B0B4BBFCC1C","support\inst\DirectX\DEC2006_d3dx9_32_x64.cab",1574402,1574402,1570010,1
"788664A5B97C10A1D14CEDA26EA05B0B4BBFCC1C","support\inst\DirectX\DEC2006_d3dx9_32_x86.cab",1577624,1577624,1571191,1
"788664A5B97C10A1D14CEDA26EA05B0B4BBFCC1C","support\inst\DirectX\DEC2006_XACT_x64.cab",195723,195723,191619,1
"788664A5B97C10A1D14CEDA26EA05B0B4BBFCC1C","support\inst\DirectX\DEC2006_XACT_x86.cab",148847,148847,144712,1
"788664A5B97C10A1D14CEDA26EA05B0B4BBFCC1C","support\inst\DirectX\DSETUP.dll",97288,97288,50735,1
"788664A5B97C10A1D14CEDA26EA05B0B4BBFCC1C","support\inst\DirectX\dsetup32.dll",1694728,1694728,155954,1
"788664A5B97C10A1D14CEDA26EA05B0B4BBFCC1C","support\inst\DirectX\dxdllreg_x86.cab",47692,47692,43570,1
"788664A5B97C10A1D14CEDA26EA05B0B4BBFCC1C","support\inst\DirectX\dxnt.cab",13267416,13267416,13220497,1
"788664A5B97C10A1D14CEDA26EA05B0B4BBFCC1C","support\inst\DirectX\DXSETUP.exe",528392,528392,120097,1
"788664A5B97C10A1D14CEDA26EA05B0B4BBFCC1C","support\inst\DirectX\dxupdate.cab",98037,98037,93856,1
"788664A5B97C10A1D14CEDA26EA05B0B4BBFCC1C","support\inst\DirectX\Feb2005_d3dx9_24_x64.cab",1250747,1250747,1246517,1
"788664A5B97C10A1D14CEDA26EA05B0B4BBFCC1C","support\inst\DirectX\Feb2005_d3dx9_24_x86.cab",1016473,1016473,1010010,1
"788664A5B97C10A1D14CEDA26EA05B0B4BBFCC1C","support\inst\DirectX\Feb2006_d3dx9_29_x64.cab",1366044,1366044,1361661,1
"788664A5B97C10A1D14CEDA26EA05B0B4BBFCC1C","support\inst\DirectX\Feb2006_d3dx9_29_x86.cab",1087968,1087968,1081308,1
"788664A5B97C10A1D14CEDA26EA05B0B4BBFCC1C","support\inst\DirectX\Feb2006_XACT_x64.cab",181607,181607,177449,1
"788664A5B97C10A1D14CEDA26EA05B0B4BBFCC1C","support\inst\DirectX\Feb2006_XACT_x86.cab",135657,135657,131464,1
"788664A5B97C10A1D14CEDA26EA05B0B4BBFCC1C","support\inst\DirectX\FEB2007_XACT_x64.cab",197923,197923,193821,1
"788664A5B97C10A1D14CEDA26EA05B0B4BBFCC1C","support\inst\DirectX\FEB2007_XACT_x86.cab",151231,151231,147099,1
"788664A5B97C10A1D14CEDA26EA05B0B4BBFCC1C","support\inst\DirectX\Jun2005_d3dx9_26_x64.cab",1339250,1339250,1334767,1
"788664A5B97C10A1D14CEDA26EA05B0B4BBFCC1C","support\inst\DirectX\Jun2005_d3dx9_26_x86.cab",1068173,1068173,1061498,1
"788664A5B97C10A1D14CEDA26EA05B0B4BBFCC1C","support\inst\DirectX\JUN2006_XACT_x64.cab",184033,184033,179898,1
"788664A5B97C10A1D14CEDA26EA05B0B4BBFCC1C","support\inst\DirectX\JUN2006_XACT_x86.cab",136919,136919,132752,1
"788664A5B97C10A1D14CEDA26EA05B0B4BBFCC1C","support\inst\DirectX\JUN2007_d3dx10_34_x64.cab",702292,702292,698225,1
"788664A5B97C10A1D14CEDA26EA05B0B4BBFCC1C","support\inst\DirectX\JUN2007_d3dx10_34_x86.cab",701720,701720,697452,1
"788664A5B97C10A1D14CEDA26EA05B0B4BBFCC1C","support\inst\DirectX\JUN2007_d3dx9_34_x64.cab",1611022,1611022,1606686,1
"788664A5B97C10A1D14CEDA26EA05B0B4BBFCC1C","support\inst\DirectX\JUN2007_d3dx9_34_x86.cab",1610534,1610534,1603750,1
"788664A5B97C10A1D14CEDA26EA05B0B4BBFCC1C","support\inst\DirectX\JUN2007_XACT_x64.cab",200370,200370,196256,1
"788664A5B97C10A1D14CEDA26EA05B0B4BBFCC1C","support\inst\DirectX\JUN2007_XACT_x86.cab",156157,156157,152048,1
"788664A5B97C10A1D14CEDA26EA05B0B4BBFCC1C","support\inst\DirectX\JUN2008_d3dx10_38_x64.cab",871076,871076,866370,1
"788664A5B97C10A1D14CEDA26EA05B0B4BBFCC1C","support\inst\DirectX\JUN2008_d3dx10_38_x86.cab",853167,853167,848449,1
"788664A5B97C10A1D14CEDA26EA05B0B4BBFCC1C","support\inst\DirectX\JUN2008_d3dx9_38_x64.cab",1795856,1795856,1790842,1
"788664A5B97C10A1D14CEDA26EA05B0B4BBFCC1C","support\inst\DirectX\JUN2008_d3dx9_38_x86.cab",1467126,1467126,1462010,1
"788664A5B97C10A1D14CEDA26EA05B0B4BBFCC1C","support\inst\DirectX\JUN2008_X3DAudio_x64.cab",58402,58402,54214,1
"788664A5B97C10A1D14CEDA26EA05B0B4BBFCC1C","support\inst\DirectX\JUN2008_X3DAudio_x86.cab",25153,25153,20951,1
"788664A5B97C10A1D14CEDA26EA05B0B4BBFCC1C","support\inst\DirectX\JUN2008_XACT_x64.cab",124302,124302,120132,1
"788664A5B97C10A1D14CEDA26EA05B0B4BBFCC1C","support\inst\DirectX\JUN2008_XACT_x86.cab",96376,96376,92230,1
"788664A5B97C10A1D14CEDA26EA05B0B4BBFCC1C","support\inst\DirectX\JUN2008_XAudio_x64.cab",272876,272876,268741,1
"788664A5B97C10A1D14CEDA26EA05B0B4BBFCC1C","support\inst\DirectX\JUN2008_XAudio_x86.cab",272272,272272,268029,1
"788664A5B97C10A1D14CEDA26EA05B0B4BBFCC1C","support\inst\DirectX\Mar2008_d3dx10_37_x64.cab",848132,848132,843448,1
"788664A5B97C10A1D14CEDA26EA05B0B4BBFCC1C","support\inst\DirectX\Mar2008_d3dx10_37_x86.cab",821508,821508,816329,1
"788664A5B97C10A1D14CEDA26EA05B0B4BBFCC1C","support\inst\DirectX\Mar2008_d3dx9_37_x64.cab",1773110,1773110,1767832,1
"788664A5B97C10A1D14CEDA26EA05B0B4BBFCC1C","support\inst\DirectX\Mar2008_d3dx9_37_x86.cab",1446530,1446530,1441253,1
"788664A5B97C10A1D14CEDA26EA05B0B4BBFCC1C","support\inst\DirectX\Mar2008_X3DAudio_x64.cab",58306,58306,54149,1
"788664A5B97C10A1D14CEDA26EA05B0B4BBFCC1C","support\inst\DirectX\Mar2008_X3DAudio_x86.cab",25115,25115,20893,1
"788664A5B97C10A1D14CEDA26EA05B0B4BBFCC1C","support\inst\DirectX\Mar2008_XACT_x64.cab",125584,125584,121423,1
"788664A5B97C10A1D14CEDA26EA05B0B4BBFCC1C","support\inst\DirectX\Mar2008_XACT_x86.cab",96982,96982,92841,1
"788664A5B97C10A1D14CEDA26EA05B0B4BBFCC1C","support\inst\DirectX\Mar2008_XAudio_x64.cab",254442,254442,250378,1
"788664A5B97C10A1D14CEDA26EA05B0B4BBFCC1C","support\inst\DirectX\Mar2008_XAudio_x86.cab",229498,229498,225241,1
"788664A5B97C10A1D14CEDA26EA05B0B4BBFCC1C","support\inst\DirectX\Nov2007_d3dx10_36_x64.cab",867848,867848,863684,1
"788664A5B97C10A1D14CEDA26EA05B0B4BBFCC1C","support\inst\DirectX\Nov2007_d3dx10_36_x86.cab",807132,807132,802583,1
"788664A5B97C10A1D14CEDA26EA05B0B4BBFCC1C","support\inst\DirectX\Nov2007_d3dx9_36_x64.cab",1805306,1805306,1801100,1
"788664A5B97C10A1D14CEDA26EA05B0B4BBFCC1C","support\inst\DirectX\Nov2007_d3dx9_36_x86.cab",1712608,1712608,1705519,1
"788664A5B97C10A1D14CEDA26EA05B0B4BBFCC1C","support\inst\DirectX\NOV2007_X3DAudio_x64.cab",49392,49392,45207,1
"788664A5B97C10A1D14CEDA26EA05B0B4BBFCC1C","support\inst\DirectX\NOV2007_X3DAudio_x86.cab",21744,21744,17529,1
"788664A5B97C10A1D14CEDA26EA05B0B4BBFCC1C","support\inst\DirectX\NOV2007_XACT_x64.cab",200010,200010,195894,1
"788664A5B97C10A1D14CEDA26EA05B0B4BBFCC1C","support\inst\DirectX\NOV2007_XACT_x86.cab",151512,151512,147338,1
"788664A5B97C10A1D14CEDA26EA05B0B4BBFCC1C","support\inst\DirectX\Oct2005_xinput_x64.cab",89285,89285,85176,1
"788664A5B97C10A1D14CEDA26EA05B0B4BBFCC1C","support\inst\DirectX\Oct2005_xinput_x86.cab",48607,48607,44461,1
"788664A5B97C10A1D14CEDA26EA05B0B4BBFCC1C","support\inst\DirectX\OCT2006_d3dx9_31_x64.cab",1416150,1416150,1411665,1
"788664A5B97C10A1D14CEDA26EA05B0B4BBFCC1C","support\inst\DirectX\OCT2006_d3dx9_31_x86.cab",1130465,1130465,1123706,1
"788664A5B97C10A1D14CEDA26EA05B0B4BBFCC1C","support\inst\DirectX\OCT2006_XACT_x64.cab",185609,185609,181459,1
"788664A5B97C10A1D14CEDA26EA05B0B4BBFCC1C","support\inst\DirectX\OCT2006_XACT_x86.cab",141265,141265,137085,1
"788664A5B97C10A1D14CEDA26EA05B0B4BBFCC1C","support\inst\gdf\FirewallInstall.exe",85608,85608,45173,1
"788664A5B97C10A1D14CEDA26EA05B0B4BBFCC1C","support\inst\gdf\FirewallInstallHelper.dll",55400,55400,26693,1
"788664A5B97C10A1D14CEDA26EA05B0B4BBFCC1C","support\inst\gdf\GameuxInstallHelper.dll",111240,111240,50320,1
"788664A5B97C10A1D14CEDA26EA05B0B4BBFCC1C","support\inst\gdf\GDFInstaller.exe",27240,27240,13724,1
"788664A5B97C10A1D14CEDA26EA05B0B4BBFCC1C","support\inst\VCRedist\vcredist_x86.exe",2723264,2723264,2684498,1
"788664A5B97C10A1D14CEDA26EA05B0B4BBFCC1C","support\inst\VCRedist\vcredist_x86_2010_sp1.exe",4995416,4995416,4972411,1
"788664A5B97C10A1D14CEDA26EA05B0B4BBFCC1C","Tutorial\Tutorial.SCN",224376,224376,10675,1
"788664A5B97C10A1D14CEDA26EA05B0B4BBFCC1C","Video\CampaignVictory.bik",14033104,14033104,13906443,1
"788664A5B97C10A1D14CEDA26EA05B0B4BBFCC1C","Video\Citadel0.bik",6315584,6315584,6304226,1
"788664A5B97C10A1D14CEDA26EA05B0B4BBFCC1C","Video\Citadel1.bik",6315564,6315564,6304731,1
"788664A5B97C10A1D14CEDA26EA05B0B4BBFCC1C","Video\Citadel10.bik",6315668,6315668,6304501,1
"788664A5B97C10A1D14CEDA26EA05B0B4BBFCC1C","Video\Citadel11.bik",6315512,6315512,6304172,1
"788664A5B97C10A1D14CEDA26EA05B0B4BBFCC1C","Video\Citadel2.bik",6315508,6315508,6304412,1
"788664A5B97C10A1D14CEDA26EA05B0B4BBFCC1C","Video\Citadel3.bik",6315512,6315512,6304353,1
"788664A5B97C10A1D14CEDA26EA05B0B4BBFCC1C","Video\Citadel4.bik",6315516,6315516,6304964,1
"788664A5B97C10A1D14CEDA26EA05B0B4BBFCC1C","Video\Citadel5.bik",6315568,6315568,6304655,1
"788664A5B97C10A1D14CEDA26EA05B0B4BBFCC1C","Video\Citadel6.bik",6315516,6315516,6304440,1
"788664A5B97C10A1D14CEDA26EA05B0B4BBFCC1C","Video\Citadel7.bik",6315592,6315592,6303945,1
"788664A5B97C10A1D14CEDA26EA05B0B4BBFCC1C","Video\Citadel8.bik",6315508,6315508,6304441,1
"788664A5B97C10A1D14CEDA26EA05B0B4BBFCC1C","Video\Citadel9.bik",6315648,6315648,6304366,1
"788664A5B97C10A1D14CEDA26EA05B0B4BBFCC1C","Video\OrbOfEtheria.bik",3197196,3197196,3195075,1
"788664A5B97C10A1D14CEDA26EA05B0B4BBFCC1C","Video\SSG.bik",4985992,4985992,4947563,1
"788664A5B97C10A1D14CEDA26EA05B0B4BBFCC1C","Video\WBC2Intro.bik",42437596,42437596,42248401,1
