"4865","BAC8F0450F3B8DABCEBEE80F983AF22CDA4D2592","0000-00-00",749,54851879646,3312272094,175168738,3
"BAC8F0450F3B8DABCEBEE80F983AF22CDA4D2592","Support/FirewallHelper/FirewallInstall.exe",85720,85720,46869,0
"BAC8F0450F3B8DABCEBEE80F983AF22CDA4D2592","Support/FirewallHelper/FirewallInstallHelper.dll",55512,55512,27085,0
"BAC8F0450F3B8DABCEBEE80F983AF22CDA4D2592","Support/Cleaner/Cleaner.exe",12008,12008,6500,0
"BAC8F0450F3B8DABCEBEE80F983AF22CDA4D2592","Support/Redist/DirectX-Runtime/APR2007_d3dx9_33_x64.cab",1607358,1607358,1605479,0
"BAC8F0450F3B8DABCEBEE80F983AF22CDA4D2592","Support/Redist/DirectX-Runtime/APR2007_d3dx9_33_x86.cab",1606039,1606039,1602043,0
"BAC8F0450F3B8DABCEBEE80F983AF22CDA4D2592","Support/Redist/DirectX-Runtime/APR2007_XACT_x64.cab",195766,195766,193955,0
"BAC8F0450F3B8DABCEBEE80F983AF22CDA4D2592","Support/Redist/DirectX-Runtime/APR2007_XACT_x86.cab",151225,151225,149286,0
"BAC8F0450F3B8DABCEBEE80F983AF22CDA4D2592","Support/Redist/DirectX-Runtime/APR2007_xinput_x64.cab",96817,96817,94662,0
"BAC8F0450F3B8DABCEBEE80F983AF22CDA4D2592","Support/Redist/DirectX-Runtime/APR2007_xinput_x86.cab",53302,53302,51154,0
"BAC8F0450F3B8DABCEBEE80F983AF22CDA4D2592","Support/Redist/DirectX-Runtime/Aug2005_d3dx9_27_x64.cab",1350542,1350542,1348543,0
"BAC8F0450F3B8DABCEBEE80F983AF22CDA4D2592","Support/Redist/DirectX-Runtime/Aug2005_d3dx9_27_x86.cab",1077644,1077644,1075755,0
"BAC8F0450F3B8DABCEBEE80F983AF22CDA4D2592","Support/Redist/DirectX-Runtime/AUG2006_XACT_x64.cab",182903,182903,180869,0
"BAC8F0450F3B8DABCEBEE80F983AF22CDA4D2592","Support/Redist/DirectX-Runtime/AUG2006_XACT_x86.cab",137235,137235,135199,0
"BAC8F0450F3B8DABCEBEE80F983AF22CDA4D2592","Support/Redist/DirectX-Runtime/AUG2006_xinput_x64.cab",87142,87142,85233,0
"BAC8F0450F3B8DABCEBEE80F983AF22CDA4D2592","Support/Redist/DirectX-Runtime/AUG2006_xinput_x86.cab",46058,46058,44406,0
"BAC8F0450F3B8DABCEBEE80F983AF22CDA4D2592","Support/Redist/DirectX-Runtime/AUG2007_d3dx10_35_x64.cab",852286,852286,851047,0
"BAC8F0450F3B8DABCEBEE80F983AF22CDA4D2592","Support/Redist/DirectX-Runtime/AUG2007_d3dx10_35_x86.cab",796867,796867,794909,0
"BAC8F0450F3B8DABCEBEE80F983AF22CDA4D2592","Support/Redist/DirectX-Runtime/AUG2007_d3dx9_35_x64.cab",1800160,1800160,1798303,0
"BAC8F0450F3B8DABCEBEE80F983AF22CDA4D2592","Support/Redist/DirectX-Runtime/AUG2007_d3dx9_35_x86.cab",1708152,1708152,1706667,0
"BAC8F0450F3B8DABCEBEE80F983AF22CDA4D2592","Support/Redist/DirectX-Runtime/AUG2007_XACT_x64.cab",198096,198096,196267,0
"BAC8F0450F3B8DABCEBEE80F983AF22CDA4D2592","Support/Redist/DirectX-Runtime/AUG2007_XACT_x86.cab",153012,153012,151073,0
"BAC8F0450F3B8DABCEBEE80F983AF22CDA4D2592","Support/Redist/DirectX-Runtime/Aug2008_d3dx10_39_x64.cab",867612,867612,865715,0
"BAC8F0450F3B8DABCEBEE80F983AF22CDA4D2592","Support/Redist/DirectX-Runtime/Aug2008_d3dx10_39_x86.cab",849167,849167,847221,0
"BAC8F0450F3B8DABCEBEE80F983AF22CDA4D2592","Support/Redist/DirectX-Runtime/Aug2008_d3dx9_39_x64.cab",1794084,1794084,1792337,0
"BAC8F0450F3B8DABCEBEE80F983AF22CDA4D2592","Support/Redist/DirectX-Runtime/Aug2008_d3dx9_39_x86.cab",1464672,1464672,1462692,0
"BAC8F0450F3B8DABCEBEE80F983AF22CDA4D2592","Support/Redist/DirectX-Runtime/Aug2008_XACT_x64.cab",121772,121772,119680,0
"BAC8F0450F3B8DABCEBEE80F983AF22CDA4D2592","Support/Redist/DirectX-Runtime/Aug2008_XACT_x86.cab",92996,92996,91466,0
"BAC8F0450F3B8DABCEBEE80F983AF22CDA4D2592","Support/Redist/DirectX-Runtime/Aug2008_XAudio_x64.cab",271412,271412,269402,0
"BAC8F0450F3B8DABCEBEE80F983AF22CDA4D2592","Support/Redist/DirectX-Runtime/Aug2008_XAudio_x86.cab",271038,271038,268986,0
"BAC8F0450F3B8DABCEBEE80F983AF22CDA4D2592","Support/Redist/DirectX-Runtime/Aug2009_D3DCompiler_42_x64.cab",919044,919044,913576,0
"BAC8F0450F3B8DABCEBEE80F983AF22CDA4D2592","Support/Redist/DirectX-Runtime/Aug2009_D3DCompiler_42_x86.cab",900598,900598,897886,0
"BAC8F0450F3B8DABCEBEE80F983AF22CDA4D2592","Support/Redist/DirectX-Runtime/Aug2009_d3dcsx_42_x64.cab",3112111,3112111,3110394,0
"BAC8F0450F3B8DABCEBEE80F983AF22CDA4D2592","Support/Redist/DirectX-Runtime/Aug2009_d3dcsx_42_x86.cab",3319740,3319740,3317636,0
"BAC8F0450F3B8DABCEBEE80F983AF22CDA4D2592","Support/Redist/DirectX-Runtime/Aug2009_d3dx10_42_x64.cab",232635,232635,230697,0
"BAC8F0450F3B8DABCEBEE80F983AF22CDA4D2592","Support/Redist/DirectX-Runtime/Aug2009_d3dx10_42_x86.cab",192131,192131,190122,0
"BAC8F0450F3B8DABCEBEE80F983AF22CDA4D2592","Support/Redist/DirectX-Runtime/Aug2009_d3dx11_42_x64.cab",136301,136301,134360,0
"BAC8F0450F3B8DABCEBEE80F983AF22CDA4D2592","Support/Redist/DirectX-Runtime/Aug2009_d3dx11_42_x86.cab",105044,105044,102957,0
"BAC8F0450F3B8DABCEBEE80F983AF22CDA4D2592","Support/Redist/DirectX-Runtime/Aug2009_d3dx9_42_x64.cab",930116,930116,928121,0
"BAC8F0450F3B8DABCEBEE80F983AF22CDA4D2592","Support/Redist/DirectX-Runtime/Aug2009_d3dx9_42_x86.cab",728456,728456,725680,0
"BAC8F0450F3B8DABCEBEE80F983AF22CDA4D2592","Support/Redist/DirectX-Runtime/Aug2009_XACT_x64.cab",122408,122408,122420,0
"BAC8F0450F3B8DABCEBEE80F983AF22CDA4D2592","Support/Redist/DirectX-Runtime/Aug2009_XACT_x86.cab",93106,93106,91203,0
"BAC8F0450F3B8DABCEBEE80F983AF22CDA4D2592","Support/Redist/DirectX-Runtime/Aug2009_XAudio_x64.cab",273264,273264,271254,0
"BAC8F0450F3B8DABCEBEE80F983AF22CDA4D2592","Support/Redist/DirectX-Runtime/Aug2009_XAudio_x86.cab",272642,272642,270688,0
"BAC8F0450F3B8DABCEBEE80F983AF22CDA4D2592","Support/Redist/DirectX-Runtime/Dec2005_d3dx9_28_x64.cab",1357976,1357976,1356046,0
"BAC8F0450F3B8DABCEBEE80F983AF22CDA4D2592","Support/Redist/DirectX-Runtime/Dec2005_d3dx9_28_x86.cab",1079456,1079456,1077565,0
"BAC8F0450F3B8DABCEBEE80F983AF22CDA4D2592","Support/Redist/DirectX-Runtime/DEC2006_d3dx10_00_x64.cab",212807,212807,210814,0
"BAC8F0450F3B8DABCEBEE80F983AF22CDA4D2592","Support/Redist/DirectX-Runtime/DEC2006_d3dx10_00_x86.cab",191720,191720,189725,0
"BAC8F0450F3B8DABCEBEE80F983AF22CDA4D2592","Support/Redist/DirectX-Runtime/DEC2006_d3dx9_32_x64.cab",1571154,1571154,1568971,0
"BAC8F0450F3B8DABCEBEE80F983AF22CDA4D2592","Support/Redist/DirectX-Runtime/DEC2006_d3dx9_32_x86.cab",1574376,1574376,1571137,0
"BAC8F0450F3B8DABCEBEE80F983AF22CDA4D2592","Support/Redist/DirectX-Runtime/DEC2006_XACT_x64.cab",192475,192475,190497,0
"BAC8F0450F3B8DABCEBEE80F983AF22CDA4D2592","Support/Redist/DirectX-Runtime/DEC2006_XACT_x86.cab",145599,145599,143621,0
"BAC8F0450F3B8DABCEBEE80F983AF22CDA4D2592","Support/Redist/DirectX-Runtime/DSETUP.dll",95576,95576,49929,0
"BAC8F0450F3B8DABCEBEE80F983AF22CDA4D2592","Support/Redist/DirectX-Runtime/dsetup32.dll",1566040,1566040,127563,0
"BAC8F0450F3B8DABCEBEE80F983AF22CDA4D2592","Support/Redist/DirectX-Runtime/dxdllreg_x86.cab",44624,44624,42623,0
"BAC8F0450F3B8DABCEBEE80F983AF22CDA4D2592","Support/Redist/DirectX-Runtime/DXSETUP.exe",517976,517976,115376,0
"BAC8F0450F3B8DABCEBEE80F983AF22CDA4D2592","Support/Redist/DirectX-Runtime/dxupdate.cab",97152,97152,94990,0
"BAC8F0450F3B8DABCEBEE80F983AF22CDA4D2592","Support/Redist/DirectX-Runtime/Feb2005_d3dx9_24_x64.cab",1247499,1247499,1245534,0
"BAC8F0450F3B8DABCEBEE80F983AF22CDA4D2592","Support/Redist/DirectX-Runtime/Feb2005_d3dx9_24_x86.cab",1013225,1013225,1009372,0
"BAC8F0450F3B8DABCEBEE80F983AF22CDA4D2592","Support/Redist/DirectX-Runtime/Feb2006_d3dx9_29_x64.cab",1362796,1362796,1360914,0
"BAC8F0450F3B8DABCEBEE80F983AF22CDA4D2592","Support/Redist/DirectX-Runtime/Feb2006_d3dx9_29_x86.cab",1084720,1084720,1080559,0
"BAC8F0450F3B8DABCEBEE80F983AF22CDA4D2592","Support/Redist/DirectX-Runtime/Feb2006_XACT_x64.cab",178359,178359,176346,0
"BAC8F0450F3B8DABCEBEE80F983AF22CDA4D2592","Support/Redist/DirectX-Runtime/Feb2006_XACT_x86.cab",132409,132409,132022,0
"BAC8F0450F3B8DABCEBEE80F983AF22CDA4D2592","Support/Redist/DirectX-Runtime/FEB2007_XACT_x64.cab",194675,194675,192737,0
"BAC8F0450F3B8DABCEBEE80F983AF22CDA4D2592","Support/Redist/DirectX-Runtime/FEB2007_XACT_x86.cab",147983,147983,145948,0
"BAC8F0450F3B8DABCEBEE80F983AF22CDA4D2592","Support/Redist/DirectX-Runtime/Feb2010_X3DAudio_x64.cab",54678,54678,52500,0
"BAC8F0450F3B8DABCEBEE80F983AF22CDA4D2592","Support/Redist/DirectX-Runtime/Feb2010_X3DAudio_x86.cab",20713,20713,18511,0
"BAC8F0450F3B8DABCEBEE80F983AF22CDA4D2592","Support/Redist/DirectX-Runtime/Feb2010_XACT_x64.cab",122446,122446,122458,0
"BAC8F0450F3B8DABCEBEE80F983AF22CDA4D2592","Support/Redist/DirectX-Runtime/Feb2010_XACT_x86.cab",93180,93180,91138,0
"BAC8F0450F3B8DABCEBEE80F983AF22CDA4D2592","Support/Redist/DirectX-Runtime/Feb2010_XAudio_x64.cab",276960,276960,274962,0
"BAC8F0450F3B8DABCEBEE80F983AF22CDA4D2592","Support/Redist/DirectX-Runtime/Feb2010_XAudio_x86.cab",277191,277191,275184,0
"BAC8F0450F3B8DABCEBEE80F983AF22CDA4D2592","Support/Redist/DirectX-Runtime/Jun2005_d3dx9_26_x64.cab",1336002,1336002,1334052,0
"BAC8F0450F3B8DABCEBEE80F983AF22CDA4D2592","Support/Redist/DirectX-Runtime/Jun2005_d3dx9_26_x86.cab",1064925,1064925,1060762,0
"BAC8F0450F3B8DABCEBEE80F983AF22CDA4D2592","Support/Redist/DirectX-Runtime/JUN2006_XACT_x64.cab",180785,180785,178830,0
"BAC8F0450F3B8DABCEBEE80F983AF22CDA4D2592","Support/Redist/DirectX-Runtime/JUN2006_XACT_x86.cab",133671,133671,132768,0
"BAC8F0450F3B8DABCEBEE80F983AF22CDA4D2592","Support/Redist/DirectX-Runtime/JUN2007_d3dx10_34_x64.cab",699044,699044,697272,0
"BAC8F0450F3B8DABCEBEE80F983AF22CDA4D2592","Support/Redist/DirectX-Runtime/JUN2007_d3dx10_34_x86.cab",698472,698472,696700,0
"BAC8F0450F3B8DABCEBEE80F983AF22CDA4D2592","Support/Redist/DirectX-Runtime/JUN2007_d3dx9_34_x64.cab",1607774,1607774,1605890,0
"BAC8F0450F3B8DABCEBEE80F983AF22CDA4D2592","Support/Redist/DirectX-Runtime/JUN2007_d3dx9_34_x86.cab",1607286,1607286,1605405,0
"BAC8F0450F3B8DABCEBEE80F983AF22CDA4D2592","Support/Redist/DirectX-Runtime/JUN2007_XACT_x64.cab",197122,197122,195088,0
"BAC8F0450F3B8DABCEBEE80F983AF22CDA4D2592","Support/Redist/DirectX-Runtime/JUN2007_XACT_x86.cab",152909,152909,150931,0
"BAC8F0450F3B8DABCEBEE80F983AF22CDA4D2592","Support/Redist/DirectX-Runtime/JUN2008_d3dx10_38_x64.cab",867828,867828,865930,0
"BAC8F0450F3B8DABCEBEE80F983AF22CDA4D2592","Support/Redist/DirectX-Runtime/JUN2008_d3dx10_38_x86.cab",849919,849919,847967,0
"BAC8F0450F3B8DABCEBEE80F983AF22CDA4D2592","Support/Redist/DirectX-Runtime/JUN2008_d3dx9_38_x64.cab",1792608,1792608,1790731,0
"BAC8F0450F3B8DABCEBEE80F983AF22CDA4D2592","Support/Redist/DirectX-Runtime/JUN2008_d3dx9_38_x86.cab",1463878,1463878,1461895,0
"BAC8F0450F3B8DABCEBEE80F983AF22CDA4D2592","Support/Redist/DirectX-Runtime/JUN2008_X3DAudio_x64.cab",55154,55154,53191,0
"BAC8F0450F3B8DABCEBEE80F983AF22CDA4D2592","Support/Redist/DirectX-Runtime/JUN2008_X3DAudio_x86.cab",21905,21905,19789,0
"BAC8F0450F3B8DABCEBEE80F983AF22CDA4D2592","Support/Redist/DirectX-Runtime/JUN2008_XACT_x64.cab",121054,121054,121066,0
"BAC8F0450F3B8DABCEBEE80F983AF22CDA4D2592","Support/Redist/DirectX-Runtime/JUN2008_XACT_x86.cab",93128,93128,91224,0
"BAC8F0450F3B8DABCEBEE80F983AF22CDA4D2592","Support/Redist/DirectX-Runtime/JUN2008_XAudio_x64.cab",269628,269628,267618,0
"BAC8F0450F3B8DABCEBEE80F983AF22CDA4D2592","Support/Redist/DirectX-Runtime/JUN2008_XAudio_x86.cab",269024,269024,267014,0
"BAC8F0450F3B8DABCEBEE80F983AF22CDA4D2592","Support/Redist/DirectX-Runtime/Jun2010_D3DCompiler_43_x64.cab",944460,944460,942464,0
"BAC8F0450F3B8DABCEBEE80F983AF22CDA4D2592","Support/Redist/DirectX-Runtime/Jun2010_D3DCompiler_43_x86.cab",931471,931471,929447,0
"BAC8F0450F3B8DABCEBEE80F983AF22CDA4D2592","Support/Redist/DirectX-Runtime/Jun2010_d3dcsx_43_x64.cab",752783,752783,750548,0
"BAC8F0450F3B8DABCEBEE80F983AF22CDA4D2592","Support/Redist/DirectX-Runtime/Jun2010_d3dcsx_43_x86.cab",762188,762188,755098,0
"BAC8F0450F3B8DABCEBEE80F983AF22CDA4D2592","Support/Redist/DirectX-Runtime/Jun2010_d3dx10_43_x64.cab",235955,235955,233950,0
"BAC8F0450F3B8DABCEBEE80F983AF22CDA4D2592","Support/Redist/DirectX-Runtime/Jun2010_d3dx10_43_x86.cab",197283,197283,195345,0
"BAC8F0450F3B8DABCEBEE80F983AF22CDA4D2592","Support/Redist/DirectX-Runtime/Jun2010_d3dx11_43_x64.cab",138205,138205,136170,0
"BAC8F0450F3B8DABCEBEE80F983AF22CDA4D2592","Support/Redist/DirectX-Runtime/Jun2010_d3dx11_43_x86.cab",109445,109445,107341,0
"BAC8F0450F3B8DABCEBEE80F983AF22CDA4D2592","Support/Redist/DirectX-Runtime/Jun2010_d3dx9_43_x64.cab",937246,937246,935254,0
"BAC8F0450F3B8DABCEBEE80F983AF22CDA4D2592","Support/Redist/DirectX-Runtime/Jun2010_d3dx9_43_x86.cab",768036,768036,765422,0
"BAC8F0450F3B8DABCEBEE80F983AF22CDA4D2592","Support/Redist/DirectX-Runtime/Jun2010_XACT_x64.cab",124596,124596,124608,0
"BAC8F0450F3B8DABCEBEE80F983AF22CDA4D2592","Support/Redist/DirectX-Runtime/Jun2010_XACT_x86.cab",93686,93686,91542,0
"BAC8F0450F3B8DABCEBEE80F983AF22CDA4D2592","Support/Redist/DirectX-Runtime/Jun2010_XAudio_x64.cab",277338,277338,275329,0
"BAC8F0450F3B8DABCEBEE80F983AF22CDA4D2592","Support/Redist/DirectX-Runtime/Jun2010_XAudio_x86.cab",278060,278060,276023,0
"BAC8F0450F3B8DABCEBEE80F983AF22CDA4D2592","Support/Redist/DirectX-Runtime/Mar2008_d3dx10_37_x64.cab",844884,844884,843514,0
"BAC8F0450F3B8DABCEBEE80F983AF22CDA4D2592","Support/Redist/DirectX-Runtime/Mar2008_d3dx10_37_x86.cab",818260,818260,816363,0
"BAC8F0450F3B8DABCEBEE80F983AF22CDA4D2592","Support/Redist/DirectX-Runtime/Mar2008_d3dx9_37_x64.cab",1769862,1769862,1767971,0
"BAC8F0450F3B8DABCEBEE80F983AF22CDA4D2592","Support/Redist/DirectX-Runtime/Mar2008_d3dx9_37_x86.cab",1443282,1443282,1440405,0
"BAC8F0450F3B8DABCEBEE80F983AF22CDA4D2592","Support/Redist/DirectX-Runtime/Mar2008_X3DAudio_x64.cab",55058,55058,52883,0
"BAC8F0450F3B8DABCEBEE80F983AF22CDA4D2592","Support/Redist/DirectX-Runtime/Mar2008_X3DAudio_x86.cab",21867,21867,19737,0
"BAC8F0450F3B8DABCEBEE80F983AF22CDA4D2592","Support/Redist/DirectX-Runtime/Mar2008_XACT_x64.cab",122336,122336,122348,0
"BAC8F0450F3B8DABCEBEE80F983AF22CDA4D2592","Support/Redist/DirectX-Runtime/Mar2008_XACT_x86.cab",93734,93734,91832,0
"BAC8F0450F3B8DABCEBEE80F983AF22CDA4D2592","Support/Redist/DirectX-Runtime/Mar2008_XAudio_x64.cab",251194,251194,249238,0
"BAC8F0450F3B8DABCEBEE80F983AF22CDA4D2592","Support/Redist/DirectX-Runtime/Mar2008_XAudio_x86.cab",226250,226250,224266,0
"BAC8F0450F3B8DABCEBEE80F983AF22CDA4D2592","Support/Redist/DirectX-Runtime/Mar2009_d3dx10_41_x64.cab",1067160,1067160,1061491,0
"BAC8F0450F3B8DABCEBEE80F983AF22CDA4D2592","Support/Redist/DirectX-Runtime/Mar2009_d3dx10_41_x86.cab",1040745,1040745,1038028,0
"BAC8F0450F3B8DABCEBEE80F983AF22CDA4D2592","Support/Redist/DirectX-Runtime/Mar2009_d3dx9_41_x64.cab",1973702,1973702,1967256,0
"BAC8F0450F3B8DABCEBEE80F983AF22CDA4D2592","Support/Redist/DirectX-Runtime/Mar2009_d3dx9_41_x86.cab",1612446,1612446,1608458,0
"BAC8F0450F3B8DABCEBEE80F983AF22CDA4D2592","Support/Redist/DirectX-Runtime/Mar2009_X3DAudio_x64.cab",54600,54600,52525,0
"BAC8F0450F3B8DABCEBEE80F983AF22CDA4D2592","Support/Redist/DirectX-Runtime/Mar2009_X3DAudio_x86.cab",21298,21298,19214,0
"BAC8F0450F3B8DABCEBEE80F983AF22CDA4D2592","Support/Redist/DirectX-Runtime/Mar2009_XACT_x64.cab",121506,121506,121518,0
"BAC8F0450F3B8DABCEBEE80F983AF22CDA4D2592","Support/Redist/DirectX-Runtime/Mar2009_XACT_x86.cab",92740,92740,90837,0
"BAC8F0450F3B8DABCEBEE80F983AF22CDA4D2592","Support/Redist/DirectX-Runtime/Mar2009_XAudio_x64.cab",275044,275044,273064,0
"BAC8F0450F3B8DABCEBEE80F983AF22CDA4D2592","Support/Redist/DirectX-Runtime/Mar2009_XAudio_x86.cab",273018,273018,270971,0
"BAC8F0450F3B8DABCEBEE80F983AF22CDA4D2592","Support/Redist/DirectX-Runtime/Nov2007_d3dx10_36_x64.cab",864600,864600,862959,0
"BAC8F0450F3B8DABCEBEE80F983AF22CDA4D2592","Support/Redist/DirectX-Runtime/Nov2007_d3dx10_36_x86.cab",803884,803884,801919,0
"BAC8F0450F3B8DABCEBEE80F983AF22CDA4D2592","Support/Redist/DirectX-Runtime/Nov2007_d3dx9_36_x64.cab",1802058,1802058,1799961,0
"BAC8F0450F3B8DABCEBEE80F983AF22CDA4D2592","Support/Redist/DirectX-Runtime/Nov2007_d3dx9_36_x86.cab",1709360,1709360,1707478,0
"BAC8F0450F3B8DABCEBEE80F983AF22CDA4D2592","Support/Redist/DirectX-Runtime/NOV2007_X3DAudio_x64.cab",46144,46144,44216,0
"BAC8F0450F3B8DABCEBEE80F983AF22CDA4D2592","Support/Redist/DirectX-Runtime/NOV2007_X3DAudio_x86.cab",18496,18496,16387,0
"BAC8F0450F3B8DABCEBEE80F983AF22CDA4D2592","Support/Redist/DirectX-Runtime/NOV2007_XACT_x64.cab",196762,196762,194809,0
"BAC8F0450F3B8DABCEBEE80F983AF22CDA4D2592","Support/Redist/DirectX-Runtime/NOV2007_XACT_x86.cab",148264,148264,146270,0
"BAC8F0450F3B8DABCEBEE80F983AF22CDA4D2592","Support/Redist/DirectX-Runtime/Nov2008_d3dx10_40_x64.cab",994154,994154,988999,0
"BAC8F0450F3B8DABCEBEE80F983AF22CDA4D2592","Support/Redist/DirectX-Runtime/Nov2008_d3dx10_40_x86.cab",965421,965421,963444,0
"BAC8F0450F3B8DABCEBEE80F983AF22CDA4D2592","Support/Redist/DirectX-Runtime/Nov2008_d3dx9_40_x64.cab",1906878,1906878,1901447,0
"BAC8F0450F3B8DABCEBEE80F983AF22CDA4D2592","Support/Redist/DirectX-Runtime/Nov2008_d3dx9_40_x86.cab",1550796,1550796,1548574,0
"BAC8F0450F3B8DABCEBEE80F983AF22CDA4D2592","Support/Redist/DirectX-Runtime/Nov2008_X3DAudio_x64.cab",54522,54522,52589,0
"BAC8F0450F3B8DABCEBEE80F983AF22CDA4D2592","Support/Redist/DirectX-Runtime/Nov2008_X3DAudio_x86.cab",21851,21851,19648,0
"BAC8F0450F3B8DABCEBEE80F983AF22CDA4D2592","Support/Redist/DirectX-Runtime/Nov2008_XACT_x64.cab",121794,121794,121806,0
"BAC8F0450F3B8DABCEBEE80F983AF22CDA4D2592","Support/Redist/DirectX-Runtime/Nov2008_XACT_x86.cab",92684,92684,90781,0
"BAC8F0450F3B8DABCEBEE80F983AF22CDA4D2592","Support/Redist/DirectX-Runtime/Nov2008_XAudio_x64.cab",273960,273960,271992,0
"BAC8F0450F3B8DABCEBEE80F983AF22CDA4D2592","Support/Redist/DirectX-Runtime/Nov2008_XAudio_x86.cab",272611,272611,270614,0
"BAC8F0450F3B8DABCEBEE80F983AF22CDA4D2592","Support/Redist/DirectX-Runtime/Oct2005_xinput_x64.cab",86037,86037,83984,0
"BAC8F0450F3B8DABCEBEE80F983AF22CDA4D2592","Support/Redist/DirectX-Runtime/Oct2005_xinput_x86.cab",45359,45359,43281,0
"BAC8F0450F3B8DABCEBEE80F983AF22CDA4D2592","Support/Redist/DirectX-Runtime/OCT2006_d3dx9_31_x64.cab",1412902,1412902,1410948,0
"BAC8F0450F3B8DABCEBEE80F983AF22CDA4D2592","Support/Redist/DirectX-Runtime/OCT2006_d3dx9_31_x86.cab",1127217,1127217,1124490,0
"BAC8F0450F3B8DABCEBEE80F983AF22CDA4D2592","Support/Redist/DirectX-Runtime/OCT2006_XACT_x64.cab",182361,182361,180408,0
"BAC8F0450F3B8DABCEBEE80F983AF22CDA4D2592","Support/Redist/DirectX-Runtime/OCT2006_XACT_x86.cab",138017,138017,135982,0
"BAC8F0450F3B8DABCEBEE80F983AF22CDA4D2592","Support/Redist/VS2010Runtime/vcredist_x64.exe",5673816,5673816,5653733,0
"BAC8F0450F3B8DABCEBEE80F983AF22CDA4D2592","Support/Redist/VS2012Runtime/vcredist_x64.exe",7185000,7185000,6993783,0
"BAC8F0450F3B8DABCEBEE80F983AF22CDA4D2592","Support/Redist/VS2015Runtime/vcredist_x64.exe",14572000,14572000,14128252,0
"BAC8F0450F3B8DABCEBEE80F983AF22CDA4D2592","Support/Redist/VS2017Runtime/vcredist_x64.exe",15301240,15301240,14256072,0
"BAC8F0450F3B8DABCEBEE80F983AF22CDA4D2592","Support/InstallerResources/Autorun.exe",4671800,4671800,1074090,0
"BAC8F0450F3B8DABCEBEE80F983AF22CDA4D2592","Support/InstallerResources/autorun.ico",136741,136741,27758,0
"BAC8F0450F3B8DABCEBEE80F983AF22CDA4D2592","Support/InstallerResources/autorun.inf",65,65,52,0
"BAC8F0450F3B8DABCEBEE80F983AF22CDA4D2592","Support/InstallerResources/game_art.png",419015,419015,419036,0
"BAC8F0450F3B8DABCEBEE80F983AF22CDA4D2592","Support/InstallerResources/game_art_blurred.png",159115,159115,159130,0
"BAC8F0450F3B8DABCEBEE80F983AF22CDA4D2592","Support/InstallerResources/UplayInstaller.exe",88924392,88924392,88698721,0
"BAC8F0450F3B8DABCEBEE80F983AF22CDA4D2592","Support/eula/EULA-v1.0-BRAZIL.htm",33859,33859,12285,0
"BAC8F0450F3B8DABCEBEE80F983AF22CDA4D2592","Support/eula/EULA-v1.0-CANADA_EN.htm",30494,30494,11194,0
"BAC8F0450F3B8DABCEBEE80F983AF22CDA4D2592","Support/eula/EULA-v1.0-CANADA_FR.htm",37199,37199,12970,0
"BAC8F0450F3B8DABCEBEE80F983AF22CDA4D2592","Support/eula/EULA-v1.0-CHINESE_SIM.htm",25598,25598,10306,0
"BAC8F0450F3B8DABCEBEE80F983AF22CDA4D2592","Support/eula/EULA-v1.0-CZECH_REP.htm",34017,34017,12834,0
"BAC8F0450F3B8DABCEBEE80F983AF22CDA4D2592","Support/eula/EULA-v1.0-DENMARK.htm",32283,32283,11991,0
"BAC8F0450F3B8DABCEBEE80F983AF22CDA4D2592","Support/eula/EULA-v1.0-EXPORT_EN.htm",30220,30220,11040,0
"BAC8F0450F3B8DABCEBEE80F983AF22CDA4D2592","Support/eula/EULA-v1.0-EXPORT_SP.htm",35569,35569,12501,0
"BAC8F0450F3B8DABCEBEE80F983AF22CDA4D2592","Support/eula/EULA-v1.0-FINLAND.htm",32903,32903,12570,0
"BAC8F0450F3B8DABCEBEE80F983AF22CDA4D2592","Support/eula/EULA-v1.0-FRANCE.htm",36962,36962,12922,0
"BAC8F0450F3B8DABCEBEE80F983AF22CDA4D2592","Support/eula/EULA-v1.0-GERMANY.htm",36980,36980,13505,0
"BAC8F0450F3B8DABCEBEE80F983AF22CDA4D2592","Support/eula/EULA-v1.0-HUNGARY.htm",34641,34641,12612,0
"BAC8F0450F3B8DABCEBEE80F983AF22CDA4D2592","Support/eula/EULA-v1.0-ITALY.htm",35802,35802,12214,0
"BAC8F0450F3B8DABCEBEE80F983AF22CDA4D2592","Support/eula/EULA-v1.0-JAPAN.htm",41673,41673,12088,0
"BAC8F0450F3B8DABCEBEE80F983AF22CDA4D2592","Support/eula/EULA-v1.0-NETHERLANDS.htm",36394,36394,12639,0
"BAC8F0450F3B8DABCEBEE80F983AF22CDA4D2592","Support/eula/EULA-v1.0-NORWAY.htm",32994,32994,11789,0
"BAC8F0450F3B8DABCEBEE80F983AF22CDA4D2592","Support/eula/EULA-v1.0-POLAND.htm",37450,37450,13563,0
"BAC8F0450F3B8DABCEBEE80F983AF22CDA4D2592","Support/eula/EULA-v1.0-PORTUGAL.htm",34023,34023,12205,0
"BAC8F0450F3B8DABCEBEE80F983AF22CDA4D2592","Support/eula/EULA-v1.0-RUSSIA.htm",64807,64807,16169,0
"BAC8F0450F3B8DABCEBEE80F983AF22CDA4D2592","Support/eula/EULA-v1.0-SPAIN.htm",35502,35502,12541,0
"BAC8F0450F3B8DABCEBEE80F983AF22CDA4D2592","Support/eula/EULA-v1.0-SWEDEN.htm",32997,32997,11737,0
"BAC8F0450F3B8DABCEBEE80F983AF22CDA4D2592","Support/eula/EULA-v1.0-UK.htm",30169,30169,11034,0
"BAC8F0450F3B8DABCEBEE80F983AF22CDA4D2592","Support/eula/EULA-v1.0-US.htm",34101,34101,12440,0
"BAC8F0450F3B8DABCEBEE80F983AF22CDA4D2592","Support/readme/ReadMe-br.txt",13903,13903,4468,0
"BAC8F0450F3B8DABCEBEE80F983AF22CDA4D2592","Support/readme/ReadMe-cs.txt",12252,12252,4690,0
"BAC8F0450F3B8DABCEBEE80F983AF22CDA4D2592","Support/readme/ReadMe-ct.txt",12232,12232,4662,0
"BAC8F0450F3B8DABCEBEE80F983AF22CDA4D2592","Support/readme/ReadMe-cz.txt",12486,12486,4334,0
"BAC8F0450F3B8DABCEBEE80F983AF22CDA4D2592","Support/readme/ReadMe-de.txt",14132,14132,4623,0
"BAC8F0450F3B8DABCEBEE80F983AF22CDA4D2592","Support/readme/ReadMe-en.txt",12729,12729,4215,0
"BAC8F0450F3B8DABCEBEE80F983AF22CDA4D2592","Support/readme/ReadMe-es.txt",11478,11478,3565,0
"BAC8F0450F3B8DABCEBEE80F983AF22CDA4D2592","Support/readme/ReadMe-fr.txt",13819,13819,4337,0
"BAC8F0450F3B8DABCEBEE80F983AF22CDA4D2592","Support/readme/ReadMe-it.txt",11072,11072,3481,0
"BAC8F0450F3B8DABCEBEE80F983AF22CDA4D2592","Support/readme/ReadMe-jp.txt",12764,12764,3866,0
"BAC8F0450F3B8DABCEBEE80F983AF22CDA4D2592","Support/readme/ReadMe-kr.txt",13939,13939,4633,0
"BAC8F0450F3B8DABCEBEE80F983AF22CDA4D2592","Support/readme/ReadMe-mx.txt",13989,13989,4485,0
"BAC8F0450F3B8DABCEBEE80F983AF22CDA4D2592","Support/readme/ReadMe-nl.txt",11185,11185,3490,0
"BAC8F0450F3B8DABCEBEE80F983AF22CDA4D2592","Support/readme/ReadMe-pl.txt",13476,13476,4609,0
"BAC8F0450F3B8DABCEBEE80F983AF22CDA4D2592","Support/readme/ReadMe-ru.txt",20270,20270,5477,0
"BAC8F0450F3B8DABCEBEE80F983AF22CDA4D2592","Support/benchmark/benchmark_template.html",619858,619858,316137,0
"BAC8F0450F3B8DABCEBEE80F983AF22CDA4D2592","Support/benchmark/font_arabic1",257820,257820,104764,0
"BAC8F0450F3B8DABCEBEE80F983AF22CDA4D2592","Support/benchmark/font_arabic2",276064,276064,97435,0
"BAC8F0450F3B8DABCEBEE80F983AF22CDA4D2592","Support/benchmark/font_chinas1",812176,812176,279094,0
"BAC8F0450F3B8DABCEBEE80F983AF22CDA4D2592","Support/benchmark/font_chinas2",276064,276064,97435,0
"BAC8F0450F3B8DABCEBEE80F983AF22CDA4D2592","Support/benchmark/font_chinat1",812176,812176,279094,0
"BAC8F0450F3B8DABCEBEE80F983AF22CDA4D2592","Support/benchmark/font_chinat2",276064,276064,97435,0
"BAC8F0450F3B8DABCEBEE80F983AF22CDA4D2592","Support/benchmark/font_japan1",812176,812176,279094,0
"BAC8F0450F3B8DABCEBEE80F983AF22CDA4D2592","Support/benchmark/font_japan2",276064,276064,97435,0
"BAC8F0450F3B8DABCEBEE80F983AF22CDA4D2592","Support/benchmark/font_korea1",812176,812176,279094,0
"BAC8F0450F3B8DABCEBEE80F983AF22CDA4D2592","Support/benchmark/font_korea2",276064,276064,97435,0
"BAC8F0450F3B8DABCEBEE80F983AF22CDA4D2592","Support/benchmark/font1",156546,156546,64369,0
"BAC8F0450F3B8DABCEBEE80F983AF22CDA4D2592","Support/benchmark/font2",146642,146642,73954,0
"BAC8F0450F3B8DABCEBEE80F983AF22CDA4D2592","localization.lang",14,14,23,0
"BAC8F0450F3B8DABCEBEE80F983AF22CDA4D2592","streaminginstall.ini",35123,35123,4031,0
"BAC8F0450F3B8DABCEBEE80F983AF22CDA4D2592","bink2w64.dll",394944,394944,216479,0
"BAC8F0450F3B8DABCEBEE80F983AF22CDA4D2592","dbghelp.dll",1558912,1558912,576385,0
"BAC8F0450F3B8DABCEBEE80F983AF22CDA4D2592","ekshaderspccompress.bin",2139439,2139439,2139500,0
"BAC8F0450F3B8DABCEBEE80F983AF22CDA4D2592","ekshaderspcvulkancompress.bin",18833911,18833911,18775339,0
"BAC8F0450F3B8DABCEBEE80F983AF22CDA4D2592","ekshaderspcvkinrncompress.bin",18962742,18962742,18904564,0
"BAC8F0450F3B8DABCEBEE80F983AF22CDA4D2592","gpudatabase_win64.dll",99528,99528,19261,0
"BAC8F0450F3B8DABCEBEE80F983AF22CDA4D2592","extendedpcidevs.txt",147456,147456,19742,0
"BAC8F0450F3B8DABCEBEE80F983AF22CDA4D2592","symsrv.dll",149264,149264,59083,0
"BAC8F0450F3B8DABCEBEE80F983AF22CDA4D2592","upc_r2_loader.dll",316568,316568,140711,0
"BAC8F0450F3B8DABCEBEE80F983AF22CDA4D2592","upc_r2_loader64.dll",413848,413848,173613,0
"BAC8F0450F3B8DABCEBEE80F983AF22CDA4D2592","steam_api64.dll",262944,262944,125454,0
"BAC8F0450F3B8DABCEBEE80F983AF22CDA4D2592","amd_ags_x64.dll",172200,172200,92234,0
"BAC8F0450F3B8DABCEBEE80F983AF22CDA4D2592","gfsdk_aftermath_lib.x64.dll",1532240,1532240,507742,0
"BAC8F0450F3B8DABCEBEE80F983AF22CDA4D2592","nvlowlatencyvk.dll",48952,48952,24998,0
"BAC8F0450F3B8DABCEBEE80F983AF22CDA4D2592","nvngx_dlss.dll",14619344,14619344,9176541,0
"BAC8F0450F3B8DABCEBEE80F983AF22CDA4D2592","vivoxsdk.dll",12178824,12178824,7270811,0
"BAC8F0450F3B8DABCEBEE80F983AF22CDA4D2592","BattlEye/BELauncher.ini",93,93,98,0
"BAC8F0450F3B8DABCEBEE80F983AF22CDA4D2592","BattlEye/Install_BattlEye.bat",64,64,73,0
"BAC8F0450F3B8DABCEBEE80F983AF22CDA4D2592","BattlEye/Uninstall_BattlEye.bat",64,64,73,0
"BAC8F0450F3B8DABCEBEE80F983AF22CDA4D2592","BattlEye/Privacy/cs.txt",1545,1545,822,0
"BAC8F0450F3B8DABCEBEE80F983AF22CDA4D2592","BattlEye/Privacy/cs-CZ.txt",1545,1545,822,0
"BAC8F0450F3B8DABCEBEE80F983AF22CDA4D2592","BattlEye/Privacy/de.txt",1445,1445,742,0
"BAC8F0450F3B8DABCEBEE80F983AF22CDA4D2592","BattlEye/Privacy/de-DE.txt",1445,1445,742,0
"BAC8F0450F3B8DABCEBEE80F983AF22CDA4D2592","BattlEye/Privacy/en.txt",1302,1302,628,0
"BAC8F0450F3B8DABCEBEE80F983AF22CDA4D2592","BattlEye/Privacy/en-US.txt",1302,1302,628,0
"BAC8F0450F3B8DABCEBEE80F983AF22CDA4D2592","BattlEye/Privacy/es.txt",1532,1532,727,0
"BAC8F0450F3B8DABCEBEE80F983AF22CDA4D2592","BattlEye/Privacy/es-ES.txt",1532,1532,727,0
"BAC8F0450F3B8DABCEBEE80F983AF22CDA4D2592","BattlEye/Privacy/es-MX.txt",1540,1540,729,0
"BAC8F0450F3B8DABCEBEE80F983AF22CDA4D2592","BattlEye/Privacy/fr.txt",1677,1677,817,0
"BAC8F0450F3B8DABCEBEE80F983AF22CDA4D2592","BattlEye/Privacy/fr-FR.txt",1674,1674,809,0
"BAC8F0450F3B8DABCEBEE80F983AF22CDA4D2592","BattlEye/Privacy/it.txt",1376,1376,666,0
"BAC8F0450F3B8DABCEBEE80F983AF22CDA4D2592","BattlEye/Privacy/it-IT.txt",1376,1376,666,0
"BAC8F0450F3B8DABCEBEE80F983AF22CDA4D2592","BattlEye/Privacy/ja.txt",1601,1601,807,0
"BAC8F0450F3B8DABCEBEE80F983AF22CDA4D2592","BattlEye/Privacy/ja-JP.txt",1601,1601,807,0
"BAC8F0450F3B8DABCEBEE80F983AF22CDA4D2592","BattlEye/Privacy/ko.txt",1407,1407,774,0
"BAC8F0450F3B8DABCEBEE80F983AF22CDA4D2592","BattlEye/Privacy/ko-KR.txt",1407,1407,774,0
"BAC8F0450F3B8DABCEBEE80F983AF22CDA4D2592","BattlEye/Privacy/nl.txt",1394,1394,680,0
"BAC8F0450F3B8DABCEBEE80F983AF22CDA4D2592","BattlEye/Privacy/nl-NL.txt",1394,1394,680,0
"BAC8F0450F3B8DABCEBEE80F983AF22CDA4D2592","BattlEye/Privacy/pl.txt",1610,1610,843,0
"BAC8F0450F3B8DABCEBEE80F983AF22CDA4D2592","BattlEye/Privacy/pl-PL.txt",1610,1610,843,0
"BAC8F0450F3B8DABCEBEE80F983AF22CDA4D2592","BattlEye/Privacy/pt.txt",1512,1512,729,0
"BAC8F0450F3B8DABCEBEE80F983AF22CDA4D2592","BattlEye/Privacy/pt-BR.txt",1512,1512,729,0
"BAC8F0450F3B8DABCEBEE80F983AF22CDA4D2592","BattlEye/Privacy/ru.txt",2012,2012,861,0
"BAC8F0450F3B8DABCEBEE80F983AF22CDA4D2592","BattlEye/Privacy/ru-RU.txt",2012,2012,861,0
"BAC8F0450F3B8DABCEBEE80F983AF22CDA4D2592","BattlEye/Privacy/tr.txt",1376,1376,683,0
"BAC8F0450F3B8DABCEBEE80F983AF22CDA4D2592","BattlEye/Privacy/tr-TR.txt",1376,1376,683,0
"BAC8F0450F3B8DABCEBEE80F983AF22CDA4D2592","BattlEye/Privacy/zh.txt",1052,1052,675,0
"BAC8F0450F3B8DABCEBEE80F983AF22CDA4D2592","BattlEye/Privacy/zh-CN.txt",1052,1052,675,0
"BAC8F0450F3B8DABCEBEE80F983AF22CDA4D2592","BattlEye/Privacy/zh-TW.txt",1067,1067,682,0
"BAC8F0450F3B8DABCEBEE80F983AF22CDA4D2592","BattlEye/Text/cs.ini",3192,3192,1500,0
"BAC8F0450F3B8DABCEBEE80F983AF22CDA4D2592","BattlEye/Text/de.ini",3283,3283,1427,0
"BAC8F0450F3B8DABCEBEE80F983AF22CDA4D2592","BattlEye/Text/en.ini",2748,2748,1183,0
"BAC8F0450F3B8DABCEBEE80F983AF22CDA4D2592","BattlEye/Text/es.ini",3137,3137,1355,0
"BAC8F0450F3B8DABCEBEE80F983AF22CDA4D2592","BattlEye/Text/fr.ini",3246,3246,1428,0
"BAC8F0450F3B8DABCEBEE80F983AF22CDA4D2592","BattlEye/Text/it.ini",3024,3024,1319,0
"BAC8F0450F3B8DABCEBEE80F983AF22CDA4D2592","BattlEye/Text/ja.ini",4125,4125,1579,0
"BAC8F0450F3B8DABCEBEE80F983AF22CDA4D2592","BattlEye/Text/ko.ini",3362,3362,1476,0
"BAC8F0450F3B8DABCEBEE80F983AF22CDA4D2592","BattlEye/Text/nl.ini",3004,3004,1320,0
"BAC8F0450F3B8DABCEBEE80F983AF22CDA4D2592","BattlEye/Text/pl.ini",3165,3165,1455,0
"BAC8F0450F3B8DABCEBEE80F983AF22CDA4D2592","BattlEye/Text/pt.ini",3054,3054,1346,0
"BAC8F0450F3B8DABCEBEE80F983AF22CDA4D2592","BattlEye/Text/ru.ini",4901,4901,1763,0
"BAC8F0450F3B8DABCEBEE80F983AF22CDA4D2592","BattlEye/Text/tr.ini",2990,2990,1378,0
"BAC8F0450F3B8DABCEBEE80F983AF22CDA4D2592","BattlEye/Text/zh.ini",2628,2628,1425,0
"BAC8F0450F3B8DABCEBEE80F983AF22CDA4D2592","BattlEye/Text/zh-TW.ini",2628,2628,1427,0
"BAC8F0450F3B8DABCEBEE80F983AF22CDA4D2592","BattlEye/BEClient_x64.dll",5967112,5967112,5581075,0
"BAC8F0450F3B8DABCEBEE80F983AF22CDA4D2592","BattlEye/BEClient_x64.cfg",27,27,36,0
"BAC8F0450F3B8DABCEBEE80F983AF22CDA4D2592","BattlEye/BEService_x64.exe",9880840,9880840,9515557,0
"BAC8F0450F3B8DABCEBEE80F983AF22CDA4D2592","BattlEye/Licenses.txt",1128,1128,711,0
"BAC8F0450F3B8DABCEBEE80F983AF22CDA4D2592","RainbowSix_BE.exe",1457928,1457928,1004765,0
"BAC8F0450F3B8DABCEBEE80F983AF22CDA4D2592","RainbowSix.exe",53403688,53403688,51119091,0
"BAC8F0450F3B8DABCEBEE80F983AF22CDA4D2592","RainbowSix.exe.manifest",766,766,350,0
"BAC8F0450F3B8DABCEBEE80F983AF22CDA4D2592","RainbowSix_Vulkan.exe",53489192,53489192,51206655,0
"BAC8F0450F3B8DABCEBEE80F983AF22CDA4D2592","RainbowSix_Vulkan.exe.manifest",766,766,350,0
"BAC8F0450F3B8DABCEBEE80F983AF22CDA4D2592","defaultargs.dll",5553352,5553352,5165548,0
"BAC8F0450F3B8DABCEBEE80F983AF22CDA4D2592","datapc64.forge",99614720,99614720,96548674,0
"BAC8F0450F3B8DABCEBEE80F983AF22CDA4D2592","datapc64_mtx.forge",201457664,201457664,42182841,0
"BAC8F0450F3B8DABCEBEE80F983AF22CDA4D2592","datapc64_merged_playgo_bnk_000000027_guitextures0.forge",147718144,147718144,144843066,0
"BAC8F0450F3B8DABCEBEE80F983AF22CDA4D2592","datapc64_merged_playgo_bnk_000000027_guitextures1.forge",25952256,25952256,25373195,0
"BAC8F0450F3B8DABCEBEE80F983AF22CDA4D2592","datapc64_merged_playgo_bnk_000000027_mesh.forge",14090240,14090240,13134568,0
"BAC8F0450F3B8DABCEBEE80F983AF22CDA4D2592","datapc64_merged_playgo_bnk_000000027_meshshape.forge",884736,884736,826738,0
"BAC8F0450F3B8DABCEBEE80F983AF22CDA4D2592","datapc64_merged_playgo_bnk_000000027_textures0.forge",68648960,68648960,64180430,0
"BAC8F0450F3B8DABCEBEE80F983AF22CDA4D2592","datapc64_merged_playgo_bnk_000000027_textures1.forge",13795328,13795328,13318604,0
"BAC8F0450F3B8DABCEBEE80F983AF22CDA4D2592","datapc64_merged_playgo_bnk_000000027_textures2.forge",13139968,13139968,12865223,0
"BAC8F0450F3B8DABCEBEE80F983AF22CDA4D2592","datapc64_merged_playgo_bnk_000000027_textures3.forge",18219008,18219008,18045577,0
"BAC8F0450F3B8DABCEBEE80F983AF22CDA4D2592","datapc64_merged_playgo_bnk_000000028_guitextures0.forge",169345024,169345024,165648051,0
"BAC8F0450F3B8DABCEBEE80F983AF22CDA4D2592","datapc64_merged_playgo_bnk_000000028_guitextures1.forge",110854144,110854144,108932865,0
"BAC8F0450F3B8DABCEBEE80F983AF22CDA4D2592","datapc64_merged_playgo_bnk_000000028_mesh.forge",26017792,26017792,20426924,0
"BAC8F0450F3B8DABCEBEE80F983AF22CDA4D2592","datapc64_merged_playgo_bnk_000000028_meshshape.forge",393216,393216,279781,0
"BAC8F0450F3B8DABCEBEE80F983AF22CDA4D2592","datapc64_merged_playgo_bnk_000000028_textures0.forge",53215232,53215232,49059517,0
"BAC8F0450F3B8DABCEBEE80F983AF22CDA4D2592","datapc64_merged_playgo_bnk_000000028_textures1.forge",21856256,21856256,20907986,0
"BAC8F0450F3B8DABCEBEE80F983AF22CDA4D2592","datapc64_merged_playgo_bnk_000000028_textures2.forge",13008896,13008896,12469617,0
"BAC8F0450F3B8DABCEBEE80F983AF22CDA4D2592","datapc64_merged_playgo_bnk_000000028_textures3.forge",37191680,37191680,36847627,0
"BAC8F0450F3B8DABCEBEE80F983AF22CDA4D2592","datapc64_merged_playgo_bnk_052066184_guitextures0.forge",37355520,37355520,36669686,0
"BAC8F0450F3B8DABCEBEE80F983AF22CDA4D2592","datapc64_merged_playgo_bnk_052066184_guitextures1.forge",2129920,2129920,2076232,0
"BAC8F0450F3B8DABCEBEE80F983AF22CDA4D2592","datapc64_merged_playgo_bnk_052066184_textures0.forge",32768,32768,8115,0
"BAC8F0450F3B8DABCEBEE80F983AF22CDA4D2592","datapc64_merged_playgo_bnk_guitextures0.forge",1223426048,1223426048,1173333476,0
"BAC8F0450F3B8DABCEBEE80F983AF22CDA4D2592","datapc64_merged_playgo_bnk_guitextures1.forge",133562368,133562368,126732609,0
"BAC8F0450F3B8DABCEBEE80F983AF22CDA4D2592","datapc64_merged_playgo_bnk_mesh.forge",85622784,85622784,69718971,0
"BAC8F0450F3B8DABCEBEE80F983AF22CDA4D2592","datapc64_merged_playgo_bnk_meshshape.forge",27623424,27623424,24961600,0
"BAC8F0450F3B8DABCEBEE80F983AF22CDA4D2592","datapc64_merged_playgo_bnk_textures0.forge",818937856,818937856,735394160,0
"BAC8F0450F3B8DABCEBEE80F983AF22CDA4D2592","datapc64_merged_playgo_bnk_textures1.forge",167280640,167280640,160894742,0
"BAC8F0450F3B8DABCEBEE80F983AF22CDA4D2592","datapc64_merged_playgo_bnk_textures2.forge",139264000,139264000,135618732,0
"BAC8F0450F3B8DABCEBEE80F983AF22CDA4D2592","datapc64_merged_playgo_bnk_textures3.forge",303595520,303595520,301481559,0
"BAC8F0450F3B8DABCEBEE80F983AF22CDA4D2592","datapc64_mtx_playgo.forge",32768,32768,635,0
"BAC8F0450F3B8DABCEBEE80F983AF22CDA4D2592","datapc64_ondemand_playgo.forge",250150912,250150912,51698115,0
"BAC8F0450F3B8DABCEBEE80F983AF22CDA4D2592","datapc64_pvp03_hereford_playgo.forge",7962624,7962624,7691705,0
"BAC8F0450F3B8DABCEBEE80F983AF22CDA4D2592","datapc64_pvp03_hereford_playgo_bnk_gidata.forge",43155456,43155456,43128122,0
"BAC8F0450F3B8DABCEBEE80F983AF22CDA4D2592","datapc64_r6_menuworld_playgo.forge",20348928,20348928,20209184,0
"BAC8F0450F3B8DABCEBEE80F983AF22CDA4D2592","datapc64_r6_menuworld_playgo_bnk_gidata.forge",884736,884736,868444,0
"BAC8F0450F3B8DABCEBEE80F983AF22CDA4D2592","datapc64_ui_playgo.forge",105152512,105152512,102129471,0
"BAC8F0450F3B8DABCEBEE80F983AF22CDA4D2592","videos/startup/y0r6_logo_nvidia.bik",9729340,9729340,8919480,0
"BAC8F0450F3B8DABCEBEE80F983AF22CDA4D2592","videos/startup/y0r6_logo_ubisoft.bik",18946296,18946296,18939177,0
"BAC8F0450F3B8DABCEBEE80F983AF22CDA4D2592","videos/y0r6_training_m01.bik",62669404,62669404,62622921,0
"BAC8F0450F3B8DABCEBEE80F983AF22CDA4D2592","videos/y5s3_cgi_introduction.bik",123906752,123906752,123654226,0
"BAC8F0450F3B8DABCEBEE80F983AF22CDA4D2592","videos/y7s2_siege_introduction_v3.bik",400253648,400253648,396391684,0
"BAC8F0450F3B8DABCEBEE80F983AF22CDA4D2592","videos/y0r6_tutorial_barricades.bik",95629980,95629980,95392797,0
"BAC8F0450F3B8DABCEBEE80F983AF22CDA4D2592","videos/y0r6_tutorial_floors.bik",98972480,98972480,98593351,0
"BAC8F0450F3B8DABCEBEE80F983AF22CDA4D2592","videos/y0r6_tutorial_walls.bik",98270032,98270032,97911876,0
"BAC8F0450F3B8DABCEBEE80F983AF22CDA4D2592","datapc64_3c_metrics.depgraphbin",4208,4208,4218,0
"BAC8F0450F3B8DABCEBEE80F983AF22CDA4D2592","datapc64_bootstrap.depgraphbin",8677,8677,8687,0
"BAC8F0450F3B8DABCEBEE80F983AF22CDA4D2592","datapc64_mtx.depgraphbin",640501,640501,616614,0
"BAC8F0450F3B8DABCEBEE80F983AF22CDA4D2592","datapc64_mtx_set01.depgraphbin",216,216,225,0
"BAC8F0450F3B8DABCEBEE80F983AF22CDA4D2592","datapc64_onb00_shootingrange.depgraphbin",8329,8329,8339,0
"BAC8F0450F3B8DABCEBEE80F983AF22CDA4D2592","datapc64_ondemand.depgraphbin",1133923,1133923,1119240,0
"BAC8F0450F3B8DABCEBEE80F983AF22CDA4D2592","datapc64_ondemand_playgo.depgraphbin",159239,159239,156347,0
"BAC8F0450F3B8DABCEBEE80F983AF22CDA4D2592","datapc64_ondemand_set01.depgraphbin",61765,61765,61775,0
"BAC8F0450F3B8DABCEBEE80F983AF22CDA4D2592","datapc64_ondemand_set02.depgraphbin",25389,25389,25399,0
"BAC8F0450F3B8DABCEBEE80F983AF22CDA4D2592","datapc64_perf_house_v2.depgraphbin",24732,24732,24742,0
"BAC8F0450F3B8DABCEBEE80F983AF22CDA4D2592","datapc64_pvp01_house_v3_set01.depgraphbin",32906,32906,32916,0
"BAC8F0450F3B8DABCEBEE80F983AF22CDA4D2592","datapc64_pvp02_oregon_v2_set02.depgraphbin",28684,28684,28694,0
"BAC8F0450F3B8DABCEBEE80F983AF22CDA4D2592","datapc64_pvp03_hereford_playgo.depgraphbin",19226,19226,19236,0
"BAC8F0450F3B8DABCEBEE80F983AF22CDA4D2592","datapc64_pvp04_clubhouse_set02.depgraphbin",27762,27762,27772,0
"BAC8F0450F3B8DABCEBEE80F983AF22CDA4D2592","datapc64_pvp05_plane_set01.depgraphbin",16367,16367,16377,0
"BAC8F0450F3B8DABCEBEE80F983AF22CDA4D2592","datapc64_pvp06_yacht.depgraphbin",25592,25592,25602,0
"BAC8F0450F3B8DABCEBEE80F983AF22CDA4D2592","datapc64_pvp07_consulate_set01.depgraphbin",24204,24204,24214,0
"BAC8F0450F3B8DABCEBEE80F983AF22CDA4D2592","datapc64_pvp08_bank_v2.depgraphbin",26092,26092,26102,0
"BAC8F0450F3B8DABCEBEE80F983AF22CDA4D2592","datapc64_pvp09_kanal_set02.depgraphbin",30724,30724,30734,0
"BAC8F0450F3B8DABCEBEE80F983AF22CDA4D2592","datapc64_pvp10_chalet_v2_set02.depgraphbin",28076,28076,28086,0
"BAC8F0450F3B8DABCEBEE80F983AF22CDA4D2592","datapc64_pvp11_university.depgraphbin",25816,25816,25826,0
"BAC8F0450F3B8DABCEBEE80F983AF22CDA4D2592","datapc64_pvp12_russiancafe_set02.depgraphbin",27127,27127,27137,0
"BAC8F0450F3B8DABCEBEE80F983AF22CDA4D2592","datapc64_pvp13_border_v2.depgraphbin",25012,25012,25022,0
"BAC8F0450F3B8DABCEBEE80F983AF22CDA4D2592","datapc64_pvp14_favela_v2.depgraphbin",30758,30758,30768,0
"BAC8F0450F3B8DABCEBEE80F983AF22CDA4D2592","datapc64_pvp15_temple_v2.depgraphbin",27345,27345,27355,0
"BAC8F0450F3B8DABCEBEE80F983AF22CDA4D2592","datapc64_pvp16_ibiza.depgraphbin",31455,31455,31465,0
"BAC8F0450F3B8DABCEBEE80F983AF22CDA4D2592","datapc64_pvp17_themepark_v2.depgraphbin",28437,28437,28447,0
"BAC8F0450F3B8DABCEBEE80F983AF22CDA4D2592","datapc64_pvp19_tower.depgraphbin",28636,28636,28646,0
"BAC8F0450F3B8DABCEBEE80F983AF22CDA4D2592","datapc64_pvp20_italy.depgraphbin",41445,41445,41455,0
"BAC8F0450F3B8DABCEBEE80F983AF22CDA4D2592","datapc64_pvp21_herefordrework.depgraphbin",26792,26792,26802,0
"BAC8F0450F3B8DABCEBEE80F983AF22CDA4D2592","datapc64_pvp22_morocco.depgraphbin",31350,31350,31360,0
"BAC8F0450F3B8DABCEBEE80F983AF22CDA4D2592","datapc64_pvp23_australia_v2.depgraphbin",27351,27351,27361,0
"BAC8F0450F3B8DABCEBEE80F983AF22CDA4D2592","datapc64_pvp24_countryclub.depgraphbin",29858,29858,29868,0
"BAC8F0450F3B8DABCEBEE80F983AF22CDA4D2592","datapc64_pvp25_nighthaven.depgraphbin",26024,26024,26034,0
"BAC8F0450F3B8DABCEBEE80F983AF22CDA4D2592","datapc64_pvp27_stadium2021.depgraphbin",18935,18935,18945,0
"BAC8F0450F3B8DABCEBEE80F983AF22CDA4D2592","datapc64_r6_menuworld_playgo.depgraphbin",8298,8298,8308,0
"BAC8F0450F3B8DABCEBEE80F983AF22CDA4D2592","datapc64_tdm01_mtown.depgraphbin",11504,11504,11514,0
"BAC8F0450F3B8DABCEBEE80F983AF22CDA4D2592","datapc64_ui_playgo.depgraphbin",39343,39343,36507,0
"BAC8F0450F3B8DABCEBEE80F983AF22CDA4D2592","datapc64_merged_playgo_bnk_000000023_soundmedia.forge",47205788,47205788,43507005,0
"BAC8F0450F3B8DABCEBEE80F983AF22CDA4D2592","datapc64_merged_playgo_bnk_000000024_soundmedia.forge",146302046,146302046,131568304,0
"BAC8F0450F3B8DABCEBEE80F983AF22CDA4D2592","datapc64_merged_playgo_bnk_000000025_soundmedia.forge",154700226,154700226,143793035,0
"BAC8F0450F3B8DABCEBEE80F983AF22CDA4D2592","datapc64_merged_playgo_bnk_000000026_soundmedia.forge",119996416,119996416,116235035,0
"BAC8F0450F3B8DABCEBEE80F983AF22CDA4D2592","datapc64_merged_playgo_bnk_000000027_soundmedia.forge",88932352,88932352,80182982,0
"BAC8F0450F3B8DABCEBEE80F983AF22CDA4D2592","datapc64_merged_playgo_bnk_000000028_soundmedia.forge",76447744,76447744,65893820,0
"BAC8F0450F3B8DABCEBEE80F983AF22CDA4D2592","datapc64_merged_playgo_bnk_052066184_soundmedia.forge",10485760,10485760,10356354,0
"BAC8F0450F3B8DABCEBEE80F983AF22CDA4D2592","datapc64_merged_playgo_bnk_soundmedia.forge",1863177372,1863177372,1655351720,0
"BAC8F0450F3B8DABCEBEE80F983AF22CDA4D2592","datapc64_merged_playgo_bnk_000000023_soundbank.forge",380238,380238,335196,0
"BAC8F0450F3B8DABCEBEE80F983AF22CDA4D2592","datapc64_merged_playgo_bnk_000000024_soundbank.forge",1425855,1425855,1076690,0
"BAC8F0450F3B8DABCEBEE80F983AF22CDA4D2592","datapc64_merged_playgo_bnk_000000025_soundbank.forge",1454322,1454322,1087476,0
"BAC8F0450F3B8DABCEBEE80F983AF22CDA4D2592","datapc64_merged_playgo_bnk_000000026_soundbank.forge",884736,884736,800763,0
"BAC8F0450F3B8DABCEBEE80F983AF22CDA4D2592","datapc64_merged_playgo_bnk_000000027_soundbank.forge",851968,851968,788524,0
"BAC8F0450F3B8DABCEBEE80F983AF22CDA4D2592","datapc64_merged_playgo_bnk_000000028_soundbank.forge",1081344,1081344,991338,0
"BAC8F0450F3B8DABCEBEE80F983AF22CDA4D2592","datapc64_merged_playgo_bnk_052066184_soundbank.forge",229376,229376,196236,0
"BAC8F0450F3B8DABCEBEE80F983AF22CDA4D2592","datapc64_merged_playgo_bnk_soundbank.forge",1409321,1409321,1058887,0
"BAC8F0450F3B8DABCEBEE80F983AF22CDA4D2592","datapc64_merged_playgo_bnk_000000023_soundbank_en-us.forge",172807,172807,25897,1
"BAC8F0450F3B8DABCEBEE80F983AF22CDA4D2592","datapc64_merged_playgo_bnk_000000023_soundmedia_en-us.forge",18248205,18248205,17454272,1
"BAC8F0450F3B8DABCEBEE80F983AF22CDA4D2592","datapc64_merged_playgo_bnk_000000024_soundbank_en-us.forge",656135,656135,490224,1
"BAC8F0450F3B8DABCEBEE80F983AF22CDA4D2592","datapc64_merged_playgo_bnk_000000024_soundmedia_en-us.forge",8266943,8266943,7649987,1
"BAC8F0450F3B8DABCEBEE80F983AF22CDA4D2592","datapc64_merged_playgo_bnk_000000025_soundbank_en-us.forge",598791,598791,431579,1
"BAC8F0450F3B8DABCEBEE80F983AF22CDA4D2592","datapc64_merged_playgo_bnk_000000025_soundmedia_en-us.forge",9826738,9826738,9073679,1
"BAC8F0450F3B8DABCEBEE80F983AF22CDA4D2592","datapc64_merged_playgo_bnk_000000026_soundbank_en-us.forge",98304,98304,52282,1
"BAC8F0450F3B8DABCEBEE80F983AF22CDA4D2592","datapc64_merged_playgo_bnk_000000026_soundmedia_en-us.forge",12713984,12713984,9335348,1
"BAC8F0450F3B8DABCEBEE80F983AF22CDA4D2592","datapc64_merged_playgo_bnk_000000027_soundbank_en-us.forge",65536,65536,45270,1
"BAC8F0450F3B8DABCEBEE80F983AF22CDA4D2592","datapc64_merged_playgo_bnk_000000027_soundmedia_en-us.forge",7208960,7208960,6368003,1
"BAC8F0450F3B8DABCEBEE80F983AF22CDA4D2592","datapc64_merged_playgo_bnk_000000028_soundbank_en-us.forge",557056,557056,376764,1
"BAC8F0450F3B8DABCEBEE80F983AF22CDA4D2592","datapc64_merged_playgo_bnk_000000028_soundmedia_en-us.forge",19529728,19529728,14436322,1
"BAC8F0450F3B8DABCEBEE80F983AF22CDA4D2592","datapc64_merged_playgo_bnk_soundbank_en-us.forge",660485,660485,499555,1
"BAC8F0450F3B8DABCEBEE80F983AF22CDA4D2592","datapc64_merged_playgo_bnk_soundmedia_en-us.forge",355536199,355536199,300933105,1
"BAC8F0450F3B8DABCEBEE80F983AF22CDA4D2592","datapc64_ondemand_set01.forge",44204032,44204032,43021989,10
"BAC8F0450F3B8DABCEBEE80F983AF22CDA4D2592","datapc64_mtx_set01.forge",65536,65536,18573,10
"BAC8F0450F3B8DABCEBEE80F983AF22CDA4D2592","datapc64_mtx_set01_bnk_mesh.forge",196608,196608,155939,10
"BAC8F0450F3B8DABCEBEE80F983AF22CDA4D2592","datapc64_mtx_set01_bnk_textures0.forge",32768,32768,2939,10
"BAC8F0450F3B8DABCEBEE80F983AF22CDA4D2592","datapc64_mtx_set01_bnk_textures1.forge",32768,32768,5547,10
"BAC8F0450F3B8DABCEBEE80F983AF22CDA4D2592","datapc64_mtx_set01_bnk_textures3.forge",32768,32768,10553,10
"BAC8F0450F3B8DABCEBEE80F983AF22CDA4D2592","datapc64_merged_set01_bnk_000000027_guitextures0.forge",32768,32768,1171,10
"BAC8F0450F3B8DABCEBEE80F983AF22CDA4D2592","datapc64_merged_set01_bnk_000000027_guitextures1.forge",32768,32768,1860,10
"BAC8F0450F3B8DABCEBEE80F983AF22CDA4D2592","datapc64_merged_set01_bnk_000000027_mesh.forge",2424832,2424832,1839345,10
"BAC8F0450F3B8DABCEBEE80F983AF22CDA4D2592","datapc64_merged_set01_bnk_000000027_meshshape.forge",2818048,2818048,1450268,10
"BAC8F0450F3B8DABCEBEE80F983AF22CDA4D2592","datapc64_merged_set01_bnk_000000027_textures0.forge",393216,393216,332919,10
"BAC8F0450F3B8DABCEBEE80F983AF22CDA4D2592","datapc64_merged_set01_bnk_000000027_textures1.forge",1179648,1179648,1121532,10
"BAC8F0450F3B8DABCEBEE80F983AF22CDA4D2592","datapc64_merged_set01_bnk_000000027_textures2.forge",1376256,1376256,1312733,10
"BAC8F0450F3B8DABCEBEE80F983AF22CDA4D2592","datapc64_merged_set01_bnk_000000027_textures3.forge",622592,622592,583424,10
"BAC8F0450F3B8DABCEBEE80F983AF22CDA4D2592","datapc64_merged_set01_bnk_000000028_guitextures0.forge",65536,65536,19755,10
"BAC8F0450F3B8DABCEBEE80F983AF22CDA4D2592","datapc64_merged_set01_bnk_000000028_guitextures1.forge",98304,98304,33287,10
"BAC8F0450F3B8DABCEBEE80F983AF22CDA4D2592","datapc64_merged_set01_bnk_000000028_mesh.forge",5046272,5046272,4557205,10
"BAC8F0450F3B8DABCEBEE80F983AF22CDA4D2592","datapc64_merged_set01_bnk_000000028_meshshape.forge",6717440,6717440,5315769,10
"BAC8F0450F3B8DABCEBEE80F983AF22CDA4D2592","datapc64_merged_set01_bnk_000000028_textures0.forge",1015808,1015808,903903,10
"BAC8F0450F3B8DABCEBEE80F983AF22CDA4D2592","datapc64_merged_set01_bnk_000000028_textures1.forge",3440640,3440640,3356504,10
"BAC8F0450F3B8DABCEBEE80F983AF22CDA4D2592","datapc64_merged_set01_bnk_000000028_textures2.forge",3112960,3112960,3040939,10
"BAC8F0450F3B8DABCEBEE80F983AF22CDA4D2592","datapc64_merged_set01_bnk_000000028_textures3.forge",8355840,8355840,8303076,10
"BAC8F0450F3B8DABCEBEE80F983AF22CDA4D2592","datapc64_merged_set01_bnk_052066184_guitextures0.forge",32768,32768,1875,10
"BAC8F0450F3B8DABCEBEE80F983AF22CDA4D2592","datapc64_merged_set01_bnk_052066184_guitextures1.forge",32768,32768,1646,10
"BAC8F0450F3B8DABCEBEE80F983AF22CDA4D2592","datapc64_merged_set01_bnk_guitextures0.forge",6586368,6586368,6446941,10
"BAC8F0450F3B8DABCEBEE80F983AF22CDA4D2592","datapc64_merged_set01_bnk_guitextures1.forge",262144,262144,163685,10
"BAC8F0450F3B8DABCEBEE80F983AF22CDA4D2592","datapc64_merged_set01_bnk_mesh.forge",152961024,152961024,120433948,10
"BAC8F0450F3B8DABCEBEE80F983AF22CDA4D2592","datapc64_merged_set01_bnk_meshshape.forge",84836352,84836352,73019156,10
"BAC8F0450F3B8DABCEBEE80F983AF22CDA4D2592","datapc64_merged_set01_bnk_textures0.forge",231145472,231145472,217690508,10
"BAC8F0450F3B8DABCEBEE80F983AF22CDA4D2592","datapc64_merged_set01_bnk_textures1.forge",185073664,185073664,176845571,10
"BAC8F0450F3B8DABCEBEE80F983AF22CDA4D2592","datapc64_merged_set01_bnk_textures2.forge",159645696,159645696,154833539,10
"BAC8F0450F3B8DABCEBEE80F983AF22CDA4D2592","datapc64_merged_set01_bnk_textures3.forge",385482752,385482752,382071286,10
"BAC8F0450F3B8DABCEBEE80F983AF22CDA4D2592","datapc64_merged_set01_bnk_000000023_soundmedia.forge",53805,53805,30318,10
"BAC8F0450F3B8DABCEBEE80F983AF22CDA4D2592","datapc64_merged_set01_bnk_000000024_soundmedia.forge",10440706,10440706,7202778,10
"BAC8F0450F3B8DABCEBEE80F983AF22CDA4D2592","datapc64_merged_set01_bnk_000000025_soundmedia.forge",6300551,6300551,4152344,10
"BAC8F0450F3B8DABCEBEE80F983AF22CDA4D2592","datapc64_merged_set01_bnk_000000026_soundmedia.forge",98304,98304,63305,10
"BAC8F0450F3B8DABCEBEE80F983AF22CDA4D2592","datapc64_merged_set01_bnk_000000028_soundmedia.forge",22806528,22806528,15380978,10
"BAC8F0450F3B8DABCEBEE80F983AF22CDA4D2592","datapc64_merged_set01_bnk_052066184_soundmedia.forge",491520,491520,321299,10
"BAC8F0450F3B8DABCEBEE80F983AF22CDA4D2592","datapc64_merged_set01_bnk_soundmedia.forge",415886851,415886851,341422494,10
"BAC8F0450F3B8DABCEBEE80F983AF22CDA4D2592","datapc64_merged_set01_bnk_000000023_soundbank.forge",101809,101809,67088,10
"BAC8F0450F3B8DABCEBEE80F983AF22CDA4D2592","datapc64_merged_set01_bnk_000000024_soundbank.forge",386024,386024,202673,10
"BAC8F0450F3B8DABCEBEE80F983AF22CDA4D2592","datapc64_merged_set01_bnk_000000025_soundbank.forge",369640,369640,197728,10
"BAC8F0450F3B8DABCEBEE80F983AF22CDA4D2592","datapc64_merged_set01_bnk_000000026_soundbank.forge",163840,163840,68549,10
"BAC8F0450F3B8DABCEBEE80F983AF22CDA4D2592","datapc64_merged_set01_bnk_000000027_soundbank.forge",131072,131072,58931,10
"BAC8F0450F3B8DABCEBEE80F983AF22CDA4D2592","datapc64_merged_set01_bnk_000000028_soundbank.forge",229376,229376,127665,10
"BAC8F0450F3B8DABCEBEE80F983AF22CDA4D2592","datapc64_merged_set01_bnk_052066184_soundbank.forge",32768,32768,7270,10
"BAC8F0450F3B8DABCEBEE80F983AF22CDA4D2592","datapc64_merged_set01_bnk_soundbank.forge",382454,382454,213789,10
"BAC8F0450F3B8DABCEBEE80F983AF22CDA4D2592","datapc64_pvp01_house_v3.forge",10977280,10977280,10683758,10
"BAC8F0450F3B8DABCEBEE80F983AF22CDA4D2592","datapc64_pvp01_house_v3_set01_bnk_gidata.forge",23560192,23560192,23543959,10
"BAC8F0450F3B8DABCEBEE80F983AF22CDA4D2592","videos/y0r6_training_m02.bik",49782484,49782484,49721578,10
"BAC8F0450F3B8DABCEBEE80F983AF22CDA4D2592","datapc64_merged_set01_bnk_000000023_soundbank_en-us.forge",24011,24011,12004,11
"BAC8F0450F3B8DABCEBEE80F983AF22CDA4D2592","datapc64_merged_set01_bnk_000000023_soundmedia_en-us.forge",2485967,2485967,2074747,11
"BAC8F0450F3B8DABCEBEE80F983AF22CDA4D2592","datapc64_merged_set01_bnk_000000024_soundbank_en-us.forge",163484,163484,126248,11
"BAC8F0450F3B8DABCEBEE80F983AF22CDA4D2592","datapc64_merged_set01_bnk_000000024_soundmedia_en-us.forge",32837681,32837681,27576118,11
"BAC8F0450F3B8DABCEBEE80F983AF22CDA4D2592","datapc64_merged_set01_bnk_000000025_soundbank_en-us.forge",179868,179868,138719,11
"BAC8F0450F3B8DABCEBEE80F983AF22CDA4D2592","datapc64_merged_set01_bnk_000000025_soundmedia_en-us.forge",3257570,3257570,2616174,11
"BAC8F0450F3B8DABCEBEE80F983AF22CDA4D2592","datapc64_merged_set01_bnk_000000026_soundbank_en-us.forge",65536,65536,40400,11
"BAC8F0450F3B8DABCEBEE80F983AF22CDA4D2592","datapc64_merged_set01_bnk_000000026_soundmedia_en-us.forge",983040,983040,805104,11
"BAC8F0450F3B8DABCEBEE80F983AF22CDA4D2592","datapc64_merged_set01_bnk_000000027_soundbank_en-us.forge",131072,131072,97314,11
"BAC8F0450F3B8DABCEBEE80F983AF22CDA4D2592","datapc64_merged_set01_bnk_000000027_soundmedia_en-us.forge",5472256,5472256,4500172,11
"BAC8F0450F3B8DABCEBEE80F983AF22CDA4D2592","datapc64_merged_set01_bnk_000000028_soundbank_en-us.forge",196608,196608,139417,11
"BAC8F0450F3B8DABCEBEE80F983AF22CDA4D2592","datapc64_merged_set01_bnk_000000028_soundmedia_en-us.forge",12910592,12910592,9512061,11
"BAC8F0450F3B8DABCEBEE80F983AF22CDA4D2592","datapc64_merged_set01_bnk_soundbank_en-us.forge",297411,297411,263237,11
"BAC8F0450F3B8DABCEBEE80F983AF22CDA4D2592","datapc64_merged_set01_bnk_soundmedia_en-us.forge",216483187,216483187,176650832,11
"BAC8F0450F3B8DABCEBEE80F983AF22CDA4D2592","datapc64_pvp05_plane.forge",6258688,6258688,5933680,20
"BAC8F0450F3B8DABCEBEE80F983AF22CDA4D2592","datapc64_pvp05_plane_set01_bnk_gidata.forge",87195648,87195648,87170941,20
"BAC8F0450F3B8DABCEBEE80F983AF22CDA4D2592","videos/y0r6_training_m04.bik",51948156,51948156,51868964,20
"BAC8F0450F3B8DABCEBEE80F983AF22CDA4D2592","videos/y0r6_training_m06.bik",65478204,65478204,65413114,21
"BAC8F0450F3B8DABCEBEE80F983AF22CDA4D2592","datapc64_ondemand_set02.forge",22315008,22315008,21542685,22
"BAC8F0450F3B8DABCEBEE80F983AF22CDA4D2592","datapc64_merged_set02_bnk_000000027_guitextures0.forge",3538944,3538944,3495260,22
"BAC8F0450F3B8DABCEBEE80F983AF22CDA4D2592","datapc64_merged_set02_bnk_000000027_guitextures1.forge",32768,32768,1522,22
"BAC8F0450F3B8DABCEBEE80F983AF22CDA4D2592","datapc64_merged_set02_bnk_000000027_mesh.forge",25919488,25919488,20387374,22
"BAC8F0450F3B8DABCEBEE80F983AF22CDA4D2592","datapc64_merged_set02_bnk_000000027_meshshape.forge",31817728,31817728,20555755,22
"BAC8F0450F3B8DABCEBEE80F983AF22CDA4D2592","datapc64_merged_set02_bnk_000000027_textures0.forge",23461888,23461888,23074973,22
"BAC8F0450F3B8DABCEBEE80F983AF22CDA4D2592","datapc64_merged_set02_bnk_000000027_textures1.forge",5275648,5275648,5006122,22
"BAC8F0450F3B8DABCEBEE80F983AF22CDA4D2592","datapc64_merged_set02_bnk_000000027_textures2.forge",5210112,5210112,5084044,22
"BAC8F0450F3B8DABCEBEE80F983AF22CDA4D2592","datapc64_merged_set02_bnk_000000027_textures3.forge",11960320,11960320,11632803,22
"BAC8F0450F3B8DABCEBEE80F983AF22CDA4D2592","datapc64_merged_set02_bnk_000000028_guitextures0.forge",32768,32768,5869,22
"BAC8F0450F3B8DABCEBEE80F983AF22CDA4D2592","datapc64_merged_set02_bnk_000000028_guitextures1.forge",32768,32768,8395,22
"BAC8F0450F3B8DABCEBEE80F983AF22CDA4D2592","datapc64_merged_set02_bnk_000000028_mesh.forge",1966080,1966080,1413269,22
"BAC8F0450F3B8DABCEBEE80F983AF22CDA4D2592","datapc64_merged_set02_bnk_000000028_meshshape.forge",15990784,15990784,8695358,22
"BAC8F0450F3B8DABCEBEE80F983AF22CDA4D2592","datapc64_merged_set02_bnk_000000028_textures0.forge",65536,65536,22528,22
"BAC8F0450F3B8DABCEBEE80F983AF22CDA4D2592","datapc64_merged_set02_bnk_000000028_textures1.forge",98304,98304,75828,22
"BAC8F0450F3B8DABCEBEE80F983AF22CDA4D2592","datapc64_merged_set02_bnk_000000028_textures2.forge",98304,98304,58015,22
"BAC8F0450F3B8DABCEBEE80F983AF22CDA4D2592","datapc64_merged_set02_bnk_000000028_textures3.forge",229376,229376,183098,22
"BAC8F0450F3B8DABCEBEE80F983AF22CDA4D2592","datapc64_merged_set02_bnk_guitextures0.forge",9797632,9797632,9701561,22
"BAC8F0450F3B8DABCEBEE80F983AF22CDA4D2592","datapc64_merged_set02_bnk_guitextures1.forge",65536,65536,11619,22
"BAC8F0450F3B8DABCEBEE80F983AF22CDA4D2592","datapc64_merged_set02_bnk_mesh.forge",187236352,187236352,143816871,22
"BAC8F0450F3B8DABCEBEE80F983AF22CDA4D2592","datapc64_merged_set02_bnk_meshshape.forge",126976000,126976000,101799666,22
"BAC8F0450F3B8DABCEBEE80F983AF22CDA4D2592","datapc64_merged_set02_bnk_textures0.forge",297041920,297041920,287224353,22
"BAC8F0450F3B8DABCEBEE80F983AF22CDA4D2592","datapc64_merged_set02_bnk_textures1.forge",218824704,218824704,212779680,22
"BAC8F0450F3B8DABCEBEE80F983AF22CDA4D2592","datapc64_merged_set02_bnk_textures2.forge",175865856,175865856,172106055,22
"BAC8F0450F3B8DABCEBEE80F983AF22CDA4D2592","datapc64_merged_set02_bnk_textures3.forge",488341504,488341504,485926960,22
"BAC8F0450F3B8DABCEBEE80F983AF22CDA4D2592","datapc64_merged_set02_bnk_000000023_soundmedia.forge",17668841,17668841,12951826,22
"BAC8F0450F3B8DABCEBEE80F983AF22CDA4D2592","datapc64_merged_set02_bnk_000000024_soundmedia.forge",19209902,19209902,11728201,22
"BAC8F0450F3B8DABCEBEE80F983AF22CDA4D2592","datapc64_merged_set02_bnk_000000027_soundmedia.forge",34078720,34078720,30247580,22
"BAC8F0450F3B8DABCEBEE80F983AF22CDA4D2592","datapc64_merged_set02_bnk_000000028_soundmedia.forge",12517376,12517376,8970993,22
"BAC8F0450F3B8DABCEBEE80F983AF22CDA4D2592","datapc64_merged_set02_bnk_soundmedia.forge",523280597,523280597,443632515,22
"BAC8F0450F3B8DABCEBEE80F983AF22CDA4D2592","datapc64_merged_set02_bnk_000000023_soundbank.forge",63680,63680,19019,22
"BAC8F0450F3B8DABCEBEE80F983AF22CDA4D2592","datapc64_merged_set02_bnk_000000024_soundbank.forge",218922,218922,109767,22
"BAC8F0450F3B8DABCEBEE80F983AF22CDA4D2592","datapc64_merged_set02_bnk_000000025_soundbank.forge",190250,190250,97993,22
"BAC8F0450F3B8DABCEBEE80F983AF22CDA4D2592","datapc64_merged_set02_bnk_000000026_soundbank.forge",32768,32768,5123,22
"BAC8F0450F3B8DABCEBEE80F983AF22CDA4D2592","datapc64_merged_set02_bnk_000000027_soundbank.forge",98304,98304,22530,22
"BAC8F0450F3B8DABCEBEE80F983AF22CDA4D2592","datapc64_merged_set02_bnk_000000028_soundbank.forge",98304,98304,60817,22
"BAC8F0450F3B8DABCEBEE80F983AF22CDA4D2592","datapc64_merged_set02_bnk_soundbank.forge",214372,214372,110504,22
"BAC8F0450F3B8DABCEBEE80F983AF22CDA4D2592","datapc64_pvp04_clubhouse.forge",10616832,10616832,10257497,22
"BAC8F0450F3B8DABCEBEE80F983AF22CDA4D2592","datapc64_pvp04_clubhouse_set02_bnk_gidata.forge",88801280,88801280,88771637,22
"BAC8F0450F3B8DABCEBEE80F983AF22CDA4D2592","videos/y0r6_training_m09.bik",39453012,39453012,39392270,22
"BAC8F0450F3B8DABCEBEE80F983AF22CDA4D2592","datapc64_merged_set02_bnk_000000023_soundbank_en-us.forge",54045,54045,37339,23
"BAC8F0450F3B8DABCEBEE80F983AF22CDA4D2592","datapc64_merged_set02_bnk_000000023_soundmedia_en-us.forge",22088737,22088737,18774876,23
"BAC8F0450F3B8DABCEBEE80F983AF22CDA4D2592","datapc64_merged_set02_bnk_000000024_soundbank_en-us.forge",40899,40899,22417,23
"BAC8F0450F3B8DABCEBEE80F983AF22CDA4D2592","datapc64_merged_set02_bnk_000000024_soundmedia_en-us.forge",58480190,58480190,49096364,23
"BAC8F0450F3B8DABCEBEE80F983AF22CDA4D2592","datapc64_merged_set02_bnk_000000025_soundbank_en-us.forge",22222,22222,10211,23
"BAC8F0450F3B8DABCEBEE80F983AF22CDA4D2592","datapc64_merged_set02_bnk_000000026_soundbank_en-us.forge",32768,32768,9190,23
"BAC8F0450F3B8DABCEBEE80F983AF22CDA4D2592","datapc64_merged_set02_bnk_000000027_soundbank_en-us.forge",32768,32768,17021,23
"BAC8F0450F3B8DABCEBEE80F983AF22CDA4D2592","datapc64_merged_set02_bnk_000000027_soundmedia_en-us.forge",9338880,9338880,8635332,23
"BAC8F0450F3B8DABCEBEE80F983AF22CDA4D2592","datapc64_merged_set02_bnk_000000028_soundbank_en-us.forge",32768,32768,10868,23
"BAC8F0450F3B8DABCEBEE80F983AF22CDA4D2592","datapc64_merged_set02_bnk_000000028_soundmedia_en-us.forge",720896,720896,518381,23
"BAC8F0450F3B8DABCEBEE80F983AF22CDA4D2592","datapc64_merged_set02_bnk_soundbank_en-us.forge",66423,66423,49938,23
"BAC8F0450F3B8DABCEBEE80F983AF22CDA4D2592","datapc64_merged_set02_bnk_soundmedia_en-us.forge",149956757,149956757,125245524,23
"BAC8F0450F3B8DABCEBEE80F983AF22CDA4D2592","datapc64_pvp12_russiancafe.forge",9732096,9732096,9439922,32
"BAC8F0450F3B8DABCEBEE80F983AF22CDA4D2592","datapc64_pvp12_russiancafe_set02_bnk_gidata.forge",48267264,48267264,48223552,32
"BAC8F0450F3B8DABCEBEE80F983AF22CDA4D2592","videos/y0r6_training_m08.bik",46326668,46326668,46175345,32
"BAC8F0450F3B8DABCEBEE80F983AF22CDA4D2592","datapc64_pvp09_kanal.forge",10158080,10158080,9937417,33
"BAC8F0450F3B8DABCEBEE80F983AF22CDA4D2592","datapc64_pvp09_kanal_set02_bnk_gidata.forge",48136192,48136192,48108842,33
"BAC8F0450F3B8DABCEBEE80F983AF22CDA4D2592","videos/y0r6_training_m05.bik",46404040,46404040,46310817,33
"BAC8F0450F3B8DABCEBEE80F983AF22CDA4D2592","datapc64_pvp07_consulate.forge",11304960,11304960,10990407,34
"BAC8F0450F3B8DABCEBEE80F983AF22CDA4D2592","datapc64_pvp07_consulate_set01_bnk_gidata.forge",102957056,102957056,102923383,34
"BAC8F0450F3B8DABCEBEE80F983AF22CDA4D2592","videos/y0r6_training_m03.bik",49962412,49962412,49861438,34
"BAC8F0450F3B8DABCEBEE80F983AF22CDA4D2592","datapc64_pvp02_oregon_v2.forge",10223616,10223616,9933813,35
"BAC8F0450F3B8DABCEBEE80F983AF22CDA4D2592","datapc64_pvp02_oregon_v2_set02_bnk_gidata.forge",39714816,39714816,39693751,35
"BAC8F0450F3B8DABCEBEE80F983AF22CDA4D2592","videos/y0r6_training_m07.bik",52584360,52584360,52541676,35
"BAC8F0450F3B8DABCEBEE80F983AF22CDA4D2592","datapc64_pvp10_chalet_v2.forge",12025856,12025856,11738121,36
"BAC8F0450F3B8DABCEBEE80F983AF22CDA4D2592","datapc64_pvp10_chalet_v2_set02_bnk_gidata.forge",55279616,55279616,55224221,36
"BAC8F0450F3B8DABCEBEE80F983AF22CDA4D2592","videos/y0r6_training_m10.bik",46166576,46166576,46109086,36
"BAC8F0450F3B8DABCEBEE80F983AF22CDA4D2592","videos/y0r6_background_portailv07.bik",12001032,12001032,12001357,37
"BAC8F0450F3B8DABCEBEE80F983AF22CDA4D2592","videos/y0r6_opsunlockedvideo_gign_doc.bik",7153212,7153212,7111048,37
"BAC8F0450F3B8DABCEBEE80F983AF22CDA4D2592","videos/y0r6_opsunlockedvideo_gign_montage.bik",7205304,7205304,7162807,37
"BAC8F0450F3B8DABCEBEE80F983AF22CDA4D2592","videos/y0r6_opsunlockedvideo_gign_rook.bik",7166048,7166048,7112876,37
"BAC8F0450F3B8DABCEBEE80F983AF22CDA4D2592","videos/y0r6_opsunlockedvideo_gign_twich.bik",7198064,7198064,7146693,37
"BAC8F0450F3B8DABCEBEE80F983AF22CDA4D2592","videos/y0r6_opsunlockedvideo_gsg9_bandit.bik",7209324,7209324,7149669,37
"BAC8F0450F3B8DABCEBEE80F983AF22CDA4D2592","videos/y0r6_opsunlockedvideo_gsg9_blitz.bik",7182436,7182436,7143320,37
"BAC8F0450F3B8DABCEBEE80F983AF22CDA4D2592","videos/y0r6_opsunlockedvideo_gsg9_iq.bik",7194748,7194748,7149517,37
"BAC8F0450F3B8DABCEBEE80F983AF22CDA4D2592","videos/y0r6_opsunlockedvideo_gsg9_jager.bik",7170784,7170784,7146562,37
"BAC8F0450F3B8DABCEBEE80F983AF22CDA4D2592","videos/y0r6_opsunlockedvideo_sas_mute.bik",7195828,7195828,7120381,37
"BAC8F0450F3B8DABCEBEE80F983AF22CDA4D2592","videos/y0r6_opsunlockedvideo_sas_sledge.bik",7184408,7184408,7130386,37
"BAC8F0450F3B8DABCEBEE80F983AF22CDA4D2592","videos/y0r6_opsunlockedvideo_sas_smoke.bik",7208900,7208900,7121001,37
"BAC8F0450F3B8DABCEBEE80F983AF22CDA4D2592","videos/y0r6_opsunlockedvideo_sas_thatcher.bik",7166740,7166740,7132043,37
"BAC8F0450F3B8DABCEBEE80F983AF22CDA4D2592","videos/y0r6_opsunlockedvideo_spetsnaz_fuze.bik",7195816,7195816,7179345,37
"BAC8F0450F3B8DABCEBEE80F983AF22CDA4D2592","videos/y0r6_opsunlockedvideo_spetsnaz_glaz.bik",7196964,7196964,7139638,37
"BAC8F0450F3B8DABCEBEE80F983AF22CDA4D2592","videos/y0r6_opsunlockedvideo_spetsnaz_kaplan.bik",7121408,7121408,7094922,37
"BAC8F0450F3B8DABCEBEE80F983AF22CDA4D2592","videos/y0r6_opsunlockedvideo_spetznaz_tatchanka.bik",7229544,7229544,7147724,37
"BAC8F0450F3B8DABCEBEE80F983AF22CDA4D2592","videos/y0r6_opsunlockedvideo_swat_ash.bik",7162384,7162384,7107937,37
"BAC8F0450F3B8DABCEBEE80F983AF22CDA4D2592","videos/y0r6_opsunlockedvideo_swat_castle.bik",7183756,7183756,7146490,37
"BAC8F0450F3B8DABCEBEE80F983AF22CDA4D2592","videos/y0r6_opsunlockedvideo_swat_pulse.bik",7154568,7154568,7094912,37
"BAC8F0450F3B8DABCEBEE80F983AF22CDA4D2592","videos/y0r6_opsunlockedvideo_swat_thermite.bik",7178832,7178832,7124913,37
"BAC8F0450F3B8DABCEBEE80F983AF22CDA4D2592","videos/y0r6_opsunlockvideo_gign_doc.bik",34596268,34596268,34496821,37
"BAC8F0450F3B8DABCEBEE80F983AF22CDA4D2592","videos/y0r6_opsunlockvideo_gign_montage.bik",39045032,39045032,39005401,37
"BAC8F0450F3B8DABCEBEE80F983AF22CDA4D2592","videos/y0r6_opsunlockvideo_gign_rook.bik",31594108,31594108,31538794,37
"BAC8F0450F3B8DABCEBEE80F983AF22CDA4D2592","videos/y0r6_opsunlockvideo_gign_twitch.bik",41182076,41182076,41028381,37
"BAC8F0450F3B8DABCEBEE80F983AF22CDA4D2592","videos/y0r6_opsunlockvideo_gsg9_bandit.bik",31702612,31702612,31583827,37
"BAC8F0450F3B8DABCEBEE80F983AF22CDA4D2592","videos/y0r6_opsunlockvideo_gsg9_blitz.bik",25403632,25403632,25345912,37
"BAC8F0450F3B8DABCEBEE80F983AF22CDA4D2592","videos/y0r6_opsunlockvideo_gsg9_iq.bik",42006304,42006304,41943115,37
"BAC8F0450F3B8DABCEBEE80F983AF22CDA4D2592","videos/y0r6_opsunlockvideo_gsg9_jager.bik",40205336,40205336,40174576,37
"BAC8F0450F3B8DABCEBEE80F983AF22CDA4D2592","videos/y0r6_opsunlockvideo_sas_mute.bik",32175924,32175924,32138691,37
"BAC8F0450F3B8DABCEBEE80F983AF22CDA4D2592","videos/y0r6_opsunlockvideo_sas_sledge.bik",27547932,27547932,27503415,37
"BAC8F0450F3B8DABCEBEE80F983AF22CDA4D2592","videos/y0r6_opsunlockvideo_sas_smoke.bik",40562008,40562008,40472618,37
"BAC8F0450F3B8DABCEBEE80F983AF22CDA4D2592","videos/y0r6_opsunlockvideo_sas_tatcher.bik",25415320,25415320,25257413,37
"BAC8F0450F3B8DABCEBEE80F983AF22CDA4D2592","videos/y0r6_opsunlockvideo_spetsnaz_fuze.bik",42498888,42498888,42485130,37
"BAC8F0450F3B8DABCEBEE80F983AF22CDA4D2592","videos/y0r6_opsunlockvideo_spetsnaz_glaz.bik",36482816,36482816,36427381,37
"BAC8F0450F3B8DABCEBEE80F983AF22CDA4D2592","videos/y0r6_opsunlockvideo_spetsnaz_kaplan.bik",36512704,36512704,36476567,37
"BAC8F0450F3B8DABCEBEE80F983AF22CDA4D2592","videos/y0r6_opsunlockvideo_spetsnaz_tatchanka.bik",33065244,33065244,32986662,37
"BAC8F0450F3B8DABCEBEE80F983AF22CDA4D2592","videos/y0r6_opsunlockvideo_swat_ash.bik",27266136,27266136,27243786,37
"BAC8F0450F3B8DABCEBEE80F983AF22CDA4D2592","videos/y0r6_opsunlockvideo_swat_castle.bik",28210128,28210128,28170889,37
"BAC8F0450F3B8DABCEBEE80F983AF22CDA4D2592","videos/y0r6_opsunlockvideo_swat_pulse.bik",34132548,34132548,34124957,37
"BAC8F0450F3B8DABCEBEE80F983AF22CDA4D2592","videos/y0r6_opsunlockvideo_swat_thermite.bik",29425384,29425384,29357619,37
"BAC8F0450F3B8DABCEBEE80F983AF22CDA4D2592","videos/y0r6_training_m21_introduction.bik",121766992,121766992,121157580,37
"BAC8F0450F3B8DABCEBEE80F983AF22CDA4D2592","videos/y0r6_training_m21_introduction_blackscreen.bik",219392,219392,77204,37
"BAC8F0450F3B8DABCEBEE80F983AF22CDA4D2592","videos/y0r6_training_m21_outroduction.bik",127463364,127463364,127315714,37
"BAC8F0450F3B8DABCEBEE80F983AF22CDA4D2592","videos/y1s1_opsunlockvideo_jtf2_buck.bik",7214688,7214688,7172806,37
"BAC8F0450F3B8DABCEBEE80F983AF22CDA4D2592","videos/y1s1_opsunlockvideo_jtf2_frost.bik",7177152,7177152,7147516,37
"BAC8F0450F3B8DABCEBEE80F983AF22CDA4D2592","videos/y1s2_opsunlockvideo_seal_blackbeard.bik",7214876,7214876,7156221,37
"BAC8F0450F3B8DABCEBEE80F983AF22CDA4D2592","videos/y1s2_opsunlockvideo_seal_valkyrie.bik",7201696,7201696,7177830,37
"BAC8F0450F3B8DABCEBEE80F983AF22CDA4D2592","videos/y1s3_opsunlockvideo_bope_capitao.bik",7198992,7198992,7169133,37
"BAC8F0450F3B8DABCEBEE80F983AF22CDA4D2592","videos/y1s3_opsunlockvideo_bope_cavaiera.bik",7168344,7168344,7130351,37
"BAC8F0450F3B8DABCEBEE80F983AF22CDA4D2592","videos/y1s4_opsunlockvideo_sat_echo.bik",7190484,7190484,7144093,37
"BAC8F0450F3B8DABCEBEE80F983AF22CDA4D2592","videos/y1s4_opsunlockvideo_sat_hibana.bik",7198700,7198700,7190892,37
"BAC8F0450F3B8DABCEBEE80F983AF22CDA4D2592","videos/y2s1_bundle_year1.bik",7202536,7202536,7159068,37
"BAC8F0450F3B8DABCEBEE80F983AF22CDA4D2592","videos/y2s1_opsunlockvideo_geo_jackal.bik",7191728,7191728,7155417,37
"BAC8F0450F3B8DABCEBEE80F983AF22CDA4D2592","videos/y2s1_opsunlockvideo_geo_mira.bik",7197560,7197560,7165169,37
"BAC8F0450F3B8DABCEBEE80F983AF22CDA4D2592","videos/y2s2_opsunlockvideo_sdu_lesion.bik",7182440,7182440,7155181,37
"BAC8F0450F3B8DABCEBEE80F983AF22CDA4D2592","videos/y2s2_opsunlockvideo_sdu_ying.bik",7167884,7167884,7139799,37
"BAC8F0450F3B8DABCEBEE80F983AF22CDA4D2592","videos/y2s3_opsunlockvideo_grom_ela.bik",7181988,7181988,7147818,37
"BAC8F0450F3B8DABCEBEE80F983AF22CDA4D2592","videos/y2s3_opsunlockvideo_grom_zofia.bik",7112296,7112296,7099094,37
"BAC8F0450F3B8DABCEBEE80F983AF22CDA4D2592","videos/y2s4_opsunlockvideo_707smb_dokkaebi.bik",7202580,7202580,7148235,37
"BAC8F0450F3B8DABCEBEE80F983AF22CDA4D2592","videos/y2s4_opsunlockvideo_707smb_vigili.bik",7192136,7192136,7145518,37
"BAC8F0450F3B8DABCEBEE80F983AF22CDA4D2592","videos/y3s1_bundle_year2.bik",7200456,7200456,7166201,37
"BAC8F0450F3B8DABCEBEE80F983AF22CDA4D2592","videos/y3s1_opsunlockvideo_gign_lion.bik",7192800,7192800,7168566,37
"BAC8F0450F3B8DABCEBEE80F983AF22CDA4D2592","videos/y3s1_opsunlockvideo_spetsnaz_finka.bik",7197444,7197444,7157765,37
"BAC8F0450F3B8DABCEBEE80F983AF22CDA4D2592","videos/y3s2_opsunlockvideo_gis_alibi.bik",7205284,7205284,7202694,37
"BAC8F0450F3B8DABCEBEE80F983AF22CDA4D2592","videos/y3s2_opsunlockvideo_gis_maestro.bik",7130140,7130140,7115398,37
"BAC8F0450F3B8DABCEBEE80F983AF22CDA4D2592","videos/y3s3_opsunlockvideo_gsutr_clash.bik",7178280,7178280,7160083,37
"BAC8F0450F3B8DABCEBEE80F983AF22CDA4D2592","videos/y3s3_opsunlockvideo_gsutr_maverick.bik",7200448,7200448,7182720,37
"BAC8F0450F3B8DABCEBEE80F983AF22CDA4D2592","videos/y3s4_bundle_year3.bik",7039984,7039984,7003578,37
"BAC8F0450F3B8DABCEBEE80F983AF22CDA4D2592","videos/y3s4_opsunlockvideo_gigr_kaid.bik",7139176,7139176,7113197,37
"BAC8F0450F3B8DABCEBEE80F983AF22CDA4D2592","videos/y3s4_opsunlockvideo_gigr_nomad.bik",7168580,7168580,7151824,37
"BAC8F0450F3B8DABCEBEE80F983AF22CDA4D2592","videos/y4s1_opsunlockvideo_sasr_gridlock.bik",7184468,7184468,7172349,37
"BAC8F0450F3B8DABCEBEE80F983AF22CDA4D2592","videos/y4s1_opsunlockvideo_sasr_mozzie.bik",7266240,7266240,7171405,37
"BAC8F0450F3B8DABCEBEE80F983AF22CDA4D2592","videos/y4s2_opsunlockvideo_jgk_nokk.bik",7163588,7163588,7130845,37
"BAC8F0450F3B8DABCEBEE80F983AF22CDA4D2592","videos/y4s2_opsunlockvideo_usss_warden.bik",7167064,7167064,7091880,37
"BAC8F0450F3B8DABCEBEE80F983AF22CDA4D2592","videos/y4s3_opsunlockvideo_apca_amaru.bik",7197128,7197128,7187468,37
"BAC8F0450F3B8DABCEBEE80F983AF22CDA4D2592","videos/y4s3_opsunlockvideo_fes_goyo.bik",7202836,7202836,7164426,37
"BAC8F0450F3B8DABCEBEE80F983AF22CDA4D2592","videos/y4s4_opsunlockvideo_psc_kali.bik",7156104,7156104,7119286,37
"BAC8F0450F3B8DABCEBEE80F983AF22CDA4D2592","videos/y4s4_opsunlockvideo_psc_wamai.bik",7163860,7163860,7123559,37
"BAC8F0450F3B8DABCEBEE80F983AF22CDA4D2592","videos/y5s1_opsunlock_bundle_dynamic.bik",12004684,12004684,11931218,37
"BAC8F0450F3B8DABCEBEE80F983AF22CDA4D2592","videos/y5s1_opsunlockvideo_reu_iana.bik",7120084,7120084,7112100,37
"BAC8F0450F3B8DABCEBEE80F983AF22CDA4D2592","videos/y5s1_opsunlockvideo_unaff_oryx.bik",7105856,7105856,7014769,37
"BAC8F0450F3B8DABCEBEE80F983AF22CDA4D2592","videos/y5s2_opsunlockvideo_itf_melusi.bik",7076508,7076508,7067692,37
"BAC8F0450F3B8DABCEBEE80F983AF22CDA4D2592","videos/y5s2_opsunlockvideo_nighthaven_ace.bik",7184364,7184364,7098663,37
"BAC8F0450F3B8DABCEBEE80F983AF22CDA4D2592","videos/y5s3_opsunlockvideo_ros_zero.bik",7148552,7148552,7145683,37
"BAC8F0450F3B8DABCEBEE80F983AF22CDA4D2592","videos/y5s4_opsunlockvideo_psc_aruni.bik",7164604,7164604,7143389,37
"BAC8F0450F3B8DABCEBEE80F983AF22CDA4D2592","videos/y6s1_opsunlockvideo_unaff_flores.bik",7159916,7159916,7028405,37
"BAC8F0450F3B8DABCEBEE80F983AF22CDA4D2592","videos/y6s2_opsunlockvideo_test.bik",7159916,7159916,7028405,37
"BAC8F0450F3B8DABCEBEE80F983AF22CDA4D2592","videos/y6s2_opsunlockvideo_unaff_thunderbird.bik",7118372,7118372,7111977,37
"BAC8F0450F3B8DABCEBEE80F983AF22CDA4D2592","videos/y6s2_qa.bik",69504384,69504384,69445547,37
"BAC8F0450F3B8DABCEBEE80F983AF22CDA4D2592","videos/y6s3_opsunlockvideo_nighthaven_osa.bik",7113552,7113552,7103809,37
"BAC8F0450F3B8DABCEBEE80F983AF22CDA4D2592","videos/y6s4_opsunlockvideo_garda_thorn.bik",7164192,7164192,7161226,37
"BAC8F0450F3B8DABCEBEE80F983AF22CDA4D2592","videos/y7s1_opsunlockvideo_unaff_azami.bik",7088620,7088620,7072921,37
"BAC8F0450F3B8DABCEBEE80F983AF22CDA4D2592","videos/y7s2_opsunlockvideo_sfg_panache.bik",7110264,7110264,7104873,37
"BAC8F0450F3B8DABCEBEE80F983AF22CDA4D2592","videos/y7s3_opsunlockvideo_nighthaven_grim.bik",7182896,7182896,7179676,37
"BAC8F0450F3B8DABCEBEE80F983AF22CDA4D2592","videos/y7s4_opsunlockvideo_afeau_solis.bik",7104632,7104632,7101789,37
"BAC8F0450F3B8DABCEBEE80F983AF22CDA4D2592","videos/y8s1_opsunlockvideo_cot_brava.bik",7076676,7076676,7072081,37
"BAC8F0450F3B8DABCEBEE80F983AF22CDA4D2592","videos/y8s1_rim2_intro.bik",127723172,127723172,127627051,37
"BAC8F0450F3B8DABCEBEE80F983AF22CDA4D2592","datapc64_pvp06_yacht.forge",10190848,10190848,9847878,37
"BAC8F0450F3B8DABCEBEE80F983AF22CDA4D2592","datapc64_pvp06_yacht_bnk_gidata.forge",88834048,88834048,88806303,37
"BAC8F0450F3B8DABCEBEE80F983AF22CDA4D2592","datapc64_pvp08_bank_v2.forge",10616832,10616832,10352342,37
"BAC8F0450F3B8DABCEBEE80F983AF22CDA4D2592","datapc64_pvp08_bank_v2_bnk_gidata.forge",95158272,95158272,95114371,37
"BAC8F0450F3B8DABCEBEE80F983AF22CDA4D2592","datapc64_pvp11_university.forge",10354688,10354688,10031272,37
"BAC8F0450F3B8DABCEBEE80F983AF22CDA4D2592","datapc64_pvp11_university_bnk_gidata.forge",140050432,140050432,140001082,37
"BAC8F0450F3B8DABCEBEE80F983AF22CDA4D2592","datapc64_pvp13_border_v2.forge",9273344,9273344,9017056,37
"BAC8F0450F3B8DABCEBEE80F983AF22CDA4D2592","datapc64_pvp13_border_v2_bnk_gidata.forge",51511296,51511296,51483435,37
"BAC8F0450F3B8DABCEBEE80F983AF22CDA4D2592","datapc64_pvp14_favela_v2.forge",10092544,10092544,9819581,37
"BAC8F0450F3B8DABCEBEE80F983AF22CDA4D2592","datapc64_pvp14_favela_v2_bnk_gidata.forge",42074112,42074112,42058135,37
"BAC8F0450F3B8DABCEBEE80F983AF22CDA4D2592","datapc64_pvp15_temple_v2.forge",8814592,8814592,8555458,37
"BAC8F0450F3B8DABCEBEE80F983AF22CDA4D2592","datapc64_pvp15_temple_v2_bnk_gidata.forge",52789248,52789248,52769603,37
"BAC8F0450F3B8DABCEBEE80F983AF22CDA4D2592","datapc64_pvp16_ibiza.forge",10289152,10289152,10015166,37
"BAC8F0450F3B8DABCEBEE80F983AF22CDA4D2592","datapc64_pvp16_ibiza_bnk_gidata.forge",115212288,115212288,115172357,37
"BAC8F0450F3B8DABCEBEE80F983AF22CDA4D2592","datapc64_pvp17_themepark_v2.forge",9830400,9830400,9544880,37
"BAC8F0450F3B8DABCEBEE80F983AF22CDA4D2592","datapc64_pvp17_themepark_v2_bnk_gidata.forge",50462720,50462720,50442222,37
"BAC8F0450F3B8DABCEBEE80F983AF22CDA4D2592","datapc64_pvp19_tower.forge",13271040,13271040,12958443,37
"BAC8F0450F3B8DABCEBEE80F983AF22CDA4D2592","datapc64_pvp19_tower_bnk_gidata.forge",88604672,88604672,88559536,37
"BAC8F0450F3B8DABCEBEE80F983AF22CDA4D2592","datapc64_pvp20_italy.forge",17006592,17006592,16714134,37
"BAC8F0450F3B8DABCEBEE80F983AF22CDA4D2592","datapc64_pvp20_italy_bnk_gidata.forge",45809664,45809664,45765029,37
"BAC8F0450F3B8DABCEBEE80F983AF22CDA4D2592","datapc64_pvp21_herefordrework.forge",9633792,9633792,9366359,37
"BAC8F0450F3B8DABCEBEE80F983AF22CDA4D2592","datapc64_pvp21_herefordrework_bnk_gidata.forge",50724864,50724864,50682940,37
"BAC8F0450F3B8DABCEBEE80F983AF22CDA4D2592","datapc64_pvp22_morocco.forge",11075584,11075584,10822296,37
"BAC8F0450F3B8DABCEBEE80F983AF22CDA4D2592","datapc64_pvp22_morocco_bnk_gidata.forge",59801600,59801600,59766393,37
"BAC8F0450F3B8DABCEBEE80F983AF22CDA4D2592","datapc64_pvp23_australia_v2.forge",10846208,10846208,10574395,37
"BAC8F0450F3B8DABCEBEE80F983AF22CDA4D2592","datapc64_pvp23_australia_v2_bnk_gidata.forge",52559872,52559872,52528206,37
"BAC8F0450F3B8DABCEBEE80F983AF22CDA4D2592","datapc64_pvp24_countryclub.forge",11665408,11665408,11321994,37
"BAC8F0450F3B8DABCEBEE80F983AF22CDA4D2592","datapc64_pvp24_countryclub_bnk_gidata.forge",57573376,57573376,57529384,37
"BAC8F0450F3B8DABCEBEE80F983AF22CDA4D2592","datapc64_pvp25_nighthaven.forge",9601024,9601024,9332666,37
"BAC8F0450F3B8DABCEBEE80F983AF22CDA4D2592","datapc64_pvp25_nighthaven_bnk_gidata.forge",58294272,58294272,58275886,37
"BAC8F0450F3B8DABCEBEE80F983AF22CDA4D2592","datapc64_pvp27_stadium2021.forge",7536640,7536640,7137612,37
"BAC8F0450F3B8DABCEBEE80F983AF22CDA4D2592","datapc64_pvp27_stadium2021_bnk_gidata.forge",51675136,51675136,51642170,37
"BAC8F0450F3B8DABCEBEE80F983AF22CDA4D2592","datapc64_onb00_shootingrange.forge",1409024,1409024,1327055,37
"BAC8F0450F3B8DABCEBEE80F983AF22CDA4D2592","datapc64_onb00_shootingrange_bnk_gidata.forge",34701312,34701312,34643122,37
"BAC8F0450F3B8DABCEBEE80F983AF22CDA4D2592","datapc64_tdm01_mtown.forge",4325376,4325376,3926127,37
"BAC8F0450F3B8DABCEBEE80F983AF22CDA4D2592","datapc64_tdm01_mtown_bnk_gidata.forge",9863168,9863168,9820045,37
"BAC8F0450F3B8DABCEBEE80F983AF22CDA4D2592","datapc64_tdm01_mtown_bnk_soundbank.forge",24604,24604,6675,37
"BAC8F0450F3B8DABCEBEE80F983AF22CDA4D2592","datapc64_tdm01_mtown_bnk_soundmedia.forge",23179292,23179292,20606382,37
"BAC8F0450F3B8DABCEBEE80F983AF22CDA4D2592","datapc64_ondemand.forge",449380352,449380352,403273436,37
"BAC8F0450F3B8DABCEBEE80F983AF22CDA4D2592","datapc64_merged_bnk_000000027_guitextures0.forge",2424832,2424832,2356286,37
"BAC8F0450F3B8DABCEBEE80F983AF22CDA4D2592","datapc64_merged_bnk_000000027_guitextures1.forge",2392064,2392064,2330788,37
"BAC8F0450F3B8DABCEBEE80F983AF22CDA4D2592","datapc64_merged_bnk_000000027_mesh.forge",74219520,74219520,63276954,37
"BAC8F0450F3B8DABCEBEE80F983AF22CDA4D2592","datapc64_merged_bnk_000000027_meshshape.forge",56262656,56262656,35613168,37
"BAC8F0450F3B8DABCEBEE80F983AF22CDA4D2592","datapc64_merged_bnk_000000027_textures0.forge",118095872,118095872,111989141,37
"BAC8F0450F3B8DABCEBEE80F983AF22CDA4D2592","datapc64_merged_bnk_000000027_textures1.forge",103350272,103350272,98699628,37
"BAC8F0450F3B8DABCEBEE80F983AF22CDA4D2592","datapc64_merged_bnk_000000027_textures2.forge",70320128,70320128,67889206,37
"BAC8F0450F3B8DABCEBEE80F983AF22CDA4D2592","datapc64_merged_bnk_000000027_textures3.forge",222101504,222101504,219886193,37
"BAC8F0450F3B8DABCEBEE80F983AF22CDA4D2592","datapc64_merged_bnk_000000028_guitextures0.forge",3637248,3637248,3438723,37
"BAC8F0450F3B8DABCEBEE80F983AF22CDA4D2592","datapc64_merged_bnk_000000028_guitextures1.forge",294912,294912,169483,37
"BAC8F0450F3B8DABCEBEE80F983AF22CDA4D2592","datapc64_merged_bnk_000000028_mesh.forge",26411008,26411008,23160644,37
"BAC8F0450F3B8DABCEBEE80F983AF22CDA4D2592","datapc64_merged_bnk_000000028_meshshape.forge",38076416,38076416,21356349,37
"BAC8F0450F3B8DABCEBEE80F983AF22CDA4D2592","datapc64_merged_bnk_000000028_textures0.forge",40042496,40042496,34744048,37
"BAC8F0450F3B8DABCEBEE80F983AF22CDA4D2592","datapc64_merged_bnk_000000028_textures1.forge",71991296,71991296,67823859,37
"BAC8F0450F3B8DABCEBEE80F983AF22CDA4D2592","datapc64_merged_bnk_000000028_textures2.forge",47546368,47546368,45480624,37
"BAC8F0450F3B8DABCEBEE80F983AF22CDA4D2592","datapc64_merged_bnk_000000028_textures3.forge",156467200,156467200,154167242,37
"BAC8F0450F3B8DABCEBEE80F983AF22CDA4D2592","datapc64_merged_bnk_052066184_guitextures0.forge",32768,32768,5527,37
"BAC8F0450F3B8DABCEBEE80F983AF22CDA4D2592","datapc64_merged_bnk_052066184_guitextures1.forge",32768,32768,6708,37
"BAC8F0450F3B8DABCEBEE80F983AF22CDA4D2592","datapc64_merged_bnk_052066184_mesh.forge",294912,294912,270111,37
"BAC8F0450F3B8DABCEBEE80F983AF22CDA4D2592","datapc64_merged_bnk_052066184_textures0.forge",32768,32768,846,37
"BAC8F0450F3B8DABCEBEE80F983AF22CDA4D2592","datapc64_merged_bnk_052066184_textures1.forge",32768,32768,784,37
"BAC8F0450F3B8DABCEBEE80F983AF22CDA4D2592","datapc64_merged_bnk_052066184_textures3.forge",32768,32768,1103,37
"BAC8F0450F3B8DABCEBEE80F983AF22CDA4D2592","datapc64_merged_bnk_guitextures0.forge",37781504,37781504,37258155,37
"BAC8F0450F3B8DABCEBEE80F983AF22CDA4D2592","datapc64_merged_bnk_guitextures1.forge",7798784,7798784,7551924,37
"BAC8F0450F3B8DABCEBEE80F983AF22CDA4D2592","datapc64_merged_bnk_mesh.forge",1161854976,1161854976,1013571447,37
"BAC8F0450F3B8DABCEBEE80F983AF22CDA4D2592","datapc64_merged_bnk_meshshape.forge",432406528,432406528,352151460,37
"BAC8F0450F3B8DABCEBEE80F983AF22CDA4D2592","datapc64_merged_bnk_textures0.forge",2050686976,2050686976,1906677281,37
"BAC8F0450F3B8DABCEBEE80F983AF22CDA4D2592","datapc64_merged_bnk_textures1.forge",2822176768,2822176768,2710811948,37
"BAC8F0450F3B8DABCEBEE80F983AF22CDA4D2592","datapc64_merged_bnk_textures2.forge",1835696128,1835696128,1774551775,37
"BAC8F0450F3B8DABCEBEE80F983AF22CDA4D2592","datapc64_merged_bnk_textures3.forge",4958027776,663060480,615364015,37
"BAC8F0450F3B8DABCEBEE80F983AF22CDA4D2592","datapc64_mtx_bnk_000000027_mesh.forge",3473408,3473408,3325764,37
"BAC8F0450F3B8DABCEBEE80F983AF22CDA4D2592","datapc64_mtx_bnk_000000027_textures0.forge",153092096,153092096,147186352,37
"BAC8F0450F3B8DABCEBEE80F983AF22CDA4D2592","datapc64_mtx_bnk_000000027_textures1.forge",415399936,415399936,410370519,37
"BAC8F0450F3B8DABCEBEE80F983AF22CDA4D2592","datapc64_mtx_bnk_000000027_textures2.forge",229638144,229638144,226316555,37
"BAC8F0450F3B8DABCEBEE80F983AF22CDA4D2592","datapc64_mtx_bnk_000000027_textures3.forge",7995392,7995392,7794872,37
"BAC8F0450F3B8DABCEBEE80F983AF22CDA4D2592","datapc64_mtx_bnk_000000028_mesh.forge",2785280,2785280,2632893,37
"BAC8F0450F3B8DABCEBEE80F983AF22CDA4D2592","datapc64_mtx_bnk_000000028_textures0.forge",103612416,103612416,100577143,37
"BAC8F0450F3B8DABCEBEE80F983AF22CDA4D2592","datapc64_mtx_bnk_000000028_textures1.forge",288227328,288227328,285536546,37
"BAC8F0450F3B8DABCEBEE80F983AF22CDA4D2592","datapc64_mtx_bnk_000000028_textures2.forge",134086656,134086656,132348423,37
"BAC8F0450F3B8DABCEBEE80F983AF22CDA4D2592","datapc64_mtx_bnk_000000028_textures3.forge",5767168,5767168,5588215,37
"BAC8F0450F3B8DABCEBEE80F983AF22CDA4D2592","datapc64_mtx_bnk_mesh.forge",11436032,11436032,11023551,37
"BAC8F0450F3B8DABCEBEE80F983AF22CDA4D2592","datapc64_mtx_bnk_textures0.forge",3023536128,3023536128,2923380338,37
"BAC8F0450F3B8DABCEBEE80F983AF22CDA4D2592","datapc64_mtx_bnk_textures1.forge",8490942464,4195975168,4108011945,37
"BAC8F0450F3B8DABCEBEE80F983AF22CDA4D2592","datapc64_mtx_bnk_textures2.forge",5205393408,910426112,854904397,37
"BAC8F0450F3B8DABCEBEE80F983AF22CDA4D2592","datapc64_mtx_bnk_textures3.forge",576094208,576094208,574830855,37
"BAC8F0450F3B8DABCEBEE80F983AF22CDA4D2592","datapc64_merged_bnk_000000023_soundmedia.forge",24282978,24282978,20167987,37
"BAC8F0450F3B8DABCEBEE80F983AF22CDA4D2592","datapc64_merged_bnk_000000024_soundmedia.forge",274381295,274381295,232164748,37
"BAC8F0450F3B8DABCEBEE80F983AF22CDA4D2592","datapc64_merged_bnk_000000025_soundmedia.forge",164654355,164654355,135977497,37
"BAC8F0450F3B8DABCEBEE80F983AF22CDA4D2592","datapc64_merged_bnk_000000026_soundmedia.forge",199589888,199589888,173488812,37
"BAC8F0450F3B8DABCEBEE80F983AF22CDA4D2592","datapc64_merged_bnk_000000027_soundmedia.forge",136052736,136052736,115032856,37
"BAC8F0450F3B8DABCEBEE80F983AF22CDA4D2592","datapc64_merged_bnk_000000028_soundmedia.forge",156860416,156860416,117116818,37
"BAC8F0450F3B8DABCEBEE80F983AF22CDA4D2592","datapc64_merged_bnk_soundmedia.forge",1999679621,1999679621,1661356481,37
"BAC8F0450F3B8DABCEBEE80F983AF22CDA4D2592","datapc64_merged_bnk_000000023_soundbank.forge",188146,188146,103581,37
"BAC8F0450F3B8DABCEBEE80F983AF22CDA4D2592","datapc64_merged_bnk_000000024_soundbank.forge",1622618,1622618,913888,37
"BAC8F0450F3B8DABCEBEE80F983AF22CDA4D2592","datapc64_merged_bnk_000000025_soundbank.forge",1710644,1710644,968290,37
"BAC8F0450F3B8DABCEBEE80F983AF22CDA4D2592","datapc64_merged_bnk_000000026_soundbank.forge",688128,688128,364606,37
"BAC8F0450F3B8DABCEBEE80F983AF22CDA4D2592","datapc64_merged_bnk_000000027_soundbank.forge",622592,622592,349457,37
"BAC8F0450F3B8DABCEBEE80F983AF22CDA4D2592","datapc64_merged_bnk_000000028_soundbank.forge",1081344,1081344,722733,37
"BAC8F0450F3B8DABCEBEE80F983AF22CDA4D2592","datapc64_merged_bnk_052066184_soundbank.forge",32768,32768,7691,37
"BAC8F0450F3B8DABCEBEE80F983AF22CDA4D2592","datapc64_merged_bnk_soundbank.forge",1597631,1597631,924048,37
"BAC8F0450F3B8DABCEBEE80F983AF22CDA4D2592","datapc64_mtx_bnk_000000023_soundmedia.forge",53193859,53193859,37205754,37
"BAC8F0450F3B8DABCEBEE80F983AF22CDA4D2592","datapc64_mtx_bnk_000000024_soundmedia.forge",4483153,4483153,3266148,37
"BAC8F0450F3B8DABCEBEE80F983AF22CDA4D2592","datapc64_mtx_bnk_soundmedia.forge",8888348,8888348,6127742,37
"BAC8F0450F3B8DABCEBEE80F983AF22CDA4D2592","datapc64_mtx_bnk_000000023_soundbank.forge",106534,106534,48007,37
"BAC8F0450F3B8DABCEBEE80F983AF22CDA4D2592","datapc64_mtx_bnk_000000024_soundbank.forge",126998,126998,54447,37
"BAC8F0450F3B8DABCEBEE80F983AF22CDA4D2592","datapc64_mtx_bnk_soundbank.forge",24604,24604,7090,37
"BAC8F0450F3B8DABCEBEE80F983AF22CDA4D2592","datapc64_merged_bnk_000000023_soundbank_en-us.forge",125420,125420,106259,38
"BAC8F0450F3B8DABCEBEE80F983AF22CDA4D2592","datapc64_merged_bnk_000000023_soundmedia_en-us.forge",40702318,40702318,34040780,38
"BAC8F0450F3B8DABCEBEE80F983AF22CDA4D2592","datapc64_merged_bnk_000000024_soundbank_en-us.forge",1006035,1006035,825281,38
"BAC8F0450F3B8DABCEBEE80F983AF22CDA4D2592","datapc64_merged_bnk_000000024_soundmedia_en-us.forge",79197684,79197684,66314853,38
"BAC8F0450F3B8DABCEBEE80F983AF22CDA4D2592","datapc64_merged_bnk_000000025_soundbank_en-us.forge",940513,940513,735351,38
"BAC8F0450F3B8DABCEBEE80F983AF22CDA4D2592","datapc64_merged_bnk_000000025_soundmedia_en-us.forge",57363737,57363737,48656404,38
"BAC8F0450F3B8DABCEBEE80F983AF22CDA4D2592","datapc64_merged_bnk_000000026_soundbank_en-us.forge",262144,262144,187188,38
"BAC8F0450F3B8DABCEBEE80F983AF22CDA4D2592","datapc64_merged_bnk_000000026_soundmedia_en-us.forge",23756800,23756800,20528606,38
"BAC8F0450F3B8DABCEBEE80F983AF22CDA4D2592","datapc64_merged_bnk_000000027_soundbank_en-us.forge",655360,655360,519883,38
"BAC8F0450F3B8DABCEBEE80F983AF22CDA4D2592","datapc64_merged_bnk_000000027_soundmedia_en-us.forge",49479680,49479680,40385785,38
"BAC8F0450F3B8DABCEBEE80F983AF22CDA4D2592","datapc64_merged_bnk_000000028_soundbank_en-us.forge",1114112,1114112,894182,38
"BAC8F0450F3B8DABCEBEE80F983AF22CDA4D2592","datapc64_merged_bnk_000000028_soundmedia_en-us.forge",138838016,138838016,110010525,38
"BAC8F0450F3B8DABCEBEE80F983AF22CDA4D2592","datapc64_merged_bnk_soundbank_en-us.forge",1375752,1375752,1218811,38
"BAC8F0450F3B8DABCEBEE80F983AF22CDA4D2592","datapc64_merged_bnk_soundmedia_en-us.forge",738475943,738475943,606543000,38
