"895","B9C068ECF7F44B8B3A249A08CFCCDFA9046133B2","0000-00-00",304,12523588179,3933653587,3933653587,1
"B9C068ECF7F44B8B3A249A08CFCCDFA9046133B2","GameuxInstallHelper.dll",92176,92176,92176,0
"B9C068ECF7F44B8B3A249A08CFCCDFA9046133B2","gdf.dll",16266968,16266968,16266968,0
"B9C068ECF7F44B8B3A249A08CFCCDFA9046133B2","GDFInstall.exe",92888,92888,92888,0
"B9C068ECF7F44B8B3A249A08CFCCDFA9046133B2","GEFirewall.exe",582360,582360,582360,0
"B9C068ECF7F44B8B3A249A08CFCCDFA9046133B2","GEFirewall_rem.exe",582360,582360,582360,0
"B9C068ECF7F44B8B3A249A08CFCCDFA9046133B2","ACC.exe",67873496,67873496,67873496,0
"B9C068ECF7F44B8B3A249A08CFCCDFA9046133B2","ACRogue.ico",562718,562718,562718,0
"B9C068ECF7F44B8B3A249A08CFCCDFA9046133B2","ACdefault.menu",16759,16759,16759,0
"B9C068ECF7F44B8B3A249A08CFCCDFA9046133B2","binkw64.dll",308736,308736,308736,0
"B9C068ECF7F44B8B3A249A08CFCCDFA9046133B2","DataPC.forge",139001856,139001856,139001856,0
"B9C068ECF7F44B8B3A249A08CFCCDFA9046133B2","DataPC_Abstergo.forge",649003008,649003008,649003008,0
"B9C068ECF7F44B8B3A249A08CFCCDFA9046133B2","DataPC_extra.forge",427753472,427753472,427753472,0
"B9C068ECF7F44B8B3A249A08CFCCDFA9046133B2","DataPC_extra_chr.forge",1671528448,1671528448,1671528448,0
"B9C068ECF7F44B8B3A249A08CFCCDFA9046133B2","DataPC_FleetBattle.forge",323223552,323223552,323223552,0
"B9C068ECF7F44B8B3A249A08CFCCDFA9046133B2","DataPC_Homestead.forge",374538240,374538240,374538240,0
"B9C068ECF7F44B8B3A249A08CFCCDFA9046133B2","DataPC_ULCIsland001.forge",511606784,511606784,511606784,0
"B9C068ECF7F44B8B3A249A08CFCCDFA9046133B2","DataPC_NorthAtlantic.forge",935198720,935198720,935198720,0
"B9C068ECF7F44B8B3A249A08CFCCDFA9046133B2","DataPC_RiverValley.forge",1390247936,1390247936,1390247936,0
"B9C068ECF7F44B8B3A249A08CFCCDFA9046133B2","DataPC_TitleScreen.forge",4194304,4194304,4194304,0
"B9C068ECF7F44B8B3A249A08CFCCDFA9046133B2","DataPC_Versailles.forge",465174528,465174528,465174528,0
"B9C068ECF7F44B8B3A249A08CFCCDFA9046133B2","DataPC_WhiteRoom.forge",108789760,108789760,108789760,0
"B9C068ECF7F44B8B3A249A08CFCCDFA9046133B2","DataPC_IceTemple.forge",365985792,365985792,365985792,0
"B9C068ECF7F44B8B3A249A08CFCCDFA9046133B2","DataPC_Lisbon.forge",506003456,506003456,506003456,0
"B9C068ECF7F44B8B3A249A08CFCCDFA9046133B2","DataPC_NewYork.forge",777682944,777682944,777682944,0
"B9C068ECF7F44B8B3A249A08CFCCDFA9046133B2","dbghelp64.dll",1369952,1369952,1369952,0
"B9C068ECF7F44B8B3A249A08CFCCDFA9046133B2","Tobii.EyeX.Client.dll",1186512,1186512,1186512,0
"B9C068ECF7F44B8B3A249A08CFCCDFA9046133B2","DefaultBindings.map",21904,21904,21904,0
"B9C068ECF7F44B8B3A249A08CFCCDFA9046133B2","libScePad_x64.dll",38912,38912,38912,0
"B9C068ECF7F44B8B3A249A08CFCCDFA9046133B2","localization.lang",14,14,14,0
"B9C068ECF7F44B8B3A249A08CFCCDFA9046133B2","uplay_r1_loader64.dll",576312,576312,576312,0
"B9C068ECF7F44B8B3A249A08CFCCDFA9046133B2","sounddata\PC_DX11\sounds_bra.pck",130672577,130672577,130672577,0
"B9C068ECF7F44B8B3A249A08CFCCDFA9046133B2","sounddata\PC_DX11\sounds_eng.pck",133993156,133993156,133993156,0
"B9C068ECF7F44B8B3A249A08CFCCDFA9046133B2","sounddata\PC_DX11\sounds_fre.pck",132838930,132838930,132838930,0
"B9C068ECF7F44B8B3A249A08CFCCDFA9046133B2","sounddata\PC_DX11\sounds_ger.pck",133997007,133997007,133997007,0
"B9C068ECF7F44B8B3A249A08CFCCDFA9046133B2","sounddata\PC_DX11\sounds_ita.pck",137783359,137783359,137783359,0
"B9C068ECF7F44B8B3A249A08CFCCDFA9046133B2","sounddata\PC_DX11\sounds_jap.pck",133239927,133239927,133239927,0
"B9C068ECF7F44B8B3A249A08CFCCDFA9046133B2","sounddata\PC_DX11\sounds_sfx.pck",1305772502,1305772502,1305772502,0
"B9C068ECF7F44B8B3A249A08CFCCDFA9046133B2","sounddata\PC_DX11\sounds_sfx_hdd.pck",9192185,9192185,9192185,0
"B9C068ECF7F44B8B3A249A08CFCCDFA9046133B2","sounddata\PC_DX11\sounds_sfx_music.pck",416358581,416358581,416358581,0
"B9C068ECF7F44B8B3A249A08CFCCDFA9046133B2","sounddata\PC_DX11\sounds_spa.pck",131845848,131845848,131845848,0
"B9C068ECF7F44B8B3A249A08CFCCDFA9046133B2","Support\License\Brazilian\lic.rtf",194170,194170,194170,0
"B9C068ECF7F44B8B3A249A08CFCCDFA9046133B2","Support\License\ChineseSimplified\lic.rtf",506392,506392,506392,0
"B9C068ECF7F44B8B3A249A08CFCCDFA9046133B2","Support\License\ChineseTraditional\lic.rtf",287207,287207,287207,0
"B9C068ECF7F44B8B3A249A08CFCCDFA9046133B2","Support\License\Czech\lic.rtf",240073,240073,240073,0
"B9C068ECF7F44B8B3A249A08CFCCDFA9046133B2","Support\License\Danish\lic.rtf",241343,241343,241343,0
"B9C068ECF7F44B8B3A249A08CFCCDFA9046133B2","Support\License\Dutch\lic.rtf",241269,241269,241269,0
"B9C068ECF7F44B8B3A249A08CFCCDFA9046133B2","Support\License\English\lic.rtf",619721,619721,619721,0
"B9C068ECF7F44B8B3A249A08CFCCDFA9046133B2","Support\License\EnglishCanada\lic.rtf",292907,292907,292907,0
"B9C068ECF7F44B8B3A249A08CFCCDFA9046133B2","Support\License\EnglishExport\lic.rtf",279527,279527,279527,0
"B9C068ECF7F44B8B3A249A08CFCCDFA9046133B2","Support\License\EnglishUK\lic.rtf",294572,294572,294572,0
"B9C068ECF7F44B8B3A249A08CFCCDFA9046133B2","Support\License\Finnish\lic.rtf",246496,246496,246496,0
"B9C068ECF7F44B8B3A249A08CFCCDFA9046133B2","Support\License\French\lic.rtf",767675,767675,767675,0
"B9C068ECF7F44B8B3A249A08CFCCDFA9046133B2","Support\License\FrenchCanadian\lic.rtf",767675,767675,767675,0
"B9C068ECF7F44B8B3A249A08CFCCDFA9046133B2","Support\License\German\lic.rtf",274571,274571,274571,0
"B9C068ECF7F44B8B3A249A08CFCCDFA9046133B2","Support\License\Hungarian\lic.rtf",240308,240308,240308,0
"B9C068ECF7F44B8B3A249A08CFCCDFA9046133B2","Support\License\Italian\lic.rtf",265386,265386,265386,0
"B9C068ECF7F44B8B3A249A08CFCCDFA9046133B2","Support\License\Japanese\lic.rtf",589985,589985,589985,0
"B9C068ECF7F44B8B3A249A08CFCCDFA9046133B2","Support\License\Korean\lic.rtf",677994,677994,677994,0
"B9C068ECF7F44B8B3A249A08CFCCDFA9046133B2","Support\License\Mexican\lic.rtf",174777,174777,174777,0
"B9C068ECF7F44B8B3A249A08CFCCDFA9046133B2","Support\License\Norwegian\lic.rtf",227041,227041,227041,0
"B9C068ECF7F44B8B3A249A08CFCCDFA9046133B2","Support\License\Polish\lic.rtf",260186,260186,260186,0
"B9C068ECF7F44B8B3A249A08CFCCDFA9046133B2","Support\License\Portuguese\lic.rtf",219951,219951,219951,0
"B9C068ECF7F44B8B3A249A08CFCCDFA9046133B2","Support\License\Russian\lic.rtf",362268,362268,362268,0
"B9C068ECF7F44B8B3A249A08CFCCDFA9046133B2","Support\License\Spanish\lic.rtf",249839,249839,249839,0
"B9C068ECF7F44B8B3A249A08CFCCDFA9046133B2","Support\License\SpanishExport\lic.rtf",186763,186763,186763,0
"B9C068ECF7F44B8B3A249A08CFCCDFA9046133B2","Support\License\Swedish\lic.rtf",221005,221005,221005,0
"B9C068ECF7F44B8B3A249A08CFCCDFA9046133B2","Support\License\lic_cs-CZ.html",44853,44853,44853,0
"B9C068ECF7F44B8B3A249A08CFCCDFA9046133B2","Support\License\lic_da-DK.html",43041,43041,43041,0
"B9C068ECF7F44B8B3A249A08CFCCDFA9046133B2","Support\License\lic_de-DE.html",53369,53369,53369,0
"B9C068ECF7F44B8B3A249A08CFCCDFA9046133B2","Support\License\lic_en-CA.html",41310,41310,41310,0
"B9C068ECF7F44B8B3A249A08CFCCDFA9046133B2","Support\License\lic_en-GB.html",41111,41111,41111,0
"B9C068ECF7F44B8B3A249A08CFCCDFA9046133B2","Support\License\lic_en-US.html",169101,169101,169101,0
"B9C068ECF7F44B8B3A249A08CFCCDFA9046133B2","Support\License\lic_es-ES.html",49321,49321,49321,0
"B9C068ECF7F44B8B3A249A08CFCCDFA9046133B2","Support\License\lic_es-MX.html",49449,49449,49449,0
"B9C068ECF7F44B8B3A249A08CFCCDFA9046133B2","Support\License\lic_fi-FI.html",43740,43740,43740,0
"B9C068ECF7F44B8B3A249A08CFCCDFA9046133B2","Support\License\lic_fr-CA.html",50383,50383,50383,0
"B9C068ECF7F44B8B3A249A08CFCCDFA9046133B2","Support\License\lic_fr-FR.html",100979,100979,100979,0
"B9C068ECF7F44B8B3A249A08CFCCDFA9046133B2","Support\License\lic_hu-HU.html",45427,45427,45427,0
"B9C068ECF7F44B8B3A249A08CFCCDFA9046133B2","Support\License\lic_it-IT.html",50567,50567,50567,0
"B9C068ECF7F44B8B3A249A08CFCCDFA9046133B2","Support\License\lic_ja-JP.html",58307,58307,58307,0
"B9C068ECF7F44B8B3A249A08CFCCDFA9046133B2","Support\License\lic_ko-KO.html",44431,44431,44431,0
"B9C068ECF7F44B8B3A249A08CFCCDFA9046133B2","Support\License\lic_nb-NO.html",43777,43777,43777,0
"B9C068ECF7F44B8B3A249A08CFCCDFA9046133B2","Support\License\lic_nl-NL.html",47154,47154,47154,0
"B9C068ECF7F44B8B3A249A08CFCCDFA9046133B2","Support\License\lic_pl-PL.html",48263,48263,48263,0
"B9C068ECF7F44B8B3A249A08CFCCDFA9046133B2","Support\License\lic_pt-BR.html",44698,44698,44698,0
"B9C068ECF7F44B8B3A249A08CFCCDFA9046133B2","Support\License\lic_pt-PT.html",44827,44827,44827,0
"B9C068ECF7F44B8B3A249A08CFCCDFA9046133B2","Support\License\lic_ru-RU.html",90847,90847,90847,0
"B9C068ECF7F44B8B3A249A08CFCCDFA9046133B2","Support\License\lic_sv-SE.html",43796,43796,43796,0
"B9C068ECF7F44B8B3A249A08CFCCDFA9046133B2","Support\License\lic_zh-CN.html",36143,36143,36143,0
"B9C068ECF7F44B8B3A249A08CFCCDFA9046133B2","Support\License\lic_zh-TW.html",41133,41133,41133,0
"B9C068ECF7F44B8B3A249A08CFCCDFA9046133B2","Support\Manual\Brazilian\Manual.pdf",2814920,2814920,2814920,0
"B9C068ECF7F44B8B3A249A08CFCCDFA9046133B2","Support\Manual\ChineseTraditional\Manual.pdf",2658394,2658394,2658394,0
"B9C068ECF7F44B8B3A249A08CFCCDFA9046133B2","Support\Manual\Dutch\Manual.pdf",2852026,2852026,2852026,0
"B9C068ECF7F44B8B3A249A08CFCCDFA9046133B2","Support\Manual\English\Manual.pdf",2673946,2673946,2673946,0
"B9C068ECF7F44B8B3A249A08CFCCDFA9046133B2","Support\Manual\French\Manual.pdf",2771073,2771073,2771073,0
"B9C068ECF7F44B8B3A249A08CFCCDFA9046133B2","Support\Manual\German\Manual.pdf",609420,609420,609420,0
"B9C068ECF7F44B8B3A249A08CFCCDFA9046133B2","Support\Manual\Italian\Manual.pdf",471329,471329,471329,0
"B9C068ECF7F44B8B3A249A08CFCCDFA9046133B2","Support\Manual\Japanese\Manual.pdf",521905,521905,521905,0
"B9C068ECF7F44B8B3A249A08CFCCDFA9046133B2","Support\Manual\Korean\Manual.pdf",2634118,2634118,2634118,0
"B9C068ECF7F44B8B3A249A08CFCCDFA9046133B2","Support\Manual\Polish\Manual.pdf",2864452,2864452,2864452,0
"B9C068ECF7F44B8B3A249A08CFCCDFA9046133B2","Support\Manual\Mexican\Manual.pdf",2799373,2799373,2799373,0
"B9C068ECF7F44B8B3A249A08CFCCDFA9046133B2","Support\Manual\Russian\Manual.pdf",2769723,2769723,2769723,0
"B9C068ECF7F44B8B3A249A08CFCCDFA9046133B2","Support\Manual\Spanish\Manual.pdf",504324,504324,504324,0
"B9C068ECF7F44B8B3A249A08CFCCDFA9046133B2","Support\Readme\Brazilian\Readme.txt",10473,10473,10473,0
"B9C068ECF7F44B8B3A249A08CFCCDFA9046133B2","Support\Readme\ChineseTraditional\Readme.txt",7956,7956,7956,0
"B9C068ECF7F44B8B3A249A08CFCCDFA9046133B2","Support\Readme\Dutch\Readme.txt",10546,10546,10546,0
"B9C068ECF7F44B8B3A249A08CFCCDFA9046133B2","Support\Readme\English\Readme.txt",9733,9733,9733,0
"B9C068ECF7F44B8B3A249A08CFCCDFA9046133B2","Support\Readme\French\Readme.txt",10754,10754,10754,0
"B9C068ECF7F44B8B3A249A08CFCCDFA9046133B2","Support\Readme\German\Readme.txt",8440,8440,8440,0
"B9C068ECF7F44B8B3A249A08CFCCDFA9046133B2","Support\Readme\Italian\Readme.txt",10334,10334,10334,0
"B9C068ECF7F44B8B3A249A08CFCCDFA9046133B2","Support\Readme\Japanese\Readme.txt",7730,7730,7730,0
"B9C068ECF7F44B8B3A249A08CFCCDFA9046133B2","Support\Readme\Korean\Readme.txt",8716,8716,8716,0
"B9C068ECF7F44B8B3A249A08CFCCDFA9046133B2","Support\Readme\Polish\Readme.txt",11018,11018,11018,0
"B9C068ECF7F44B8B3A249A08CFCCDFA9046133B2","Support\Readme\Russian\Readme.txt",14748,14748,14748,0
"B9C068ECF7F44B8B3A249A08CFCCDFA9046133B2","Support\Readme\Spanish\Readme.txt",11036,11036,11036,0
"B9C068ECF7F44B8B3A249A08CFCCDFA9046133B2","Support\Readme\Mexican\Readme.txt",11140,11140,11140,0
"B9C068ECF7F44B8B3A249A08CFCCDFA9046133B2","Support\Software\DirectX\Apr2005_d3dx9_25_x64.cab",1347354,1347354,1347354,0
"B9C068ECF7F44B8B3A249A08CFCCDFA9046133B2","Support\Software\DirectX\Apr2005_d3dx9_25_x86.cab",1078962,1078962,1078962,0
"B9C068ECF7F44B8B3A249A08CFCCDFA9046133B2","Support\Software\DirectX\Apr2006_d3dx9_30_x64.cab",1397830,1397830,1397830,0
"B9C068ECF7F44B8B3A249A08CFCCDFA9046133B2","Support\Software\DirectX\Apr2006_d3dx9_30_x86.cab",1115221,1115221,1115221,0
"B9C068ECF7F44B8B3A249A08CFCCDFA9046133B2","Support\Software\DirectX\Apr2006_MDX1_x86.cab",916430,916430,916430,0
"B9C068ECF7F44B8B3A249A08CFCCDFA9046133B2","Support\Software\DirectX\Apr2006_MDX1_x86_Archive.cab",4162630,4162630,4162630,0
"B9C068ECF7F44B8B3A249A08CFCCDFA9046133B2","Support\Software\DirectX\Apr2006_XACT_x64.cab",179133,179133,179133,0
"B9C068ECF7F44B8B3A249A08CFCCDFA9046133B2","Support\Software\DirectX\Apr2006_XACT_x86.cab",133103,133103,133103,0
"B9C068ECF7F44B8B3A249A08CFCCDFA9046133B2","Support\Software\DirectX\Apr2006_xinput_x64.cab",87101,87101,87101,0
"B9C068ECF7F44B8B3A249A08CFCCDFA9046133B2","Support\Software\DirectX\Apr2006_xinput_x86.cab",46010,46010,46010,0
"B9C068ECF7F44B8B3A249A08CFCCDFA9046133B2","Support\Software\DirectX\APR2007_d3dx10_33_x64.cab",698612,698612,698612,0
"B9C068ECF7F44B8B3A249A08CFCCDFA9046133B2","Support\Software\DirectX\APR2007_d3dx10_33_x86.cab",695865,695865,695865,0
"B9C068ECF7F44B8B3A249A08CFCCDFA9046133B2","Support\Software\DirectX\APR2007_d3dx9_33_x64.cab",1607358,1607358,1607358,0
"B9C068ECF7F44B8B3A249A08CFCCDFA9046133B2","Support\Software\DirectX\APR2007_d3dx9_33_x86.cab",1606039,1606039,1606039,0
"B9C068ECF7F44B8B3A249A08CFCCDFA9046133B2","Support\Software\DirectX\APR2007_XACT_x64.cab",195766,195766,195766,0
"B9C068ECF7F44B8B3A249A08CFCCDFA9046133B2","Support\Software\DirectX\APR2007_XACT_x86.cab",151225,151225,151225,0
"B9C068ECF7F44B8B3A249A08CFCCDFA9046133B2","Support\Software\DirectX\APR2007_xinput_x64.cab",96817,96817,96817,0
"B9C068ECF7F44B8B3A249A08CFCCDFA9046133B2","Support\Software\DirectX\APR2007_xinput_x86.cab",53302,53302,53302,0
"B9C068ECF7F44B8B3A249A08CFCCDFA9046133B2","Support\Software\DirectX\Aug2005_d3dx9_27_x64.cab",1350542,1350542,1350542,0
"B9C068ECF7F44B8B3A249A08CFCCDFA9046133B2","Support\Software\DirectX\Aug2005_d3dx9_27_x86.cab",1077644,1077644,1077644,0
"B9C068ECF7F44B8B3A249A08CFCCDFA9046133B2","Support\Software\DirectX\AUG2006_XACT_x64.cab",182903,182903,182903,0
"B9C068ECF7F44B8B3A249A08CFCCDFA9046133B2","Support\Software\DirectX\AUG2006_XACT_x86.cab",137235,137235,137235,0
"B9C068ECF7F44B8B3A249A08CFCCDFA9046133B2","Support\Software\DirectX\AUG2006_xinput_x64.cab",87142,87142,87142,0
"B9C068ECF7F44B8B3A249A08CFCCDFA9046133B2","Support\Software\DirectX\AUG2006_xinput_x86.cab",46058,46058,46058,0
"B9C068ECF7F44B8B3A249A08CFCCDFA9046133B2","Support\Software\DirectX\AUG2007_d3dx10_35_x64.cab",852286,852286,852286,0
"B9C068ECF7F44B8B3A249A08CFCCDFA9046133B2","Support\Software\DirectX\AUG2007_d3dx10_35_x86.cab",796867,796867,796867,0
"B9C068ECF7F44B8B3A249A08CFCCDFA9046133B2","Support\Software\DirectX\AUG2007_d3dx9_35_x64.cab",1800160,1800160,1800160,0
"B9C068ECF7F44B8B3A249A08CFCCDFA9046133B2","Support\Software\DirectX\AUG2007_d3dx9_35_x86.cab",1708152,1708152,1708152,0
"B9C068ECF7F44B8B3A249A08CFCCDFA9046133B2","Support\Software\DirectX\AUG2007_XACT_x64.cab",198096,198096,198096,0
"B9C068ECF7F44B8B3A249A08CFCCDFA9046133B2","Support\Software\DirectX\AUG2007_XACT_x86.cab",153012,153012,153012,0
"B9C068ECF7F44B8B3A249A08CFCCDFA9046133B2","Support\Software\DirectX\Aug2008_d3dx10_39_x64.cab",867612,867612,867612,0
"B9C068ECF7F44B8B3A249A08CFCCDFA9046133B2","Support\Software\DirectX\Aug2008_d3dx10_39_x86.cab",849167,849167,849167,0
"B9C068ECF7F44B8B3A249A08CFCCDFA9046133B2","Support\Software\DirectX\Aug2008_d3dx9_39_x64.cab",1794084,1794084,1794084,0
"B9C068ECF7F44B8B3A249A08CFCCDFA9046133B2","Support\Software\DirectX\Aug2008_d3dx9_39_x86.cab",1464672,1464672,1464672,0
"B9C068ECF7F44B8B3A249A08CFCCDFA9046133B2","Support\Software\DirectX\Aug2008_XACT_x64.cab",121772,121772,121772,0
"B9C068ECF7F44B8B3A249A08CFCCDFA9046133B2","Support\Software\DirectX\Aug2008_XACT_x86.cab",92996,92996,92996,0
"B9C068ECF7F44B8B3A249A08CFCCDFA9046133B2","Support\Software\DirectX\Aug2008_XAudio_x64.cab",271412,271412,271412,0
"B9C068ECF7F44B8B3A249A08CFCCDFA9046133B2","Support\Software\DirectX\Aug2008_XAudio_x86.cab",271038,271038,271038,0
"B9C068ECF7F44B8B3A249A08CFCCDFA9046133B2","Support\Software\DirectX\Aug2009_D3DCompiler_42_x64.cab",919044,919044,919044,0
"B9C068ECF7F44B8B3A249A08CFCCDFA9046133B2","Support\Software\DirectX\Aug2009_D3DCompiler_42_x86.cab",900598,900598,900598,0
"B9C068ECF7F44B8B3A249A08CFCCDFA9046133B2","Support\Software\DirectX\Aug2009_d3dcsx_42_x64.cab",3112111,3112111,3112111,0
"B9C068ECF7F44B8B3A249A08CFCCDFA9046133B2","Support\Software\DirectX\Aug2009_d3dcsx_42_x86.cab",3319740,3319740,3319740,0
"B9C068ECF7F44B8B3A249A08CFCCDFA9046133B2","Support\Software\DirectX\Aug2009_d3dx10_42_x64.cab",232635,232635,232635,0
"B9C068ECF7F44B8B3A249A08CFCCDFA9046133B2","Support\Software\DirectX\Aug2009_d3dx10_42_x86.cab",192131,192131,192131,0
"B9C068ECF7F44B8B3A249A08CFCCDFA9046133B2","Support\Software\DirectX\Aug2009_d3dx11_42_x64.cab",136301,136301,136301,0
"B9C068ECF7F44B8B3A249A08CFCCDFA9046133B2","Support\Software\DirectX\Aug2009_d3dx11_42_x86.cab",105044,105044,105044,0
"B9C068ECF7F44B8B3A249A08CFCCDFA9046133B2","Support\Software\DirectX\Aug2009_d3dx9_42_x64.cab",930116,930116,930116,0
"B9C068ECF7F44B8B3A249A08CFCCDFA9046133B2","Support\Software\DirectX\Aug2009_d3dx9_42_x86.cab",728456,728456,728456,0
"B9C068ECF7F44B8B3A249A08CFCCDFA9046133B2","Support\Software\DirectX\Aug2009_XACT_x64.cab",122408,122408,122408,0
"B9C068ECF7F44B8B3A249A08CFCCDFA9046133B2","Support\Software\DirectX\Aug2009_XACT_x86.cab",93106,93106,93106,0
"B9C068ECF7F44B8B3A249A08CFCCDFA9046133B2","Support\Software\DirectX\Aug2009_XAudio_x64.cab",273264,273264,273264,0
"B9C068ECF7F44B8B3A249A08CFCCDFA9046133B2","Support\Software\DirectX\Aug2009_XAudio_x86.cab",272642,272642,272642,0
"B9C068ECF7F44B8B3A249A08CFCCDFA9046133B2","Support\Software\DirectX\Dec2005_d3dx9_28_x64.cab",1357976,1357976,1357976,0
"B9C068ECF7F44B8B3A249A08CFCCDFA9046133B2","Support\Software\DirectX\Dec2005_d3dx9_28_x86.cab",1079456,1079456,1079456,0
"B9C068ECF7F44B8B3A249A08CFCCDFA9046133B2","Support\Software\DirectX\DEC2006_d3dx10_00_x64.cab",212807,212807,212807,0
"B9C068ECF7F44B8B3A249A08CFCCDFA9046133B2","Support\Software\DirectX\DEC2006_d3dx10_00_x86.cab",191720,191720,191720,0
"B9C068ECF7F44B8B3A249A08CFCCDFA9046133B2","Support\Software\DirectX\DEC2006_d3dx9_32_x64.cab",1571154,1571154,1571154,0
"B9C068ECF7F44B8B3A249A08CFCCDFA9046133B2","Support\Software\DirectX\DEC2006_d3dx9_32_x86.cab",1574376,1574376,1574376,0
"B9C068ECF7F44B8B3A249A08CFCCDFA9046133B2","Support\Software\DirectX\DEC2006_XACT_x64.cab",192475,192475,192475,0
"B9C068ECF7F44B8B3A249A08CFCCDFA9046133B2","Support\Software\DirectX\DEC2006_XACT_x86.cab",145599,145599,145599,0
"B9C068ECF7F44B8B3A249A08CFCCDFA9046133B2","Support\Software\DirectX\DSETUP.dll",89944,89944,89944,0
"B9C068ECF7F44B8B3A249A08CFCCDFA9046133B2","Support\Software\DirectX\dsetup32.dll",1801048,1801048,1801048,0
"B9C068ECF7F44B8B3A249A08CFCCDFA9046133B2","Support\Software\DirectX\dsetup64.dll",34753,34753,34753,0
"B9C068ECF7F44B8B3A249A08CFCCDFA9046133B2","Support\Software\DirectX\dxdllreg_x86.cab",42410,42410,42410,0
"B9C068ECF7F44B8B3A249A08CFCCDFA9046133B2","Support\Software\DirectX\DXSETUP.exe",537432,537432,537432,0
"B9C068ECF7F44B8B3A249A08CFCCDFA9046133B2","Support\Software\DirectX\dxupdate.cab",94011,94011,94011,0
"B9C068ECF7F44B8B3A249A08CFCCDFA9046133B2","Support\Software\DirectX\Feb2005_d3dx9_24_x64.cab",1247499,1247499,1247499,0
"B9C068ECF7F44B8B3A249A08CFCCDFA9046133B2","Support\Software\DirectX\Feb2005_d3dx9_24_x86.cab",1013225,1013225,1013225,0
"B9C068ECF7F44B8B3A249A08CFCCDFA9046133B2","Support\Software\DirectX\Feb2006_d3dx9_29_x64.cab",1362796,1362796,1362796,0
"B9C068ECF7F44B8B3A249A08CFCCDFA9046133B2","Support\Software\DirectX\Feb2006_d3dx9_29_x86.cab",1084720,1084720,1084720,0
"B9C068ECF7F44B8B3A249A08CFCCDFA9046133B2","Support\Software\DirectX\Feb2006_XACT_x64.cab",178359,178359,178359,0
"B9C068ECF7F44B8B3A249A08CFCCDFA9046133B2","Support\Software\DirectX\Feb2006_XACT_x86.cab",132409,132409,132409,0
"B9C068ECF7F44B8B3A249A08CFCCDFA9046133B2","Support\Software\DirectX\FEB2007_XACT_x64.cab",194675,194675,194675,0
"B9C068ECF7F44B8B3A249A08CFCCDFA9046133B2","Support\Software\DirectX\FEB2007_XACT_x86.cab",147983,147983,147983,0
"B9C068ECF7F44B8B3A249A08CFCCDFA9046133B2","Support\Software\DirectX\Feb2010_X3DAudio_x64.cab",54678,54678,54678,0
"B9C068ECF7F44B8B3A249A08CFCCDFA9046133B2","Support\Software\DirectX\Feb2010_X3DAudio_x86.cab",20713,20713,20713,0
"B9C068ECF7F44B8B3A249A08CFCCDFA9046133B2","Support\Software\DirectX\Feb2010_XACT_x64.cab",122446,122446,122446,0
"B9C068ECF7F44B8B3A249A08CFCCDFA9046133B2","Support\Software\DirectX\Feb2010_XACT_x86.cab",93180,93180,93180,0
"B9C068ECF7F44B8B3A249A08CFCCDFA9046133B2","Support\Software\DirectX\Feb2010_XAudio_x64.cab",276960,276960,276960,0
"B9C068ECF7F44B8B3A249A08CFCCDFA9046133B2","Support\Software\DirectX\Feb2010_XAudio_x86.cab",277191,277191,277191,0
"B9C068ECF7F44B8B3A249A08CFCCDFA9046133B2","Support\Software\DirectX\Jun2005_d3dx9_26_x64.cab",1336002,1336002,1336002,0
"B9C068ECF7F44B8B3A249A08CFCCDFA9046133B2","Support\Software\DirectX\Jun2005_d3dx9_26_x86.cab",1064925,1064925,1064925,0
"B9C068ECF7F44B8B3A249A08CFCCDFA9046133B2","Support\Software\DirectX\JUN2006_XACT_x64.cab",180785,180785,180785,0
"B9C068ECF7F44B8B3A249A08CFCCDFA9046133B2","Support\Software\DirectX\JUN2006_XACT_x86.cab",133671,133671,133671,0
"B9C068ECF7F44B8B3A249A08CFCCDFA9046133B2","Support\Software\DirectX\JUN2007_d3dx10_34_x64.cab",699044,699044,699044,0
"B9C068ECF7F44B8B3A249A08CFCCDFA9046133B2","Support\Software\DirectX\JUN2007_d3dx10_34_x86.cab",698472,698472,698472,0
"B9C068ECF7F44B8B3A249A08CFCCDFA9046133B2","Support\Software\DirectX\JUN2007_d3dx9_34_x64.cab",1607774,1607774,1607774,0
"B9C068ECF7F44B8B3A249A08CFCCDFA9046133B2","Support\Software\DirectX\JUN2007_d3dx9_34_x86.cab",1607286,1607286,1607286,0
"B9C068ECF7F44B8B3A249A08CFCCDFA9046133B2","Support\Software\DirectX\JUN2007_XACT_x64.cab",197122,197122,197122,0
"B9C068ECF7F44B8B3A249A08CFCCDFA9046133B2","Support\Software\DirectX\JUN2007_XACT_x86.cab",152909,152909,152909,0
"B9C068ECF7F44B8B3A249A08CFCCDFA9046133B2","Support\Software\DirectX\JUN2008_d3dx10_38_x64.cab",867828,867828,867828,0
"B9C068ECF7F44B8B3A249A08CFCCDFA9046133B2","Support\Software\DirectX\JUN2008_d3dx10_38_x86.cab",849919,849919,849919,0
"B9C068ECF7F44B8B3A249A08CFCCDFA9046133B2","Support\Software\DirectX\JUN2008_d3dx9_38_x64.cab",1792608,1792608,1792608,0
"B9C068ECF7F44B8B3A249A08CFCCDFA9046133B2","Support\Software\DirectX\JUN2008_d3dx9_38_x86.cab",1463878,1463878,1463878,0
"B9C068ECF7F44B8B3A249A08CFCCDFA9046133B2","Support\Software\DirectX\JUN2008_X3DAudio_x64.cab",55154,55154,55154,0
"B9C068ECF7F44B8B3A249A08CFCCDFA9046133B2","Support\Software\DirectX\JUN2008_X3DAudio_x86.cab",21905,21905,21905,0
"B9C068ECF7F44B8B3A249A08CFCCDFA9046133B2","Support\Software\DirectX\JUN2008_XACT_x64.cab",121054,121054,121054,0
"B9C068ECF7F44B8B3A249A08CFCCDFA9046133B2","Support\Software\DirectX\JUN2008_XACT_x86.cab",93128,93128,93128,0
"B9C068ECF7F44B8B3A249A08CFCCDFA9046133B2","Support\Software\DirectX\JUN2008_XAudio_x64.cab",269628,269628,269628,0
"B9C068ECF7F44B8B3A249A08CFCCDFA9046133B2","Support\Software\DirectX\JUN2008_XAudio_x86.cab",269024,269024,269024,0
"B9C068ECF7F44B8B3A249A08CFCCDFA9046133B2","Support\Software\DirectX\Jun2010_D3DCompiler_43_x64.cab",944460,944460,944460,0
"B9C068ECF7F44B8B3A249A08CFCCDFA9046133B2","Support\Software\DirectX\Jun2010_D3DCompiler_43_x86.cab",931471,931471,931471,0
"B9C068ECF7F44B8B3A249A08CFCCDFA9046133B2","Support\Software\DirectX\Jun2010_d3dcsx_43_x64.cab",752783,752783,752783,0
"B9C068ECF7F44B8B3A249A08CFCCDFA9046133B2","Support\Software\DirectX\Jun2010_d3dcsx_43_x86.cab",762188,762188,762188,0
"B9C068ECF7F44B8B3A249A08CFCCDFA9046133B2","Support\Software\DirectX\Jun2010_d3dx10_43_x64.cab",235955,235955,235955,0
"B9C068ECF7F44B8B3A249A08CFCCDFA9046133B2","Support\Software\DirectX\Jun2010_d3dx10_43_x86.cab",197283,197283,197283,0
"B9C068ECF7F44B8B3A249A08CFCCDFA9046133B2","Support\Software\DirectX\Jun2010_d3dx11_43_x64.cab",138205,138205,138205,0
"B9C068ECF7F44B8B3A249A08CFCCDFA9046133B2","Support\Software\DirectX\Jun2010_d3dx11_43_x86.cab",109445,109445,109445,0
"B9C068ECF7F44B8B3A249A08CFCCDFA9046133B2","Support\Software\DirectX\Jun2010_d3dx9_43_x64.cab",937246,937246,937246,0
"B9C068ECF7F44B8B3A249A08CFCCDFA9046133B2","Support\Software\DirectX\Jun2010_d3dx9_43_x86.cab",768036,768036,768036,0
"B9C068ECF7F44B8B3A249A08CFCCDFA9046133B2","Support\Software\DirectX\Jun2010_XACT_x64.cab",124596,124596,124596,0
"B9C068ECF7F44B8B3A249A08CFCCDFA9046133B2","Support\Software\DirectX\Jun2010_XACT_x86.cab",93686,93686,93686,0
"B9C068ECF7F44B8B3A249A08CFCCDFA9046133B2","Support\Software\DirectX\Jun2010_XAudio_x64.cab",277338,277338,277338,0
"B9C068ECF7F44B8B3A249A08CFCCDFA9046133B2","Support\Software\DirectX\Jun2010_XAudio_x86.cab",278060,278060,278060,0
"B9C068ECF7F44B8B3A249A08CFCCDFA9046133B2","Support\Software\DirectX\Mar2008_d3dx10_37_x64.cab",844884,844884,844884,0
"B9C068ECF7F44B8B3A249A08CFCCDFA9046133B2","Support\Software\DirectX\Mar2008_d3dx10_37_x86.cab",818260,818260,818260,0
"B9C068ECF7F44B8B3A249A08CFCCDFA9046133B2","Support\Software\DirectX\Mar2008_d3dx9_37_x64.cab",1769862,1769862,1769862,0
"B9C068ECF7F44B8B3A249A08CFCCDFA9046133B2","Support\Software\DirectX\Mar2008_d3dx9_37_x86.cab",1443282,1443282,1443282,0
"B9C068ECF7F44B8B3A249A08CFCCDFA9046133B2","Support\Software\DirectX\Mar2008_X3DAudio_x64.cab",55058,55058,55058,0
"B9C068ECF7F44B8B3A249A08CFCCDFA9046133B2","Support\Software\DirectX\Mar2008_X3DAudio_x86.cab",21867,21867,21867,0
"B9C068ECF7F44B8B3A249A08CFCCDFA9046133B2","Support\Software\DirectX\Mar2008_XACT_x64.cab",122336,122336,122336,0
"B9C068ECF7F44B8B3A249A08CFCCDFA9046133B2","Support\Software\DirectX\Mar2008_XACT_x86.cab",93734,93734,93734,0
"B9C068ECF7F44B8B3A249A08CFCCDFA9046133B2","Support\Software\DirectX\Mar2008_XAudio_x64.cab",251194,251194,251194,0
"B9C068ECF7F44B8B3A249A08CFCCDFA9046133B2","Support\Software\DirectX\Mar2008_XAudio_x86.cab",226250,226250,226250,0
"B9C068ECF7F44B8B3A249A08CFCCDFA9046133B2","Support\Software\DirectX\Mar2009_d3dx10_41_x64.cab",1067160,1067160,1067160,0
"B9C068ECF7F44B8B3A249A08CFCCDFA9046133B2","Support\Software\DirectX\Mar2009_d3dx10_41_x86.cab",1040745,1040745,1040745,0
"B9C068ECF7F44B8B3A249A08CFCCDFA9046133B2","Support\Software\DirectX\Mar2009_d3dx9_41_x64.cab",1973702,1973702,1973702,0
"B9C068ECF7F44B8B3A249A08CFCCDFA9046133B2","Support\Software\DirectX\Mar2009_d3dx9_41_x86.cab",1612446,1612446,1612446,0
"B9C068ECF7F44B8B3A249A08CFCCDFA9046133B2","Support\Software\DirectX\Mar2009_X3DAudio_x64.cab",54600,54600,54600,0
"B9C068ECF7F44B8B3A249A08CFCCDFA9046133B2","Support\Software\DirectX\Mar2009_X3DAudio_x86.cab",21298,21298,21298,0
"B9C068ECF7F44B8B3A249A08CFCCDFA9046133B2","Support\Software\DirectX\Mar2009_XACT_x64.cab",121506,121506,121506,0
"B9C068ECF7F44B8B3A249A08CFCCDFA9046133B2","Support\Software\DirectX\Mar2009_XACT_x86.cab",92740,92740,92740,0
"B9C068ECF7F44B8B3A249A08CFCCDFA9046133B2","Support\Software\DirectX\Mar2009_XAudio_x64.cab",275044,275044,275044,0
"B9C068ECF7F44B8B3A249A08CFCCDFA9046133B2","Support\Software\DirectX\Mar2009_XAudio_x86.cab",273018,273018,273018,0
"B9C068ECF7F44B8B3A249A08CFCCDFA9046133B2","Support\Software\DirectX\Nov2007_d3dx10_36_x64.cab",864600,864600,864600,0
"B9C068ECF7F44B8B3A249A08CFCCDFA9046133B2","Support\Software\DirectX\Nov2007_d3dx10_36_x86.cab",803884,803884,803884,0
"B9C068ECF7F44B8B3A249A08CFCCDFA9046133B2","Support\Software\DirectX\Nov2007_d3dx9_36_x64.cab",1802058,1802058,1802058,0
"B9C068ECF7F44B8B3A249A08CFCCDFA9046133B2","Support\Software\DirectX\Nov2007_d3dx9_36_x86.cab",1709360,1709360,1709360,0
"B9C068ECF7F44B8B3A249A08CFCCDFA9046133B2","Support\Software\DirectX\NOV2007_X3DAudio_x64.cab",46144,46144,46144,0
"B9C068ECF7F44B8B3A249A08CFCCDFA9046133B2","Support\Software\DirectX\NOV2007_X3DAudio_x86.cab",18496,18496,18496,0
"B9C068ECF7F44B8B3A249A08CFCCDFA9046133B2","Support\Software\DirectX\NOV2007_XACT_x64.cab",196762,196762,196762,0
"B9C068ECF7F44B8B3A249A08CFCCDFA9046133B2","Support\Software\DirectX\NOV2007_XACT_x86.cab",148264,148264,148264,0
"B9C068ECF7F44B8B3A249A08CFCCDFA9046133B2","Support\Software\DirectX\Nov2008_d3dx10_40_x64.cab",994154,994154,994154,0
"B9C068ECF7F44B8B3A249A08CFCCDFA9046133B2","Support\Software\DirectX\Nov2008_d3dx10_40_x86.cab",965421,965421,965421,0
"B9C068ECF7F44B8B3A249A08CFCCDFA9046133B2","Support\Software\DirectX\Nov2008_d3dx9_40_x64.cab",1906878,1906878,1906878,0
"B9C068ECF7F44B8B3A249A08CFCCDFA9046133B2","Support\Software\DirectX\Nov2008_d3dx9_40_x86.cab",1550796,1550796,1550796,0
"B9C068ECF7F44B8B3A249A08CFCCDFA9046133B2","Support\Software\DirectX\Nov2008_X3DAudio_x64.cab",54522,54522,54522,0
"B9C068ECF7F44B8B3A249A08CFCCDFA9046133B2","Support\Software\DirectX\Nov2008_X3DAudio_x86.cab",21851,21851,21851,0
"B9C068ECF7F44B8B3A249A08CFCCDFA9046133B2","Support\Software\DirectX\Nov2008_XACT_x64.cab",121794,121794,121794,0
"B9C068ECF7F44B8B3A249A08CFCCDFA9046133B2","Support\Software\DirectX\Nov2008_XACT_x86.cab",92684,92684,92684,0
"B9C068ECF7F44B8B3A249A08CFCCDFA9046133B2","Support\Software\DirectX\Nov2008_XAudio_x64.cab",273960,273960,273960,0
"B9C068ECF7F44B8B3A249A08CFCCDFA9046133B2","Support\Software\DirectX\Nov2008_XAudio_x86.cab",272611,272611,272611,0
"B9C068ECF7F44B8B3A249A08CFCCDFA9046133B2","Support\Software\DirectX\Oct2005_xinput_x64.cab",86037,86037,86037,0
"B9C068ECF7F44B8B3A249A08CFCCDFA9046133B2","Support\Software\DirectX\Oct2005_xinput_x86.cab",45359,45359,45359,0
"B9C068ECF7F44B8B3A249A08CFCCDFA9046133B2","Support\Software\DirectX\OCT2006_d3dx9_31_x64.cab",1412902,1412902,1412902,0
"B9C068ECF7F44B8B3A249A08CFCCDFA9046133B2","Support\Software\DirectX\OCT2006_d3dx9_31_x86.cab",1127217,1127217,1127217,0
"B9C068ECF7F44B8B3A249A08CFCCDFA9046133B2","Support\Software\DirectX\OCT2006_XACT_x64.cab",182361,182361,182361,0
"B9C068ECF7F44B8B3A249A08CFCCDFA9046133B2","Support\Software\DirectX\OCT2006_XACT_x86.cab",138017,138017,138017,0
"B9C068ECF7F44B8B3A249A08CFCCDFA9046133B2","Support\Software\GameLauncher\UplayInstaller.exe",59607392,59607392,59607392,0
"B9C068ECF7F44B8B3A249A08CFCCDFA9046133B2","Support\Software\Tools\uplay_string.exe",42712,42712,42712,0
"B9C068ECF7F44B8B3A249A08CFCCDFA9046133B2","Support\Software\VCRedist\vcredist_x64_2012.exe",7186992,7186992,7186992,0
"B9C068ECF7F44B8B3A249A08CFCCDFA9046133B2","Support\Software\VCRedist\vcredist_x86_sp1.exe",4995416,4995416,4995416,0
"B9C068ECF7F44B8B3A249A08CFCCDFA9046133B2","videos\br\warning_disclaimer.bik",54324,54324,54324,0
"B9C068ECF7F44B8B3A249A08CFCCDFA9046133B2","videos\de\warning_disclaimer.bik",52972,52972,52972,0
"B9C068ECF7F44B8B3A249A08CFCCDFA9046133B2","videos\du\warning_disclaimer.bik",53368,53368,53368,0
"B9C068ECF7F44B8B3A249A08CFCCDFA9046133B2","videos\en\warning_disclaimer.bik",53684,53684,53684,0
"B9C068ECF7F44B8B3A249A08CFCCDFA9046133B2","videos\fr\warning_disclaimer.bik",53756,53756,53756,0
"B9C068ECF7F44B8B3A249A08CFCCDFA9046133B2","videos\it\warning_disclaimer.bik",54720,54720,54720,0
"B9C068ECF7F44B8B3A249A08CFCCDFA9046133B2","videos\jp\warning_disclaimer.bik",52948,52948,52948,0
"B9C068ECF7F44B8B3A249A08CFCCDFA9046133B2","videos\mx\warning_disclaimer.bik",64644,64644,64644,0
"B9C068ECF7F44B8B3A249A08CFCCDFA9046133B2","videos\pl\warning_disclaimer.bik",54256,54256,54256,0
"B9C068ECF7F44B8B3A249A08CFCCDFA9046133B2","videos\sp\warning_disclaimer.bik",54408,54408,54408,0
"B9C068ECF7F44B8B3A249A08CFCCDFA9046133B2","videos\secretfiles\Al_Mualim.bik",134028164,134028164,134028164,0
"B9C068ECF7F44B8B3A249A08CFCCDFA9046133B2","videos\secretfiles\Baptiste.bik",130749668,130749668,130749668,0
"B9C068ECF7F44B8B3A249A08CFCCDFA9046133B2","videos\secretfiles\Cross.bik",138167420,138167420,138167420,0
"B9C068ECF7F44B8B3A249A08CFCCDFA9046133B2","videos\secretfiles\Kenway.bik",129107980,129107980,129107980,0
"B9C068ECF7F44B8B3A249A08CFCCDFA9046133B2","videos\secretfiles\Walpole.bik",98265740,98265740,98265740,0
"B9C068ECF7F44B8B3A249A08CFCCDFA9046133B2","videos\p04_m10_sc060_cin_assassinpanic.bik",81716696,81716696,81716696,0
"B9C068ECF7F44B8B3A249A08CFCCDFA9046133B2","videos\sp_loadexec.bik",8007636,8007636,8007636,0
"B9C068ECF7F44B8B3A249A08CFCCDFA9046133B2","videos\ubi_logo.bik",4116012,4116012,4116012,0
"B9C068ECF7F44B8B3A249A08CFCCDFA9046133B2","videos\abstergo_logo.bik",1588228,1588228,1588228,0
"B9C068ECF7F44B8B3A249A08CFCCDFA9046133B2","videos\acr_logo.bik",7746956,7746956,7746956,0
"B9C068ECF7F44B8B3A249A08CFCCDFA9046133B2","videos\attract2.bik",145068680,145068680,145068680,0
"B9C068ECF7F44B8B3A249A08CFCCDFA9046133B2","dlc_3\DataPC_3_dlc.forge",1966080,1966080,1966080,0
"B9C068ECF7F44B8B3A249A08CFCCDFA9046133B2","dlc_4\DataPC_4_dlc.forge",1966080,1966080,1966080,0
"B9C068ECF7F44B8B3A249A08CFCCDFA9046133B2","dlc_5\DataPC_5_dlc.forge",1966080,1966080,1966080,0
"B9C068ECF7F44B8B3A249A08CFCCDFA9046133B2","dlc_6\DataPC_6_dlc.forge",1966080,1966080,1966080,0
"B9C068ECF7F44B8B3A249A08CFCCDFA9046133B2","DataPC_patch.forge",19038208,19038208,19038208,0
